{
    "parent": "item/generated",
    "textures": {
        "layer0": "item/cod"
    },
		  "overrides": [
		{ "predicate": { "custom_model_data": 1},"model": "item/pez/1" },
		{ "predicate": { "custom_model_data": 2},"model": "item/pez/2" },
		{ "predicate": { "custom_model_data": 3},"model": "item/pez/3" },
		{ "predicate": { "custom_model_data": 4},"model": "item/pez/4" },
		{ "predicate": { "custom_model_data": 5},"model": "item/pez/5" },
		{ "predicate": { "custom_model_data": 6},"model": "item/pez/6" },
		{ "predicate": { "custom_model_data": 7},"model": "item/pez/7" },
		{ "predicate": { "custom_model_data": 8},"model": "item/pez/8" },
		{ "predicate": { "custom_model_data": 9},"model": "item/pez/9" }

  ]
}
