{
    "parent": "item/generated",
    "textures": {
        "layer0": "item/iron_ingot"
    },
		  "overrides": [
		{ "predicate": { "custom_model_data": 1},"model": "item/netherite_ingot" },
		{ "predicate": { "custom_model_data": 2},"model": "item/cascara" },
		{ "predicate": { "custom_model_data": 3},"model": "item/cascara_fortalecida" },
		{ "predicate": { "custom_model_data": 4},"model": "item/netherite_scrap" },
		{ "predicate": { "custom_model_data": 5},"model": "item/lagrima" }
		{ "predicate": { "custom_model_data": 6},"model": "item/magmato" }
		
		
  ]
}
