{
	"__comment": "Designed by grand_gibus",
	"textures": {
		"texture": "item/hats/sootballbody",
		"eyes": "item/hats/eyes",
		"sootball": "item/hats/sootballhair"
	},
	"elements": [ 	 
		{
			"__comment": "Sphere",
			"from": [ 0, 6, 4 ],
			"to": [ 16, 10, 12 ],
			"faces": {
				"down": { "uv": [ 16, 12, 0, 4 ], "texture": "#texture" },
				"up": { "uv": [ 0, 4, 16, 12 ], "texture": "#texture" },
				"north": { "uv": [ 0, 6, 16, 10 ], "texture": "#texture" },
				"south": { "uv": [ 0, 6, 16, 10 ], "texture": "#texture" },
				"west": { "uv": [ 4, 6, 12, 10 ], "texture": "#texture" },
				"east": { "uv": [ 4, 6, 12, 10 ], "texture": "#texture" }
			}
		},
		{
			"__comment": "Sphere",
			"from": [ 0, 5, 5 ],
			"to": [ 16, 6, 11 ],
			"faces": {
				"down": { "uv": [ 16, 11, 0, 5 ], "texture": "#texture" },
				"north": { "uv": [ 0, 10, 16, 11 ], "texture": "#texture" },
				"south": { "uv": [ 0, 10, 16, 11 ], "texture": "#texture" },
				"west": { "uv": [ 5, 10, 11, 11 ], "texture": "#texture" },
				"east": { "uv": [ 5, 10, 11, 11 ], "texture": "#texture" }
			}
		},
		{
			"__comment": "Sphere",
			"from": [ 0, 10, 5 ],
			"to": [ 16, 11, 11 ],
			"faces": {
				"up": { "uv": [ 0, 5, 16, 11 ], "texture": "#texture" },
				"north": { "uv": [ 0, 5, 16, 6 ], "texture": "#texture" },
				"south": { "uv": [ 0, 5, 16, 6 ], "texture": "#texture" },
				"west": { "uv": [ 5, 5, 11, 6 ], "texture": "#texture" },
				"east": { "uv": [ 5, 5, 11, 6 ], "texture": "#texture" }
			}
		},
		{
			"__comment": "Sphere",
			"from": [ 0, 4, 6 ],
			"to": [ 16, 5, 10 ],
			"faces": {
				"down": { "uv": [ 16, 10, 0, 6 ], "texture": "#texture" },
				"north": { "uv": [ 0, 11, 16, 12 ], "texture": "#texture" },
				"south": { "uv": [ 0, 11, 16, 12 ], "texture": "#texture" },
				"west": { "uv": [ 6, 11, 10, 12 ], "texture": "#texture" },
				"east": { "uv": [ 6, 11, 10, 12 ], "texture": "#texture" }
			}
		},
		{
			"__comment": "Sphere",
			"from": [ 0, 11, 6 ],
			"to": [ 16, 12, 10 ],
			"faces": {
				"up": { "uv": [ 0, 6, 16, 10 ], "texture": "#texture" },
				"north": { "uv": [ 0, 4, 16, 5 ], "texture": "#texture" },
				"south": { "uv": [ 0, 4, 16, 5 ], "texture": "#texture" },
				"west": { "uv": [ 6, 4, 10, 5 ], "texture": "#texture" },
				"east": { "uv": [ 6, 4, 10, 5 ], "texture": "#texture" }
			}
		},
		{
			"__comment": "Sphere",
			"from": [ 1, 7, 2 ],
			"to": [ 15, 9, 4 ],
			"faces": {
				"down": { "uv": [ 15, 4, 1, 2 ], "texture": "#texture" },
				"up": { "uv": [ 1, 2, 15, 4 ], "texture": "#texture" },
				"north": { "uv": [ 1, 7, 15, 9 ], "texture": "#texture" },
				"west": { "uv": [ 2, 7, 4, 9 ], "texture": "#texture" },
				"east": { "uv": [ 12, 7, 14, 9 ], "texture": "#texture" }
			}
		},
		{
			"__comment": "Sphere",
			"from": [ 1, 4, 3 ],
			"to": [ 15, 5, 6 ],
			"faces": {
				"down": { "uv": [ 15, 6, 1, 3 ], "texture": "#texture" },
				"up": { "uv": [ 1, 3, 15, 6 ], "texture": "#texture" },
				"north": { "uv": [ 1, 11, 15, 12 ], "texture": "#texture" },
				"west": { "uv": [ 3, 11, 6, 12 ], "texture": "#texture" },
				"east": { "uv": [ 10, 11, 13, 12 ], "texture": "#texture" }
			}
		},
		{
			"__comment": "Sphere",
			"from": [ 1, 5, 3 ],
			"to": [ 15, 6, 5 ],
			"faces": {
				"up": { "uv": [ 1, 3, 15, 5 ], "texture": "#texture" },
				"north": { "uv": [ 1, 10, 15, 11 ], "texture": "#texture" },
				"west": { "uv": [ 3, 10, 5, 11 ], "texture": "#texture" },
				"east": { "uv": [ 11, 10, 13, 11 ], "texture": "#texture" }
			}
		},
		{
			"__comment": "Sphere",
			"from": [ 1, 6, 3 ],
			"to": [ 15, 7, 4 ],
			"faces": {
				"north": { "uv": [ 1, 9, 15, 10 ], "texture": "#texture" },
				"west": { "uv": [ 3, 9, 4, 10 ], "texture": "#texture" },
				"east": { "uv": [ 12, 9, 13, 10 ], "texture": "#texture" }
			}
		},
		{
			"__comment": "Sphere",
			"from": [ 1, 9, 3 ],
			"to": [ 15, 12, 4 ],
			"faces": {
				"up": { "uv": [ 1, 3, 15, 4 ], "texture": "#texture" },
				"north": { "uv": [ 1, 4, 15, 7 ], "texture": "#texture" },
				"south": { "uv": [ 1, 4, 15, 7 ], "texture": "#texture" },
				"west": { "uv": [ 3, 4, 4, 7 ], "texture": "#texture" },
				"east": { "uv": [ 12, 4, 13, 7 ], "texture": "#texture" }
			}
		},
		{
			"__comment": "Sphere",
			"from": [ 1, 3, 4 ],
			"to": [ 15, 4, 12 ],
			"faces": {
				"down": { "uv": [ 15, 12, 1, 4 ], "texture": "#texture" },
				"up": { "uv": [ 1, 4, 15, 12 ], "texture": "#texture" },
				"north": { "uv": [ 1, 12, 15, 13 ], "texture": "#texture" },
				"south": { "uv": [ 1, 12, 15, 13 ], "texture": "#texture" },
				"west": { "uv": [ 4, 12, 12, 13 ], "texture": "#texture" },
				"east": { "uv": [ 4, 12, 12, 13 ], "texture": "#texture" }
			}
		},
		{
			"__comment": "Sphere",
			"from": [ 1, 10, 4 ],
			"to": [ 15, 13, 5 ],
			"faces": {
				"up": { "uv": [ 1, 4, 15, 5 ], "texture": "#texture" },
				"north": { "uv": [ 1, 3, 15, 6 ], "texture": "#texture" },
				"south": { "uv": [ 1, 3, 15, 6 ], "texture": "#texture" },
				"west": { "uv": [ 4, 3, 5, 6 ], "texture": "#texture" },
				"east": { "uv": [ 11, 3, 12, 6 ], "texture": "#texture" }
			}
		},
		{
			"__comment": "Sphere",
			"from": [ 1, 11, 5 ],
			"to": [ 15, 13, 6 ],
			"faces": {
				"up": { "uv": [ 1, 5, 15, 6 ], "texture": "#texture" },
				"south": { "uv": [ 1, 3, 15, 5 ], "texture": "#texture" },
				"west": { "uv": [ 5, 3, 6, 5 ], "texture": "#texture" },
				"east": { "uv": [ 10, 3, 11, 5 ], "texture": "#texture" }
			}
		},
		{
			"__comment": "Sphere",
			"from": [ 1, 12, 6 ],
			"to": [ 15, 13, 12 ],
			"faces": {
				"down": { "uv": [ 15, 12, 1, 6 ], "texture": "#texture" },
				"up": { "uv": [ 1, 6, 15, 12 ], "texture": "#texture" },
				"south": { "uv": [ 1, 3, 15, 4 ], "texture": "#texture" },
				"west": { "uv": [ 6, 3, 12, 4 ], "texture": "#texture" },
				"east": { "uv": [ 4, 3, 10, 4 ], "texture": "#texture" }
			}
		},
		{
			"__comment": "Sphere",
			"from": [ 1, 2, 7 ],
			"to": [ 15, 3, 9 ],
			"faces": {
				"down": { "uv": [ 15, 9, 1, 7 ], "texture": "#texture" },
				"north": { "uv": [ 1, 13, 15, 14 ], "texture": "#texture" },
				"south": { "uv": [ 1, 13, 15, 14 ], "texture": "#texture" },
				"west": { "uv": [ 7, 13, 9, 14 ], "texture": "#texture" },
				"east": { "uv": [ 7, 13, 9, 14 ], "texture": "#texture" }
			}
		},
		{
			"__comment": "Sphere",
			"from": [ 1, 13, 7 ],
			"to": [ 15, 14, 9 ],
			"faces": {
				"up": { "uv": [ 1, 7, 15, 9 ], "texture": "#texture" },
				"north": { "uv": [ 1, 2, 15, 3 ], "texture": "#texture" },
				"south": { "uv": [ 1, 2, 15, 3 ], "texture": "#texture" },
				"west": { "uv": [ 7, 2, 9, 3 ], "texture": "#texture" },
				"east": { "uv": [ 7, 2, 9, 3 ], "texture": "#texture" }
			}
		},
		{
			"__comment": "Sphere",
			"from": [ 1, 4, 10 ],
			"to": [ 15, 5, 13 ],
			"faces": {
				"down": { "uv": [ 15, 13, 1, 10 ], "texture": "#texture" },
				"up": { "uv": [ 1, 10, 15, 13 ], "texture": "#texture" },
				"south": { "uv": [ 1, 11, 15, 12 ], "texture": "#texture" },
				"west": { "uv": [ 10, 11, 13, 12 ], "texture": "#texture" },
				"east": { "uv": [ 3, 11, 6, 12 ], "texture": "#texture" }
			}
		},
		{
			"__comment": "Sphere",
			"from": [ 1, 11, 10 ],
			"to": [ 15, 12, 13 ],
			"faces": {
				"down": { "uv": [ 15, 13, 1, 10 ], "texture": "#texture" },
				"up": { "uv": [ 1, 10, 15, 13 ], "texture": "#texture" },
				"south": { "uv": [ 1, 4, 15, 5 ], "texture": "#texture" },
				"west": { "uv": [ 10, 4, 13, 5 ], "texture": "#texture" },
				"east": { "uv": [ 3, 4, 6, 5 ], "texture": "#texture" }
			}
		},
		{
			"__comment": "Sphere",
			"from": [ 1, 5, 11 ],
			"to": [ 15, 6, 13 ],
			"faces": {
				"up": { "uv": [ 1, 11, 15, 13 ], "texture": "#texture" },
				"south": { "uv": [ 1, 10, 15, 11 ], "texture": "#texture" },
				"west": { "uv": [ 11, 10, 13, 11 ], "texture": "#texture" },
				"east": { "uv": [ 3, 10, 5, 11 ], "texture": "#texture" }
			}
		},
		{
			"__comment": "Sphere",
			"from": [ 1, 10, 11 ],
			"to": [ 15, 11, 13 ],
			"faces": {
				"down": { "uv": [ 15, 13, 1, 11 ], "texture": "#texture" },
				"south": { "uv": [ 1, 5, 15, 6 ], "texture": "#texture" },
				"west": { "uv": [ 11, 5, 13, 6 ], "texture": "#texture" },
				"east": { "uv": [ 3, 5, 5, 6 ], "texture": "#texture" }
			}
		},
		{
			"__comment": "Sphere",
			"from": [ 1, 6, 12 ],
			"to": [ 15, 10, 13 ],
			"faces": {
				"south": { "uv": [ 1, 6, 15, 10 ], "texture": "#texture" },
				"west": { "uv": [ 12, 6, 13, 10 ], "texture": "#texture" },
				"east": { "uv": [ 3, 6, 4, 10 ], "texture": "#texture" }
			}
		},
		{
			"__comment": "Sphere",
			"from": [ 1, 7, 13 ],
			"to": [ 15, 9, 14 ],
			"faces": {
				"down": { "uv": [ 15, 14, 1, 13 ], "texture": "#texture" },
				"up": { "uv": [ 1, 13, 15, 14 ], "texture": "#texture" },
				"south": { "uv": [ 1, 7, 15, 9 ], "texture": "#texture" },
				"west": { "uv": [ 13, 7, 14, 9 ], "texture": "#texture" },
				"east": { "uv": [ 2, 7, 3, 9 ], "texture": "#texture" }
			}
		},
		{
			"__comment": "Sphere",
			"from": [ 2, 7, 1 ],
			"to": [ 14, 9, 2 ],
			"faces": {
				"down": { "uv": [ 14, 2, 2, 1 ], "texture": "#texture" },
				"up": { "uv": [ 2, 1, 14, 2 ], "texture": "#texture" },
				"north": { "uv": [ 2, 7, 14, 9 ], "texture": "#texture" },
				"west": { "uv": [ 1, 7, 2, 9 ], "texture": "#texture" },
				"east": { "uv": [ 14, 7, 15, 9 ], "texture": "#texture" }
			}
		},
		{
			"__comment": "Sphere",
			"from": [ 2, 4, 2 ],
			"to": [ 14, 7, 3 ],
			"faces": {
				"down": { "uv": [ 14, 3, 2, 2 ], "texture": "#texture" },
				"north": { "uv": [ 2, 9, 14, 12 ], "texture": "#texture" },
				"south": { "uv": [ 2, 9, 14, 12 ], "texture": "#texture" },
				"west": { "uv": [ 2, 9, 3, 12 ], "texture": "#texture" },
				"east": { "uv": [ 13, 9, 14, 12 ], "texture": "#texture" }
			}
		},
		{
			"__comment": "Sphere",
			"from": [ 2, 9, 2 ],
			"to": [ 14, 12, 3 ],
			"faces": {
				"up": { "uv": [ 2, 2, 14, 3 ], "texture": "#texture" },
				"north": { "uv": [ 2, 4, 14, 7 ], "texture": "#texture" },
				"west": { "uv": [ 2, 4, 3, 7 ], "texture": "#texture" },
				"east": { "uv": [ 13, 4, 14, 7 ], "texture": "#texture" }
			}
		},
		{
			"__comment": "Sphere",
			"from": [ 2, 3, 3 ],
			"to": [ 14, 4, 4 ],
			"faces": {
				"down": { "uv": [ 14, 4, 2, 3 ], "texture": "#texture" },
				"north": { "uv": [ 2, 12, 14, 13 ], "texture": "#texture" },
				"west": { "uv": [ 3, 12, 4, 13 ], "texture": "#texture" },
				"east": { "uv": [ 12, 12, 13, 13 ], "texture": "#texture" }
			}
		},
		{
			"__comment": "Sphere",
			"from": [ 2, 12, 3 ],
			"to": [ 14, 13, 4 ],
			"faces": {
				"up": { "uv": [ 2, 3, 14, 4 ], "texture": "#texture" },
				"north": { "uv": [ 2, 3, 14, 4 ], "texture": "#texture" },
				"west": { "uv": [ 3, 3, 4, 4 ], "texture": "#texture" },
				"east": { "uv": [ 12, 3, 13, 4 ], "texture": "#texture" }
			}
		},
		{
			"__comment": "Sphere",
			"from": [ 2, 2, 4 ],
			"to": [ 14, 3, 7 ],
			"faces": {
				"down": { "uv": [ 14, 7, 2, 4 ], "texture": "#texture" },
				"north": { "uv": [ 2, 13, 14, 14 ], "texture": "#texture" },
				"west": { "uv": [ 4, 13, 7, 14 ], "texture": "#texture" },
				"east": { "uv": [ 9, 13, 12, 14 ], "texture": "#texture" }
			}
		},
		{
			"__comment": "Sphere",
			"from": [ 2, 13, 4 ],
			"to": [ 14, 14, 7 ],
			"faces": {
				"down": { "uv": [ 14, 7, 2, 4 ], "texture": "#texture" },
				"up": { "uv": [ 2, 4, 14, 7 ], "texture": "#texture" },
				"north": { "uv": [ 2, 2, 14, 3 ], "texture": "#texture" },
				"west": { "uv": [ 4, 2, 7, 3 ], "texture": "#texture" },
				"east": { "uv": [ 9, 2, 12, 3 ], "texture": "#texture" }
			}
		},
		{
			"__comment": "Sphere",
			"from": [ 2, 1, 7 ],
			"to": [ 14, 2, 9 ],
			"faces": {
				"down": { "uv": [ 14, 9, 2, 7 ], "texture": "#texture" },
				"north": { "uv": [ 2, 14, 14, 15 ], "texture": "#texture" },
				"south": { "uv": [ 2, 14, 14, 15 ], "texture": "#texture" },
				"west": { "uv": [ 7, 14, 9, 15 ], "texture": "#texture" },
				"east": { "uv": [ 7, 14, 9, 15 ], "texture": "#texture" }
			}
		},
		{
			"__comment": "Sphere",
			"from": [ 2, 14, 7 ],
			"to": [ 14, 15, 9 ],
			"faces": {
				"up": { "uv": [ 2, 7, 14, 9 ], "texture": "#texture" },
				"north": { "uv": [ 2, 1, 14, 2 ], "texture": "#texture" },
				"south": { "uv": [ 2, 1, 14, 2 ], "texture": "#texture" },
				"west": { "uv": [ 7, 1, 9, 2 ], "texture": "#texture" },
				"east": { "uv": [ 7, 1, 9, 2 ], "texture": "#texture" }
			}
		},
		{
			"__comment": "Sphere",
			"from": [ 2, 2, 9 ],
			"to": [ 14, 3, 12 ],
			"faces": {
				"down": { "uv": [ 14, 12, 2, 9 ], "texture": "#texture" },
				"south": { "uv": [ 2, 13, 14, 14 ], "texture": "#texture" },
				"west": { "uv": [ 9, 13, 12, 14 ], "texture": "#texture" },
				"east": { "uv": [ 4, 13, 7, 14 ], "texture": "#texture" }
			}
		},
		{
			"__comment": "Sphere",
			"from": [ 2, 13, 9 ],
			"to": [ 14, 14, 12 ],
			"faces": {
				"up": { "uv": [ 2, 9, 14, 12 ], "texture": "#texture" },
				"south": { "uv": [ 2, 2, 14, 3 ], "texture": "#texture" },
				"west": { "uv": [ 9, 2, 12, 3 ], "texture": "#texture" },
				"east": { "uv": [ 4, 2, 7, 3 ], "texture": "#texture" }
			}
		},
		{
			"__comment": "Sphere",
			"from": [ 2, 3, 12 ],
			"to": [ 14, 4, 13 ],
			"faces": {
				"down": { "uv": [ 14, 13, 2, 12 ], "texture": "#texture" },
				"south": { "uv": [ 2, 12, 14, 13 ], "texture": "#texture" },
				"west": { "uv": [ 12, 12, 13, 13 ], "texture": "#texture" },
				"east": { "uv": [ 3, 12, 4, 13 ], "texture": "#texture" }
			}
		},
		{
			"__comment": "Sphere",
			"from": [ 2, 12, 12 ],
			"to": [ 14, 13, 13 ],
			"faces": {
				"up": { "uv": [ 2, 12, 14, 13 ], "texture": "#texture" },
				"south": { "uv": [ 2, 3, 14, 4 ], "texture": "#texture" },
				"west": { "uv": [ 12, 3, 13, 4 ], "texture": "#texture" },
				"east": { "uv": [ 3, 3, 4, 4 ], "texture": "#texture" }
			}
		},
		{
			"__comment": "Sphere",
			"from": [ 2, 4, 13 ],
			"to": [ 14, 7, 14 ],
			"faces": {
				"down": { "uv": [ 14, 14, 2, 13 ], "texture": "#texture" },
				"north": { "uv": [ 2, 9, 14, 12 ], "texture": "#texture" },
				"south": { "uv": [ 2, 9, 14, 12 ], "texture": "#texture" },
				"west": { "uv": [ 13, 9, 14, 12 ], "texture": "#texture" },
				"east": { "uv": [ 2, 9, 3, 12 ], "texture": "#texture" }
			}
		},
		{
			"__comment": "Sphere",
			"from": [ 2, 9, 13 ],
			"to": [ 14, 12, 14 ],
			"faces": {
				"up": { "uv": [ 2, 13, 14, 14 ], "texture": "#texture" },
				"north": { "uv": [ 2, 4, 14, 7 ], "texture": "#texture" },
				"south": { "uv": [ 2, 4, 14, 7 ], "texture": "#texture" },
				"west": { "uv": [ 13, 4, 14, 7 ], "texture": "#texture" },
				"east": { "uv": [ 2, 4, 3, 7 ], "texture": "#texture" }
			}
		},
		{
			"__comment": "Sphere",
			"from": [ 2, 7, 14 ],
			"to": [ 14, 9, 15 ],
			"faces": {
				"down": { "uv": [ 14, 15, 2, 14 ], "texture": "#texture" },
				"up": { "uv": [ 2, 14, 14, 15 ], "texture": "#texture" },
				"south": { "uv": [ 2, 7, 14, 9 ], "texture": "#texture" },
				"west": { "uv": [ 14, 7, 15, 9 ], "texture": "#texture" },
				"east": { "uv": [ 1, 7, 2, 9 ], "texture": "#texture" }
			}
		},
		{
			"__comment": "Sphere",
			"from": [ 3, 4, 1 ],
			"to": [ 13, 7, 2 ],
			"faces": {
				"down": { "uv": [ 13, 2, 3, 1 ], "texture": "#texture" },
				"north": { "uv": [ 3, 9, 13, 12 ], "texture": "#texture" },
				"west": { "uv": [ 1, 9, 2, 12 ], "texture": "#texture" },
				"east": { "uv": [ 14, 9, 15, 12 ], "texture": "#texture" }
			}
		},
		{
			"__comment": "Sphere",
			"from": [ 3, 9, 1 ],
			"to": [ 13, 12, 2 ],
			"faces": {
				"up": { "uv": [ 3, 1, 13, 2 ], "texture": "#texture" },
				"north": { "uv": [ 3, 4, 13, 7 ], "texture": "#texture" },
				"west": { "uv": [ 1, 4, 2, 7 ], "texture": "#texture" },
				"east": { "uv": [ 14, 4, 15, 7 ], "texture": "#texture" }
			}
		},
		{
			"__comment": "Sphere",
			"from": [ 3, 3, 2 ],
			"to": [ 13, 4, 3 ],
			"faces": {
				"down": { "uv": [ 13, 3, 3, 2 ], "texture": "#texture" },
				"north": { "uv": [ 3, 12, 13, 13 ], "texture": "#texture" },
				"west": { "uv": [ 2, 12, 3, 13 ], "texture": "#texture" },
				"east": { "uv": [ 13, 12, 14, 13 ], "texture": "#texture" }
			}
		},
		{
			"__comment": "Sphere",
			"from": [ 3, 12, 2 ],
			"to": [ 13, 13, 3 ],
			"faces": {
				"up": { "uv": [ 3, 2, 13, 3 ], "texture": "#texture" },
				"north": { "uv": [ 3, 3, 13, 4 ], "texture": "#texture" },
				"west": { "uv": [ 2, 3, 3, 4 ], "texture": "#texture" },
				"east": { "uv": [ 13, 3, 14, 4 ], "texture": "#texture" }
			}
		},
		{
			"__comment": "Sphere",
			"from": [ 3, 2, 3 ],
			"to": [ 13, 3, 4 ],
			"faces": {
				"down": { "uv": [ 13, 4, 3, 3 ], "texture": "#texture" },
				"north": { "uv": [ 3, 13, 13, 14 ], "texture": "#texture" },
				"west": { "uv": [ 3, 13, 4, 14 ], "texture": "#texture" },
				"east": { "uv": [ 12, 13, 13, 14 ], "texture": "#texture" }
			}
		},
		{
			"__comment": "Sphere",
			"from": [ 3, 13, 3 ],
			"to": [ 13, 14, 4 ],
			"faces": {
				"up": { "uv": [ 3, 3, 13, 4 ], "texture": "#texture" },
				"north": { "uv": [ 3, 2, 13, 3 ], "texture": "#texture" },
				"west": { "uv": [ 3, 2, 4, 3 ], "texture": "#texture" },
				"east": { "uv": [ 12, 2, 13, 3 ], "texture": "#texture" }
			}
		},
		{
			"__comment": "Sphere",
			"from": [ 3, 1, 4 ],
			"to": [ 13, 2, 7 ],
			"faces": {
				"down": { "uv": [ 13, 7, 3, 4 ], "texture": "#texture" },
				"north": { "uv": [ 3, 14, 13, 15 ], "texture": "#texture" },
				"west": { "uv": [ 4, 14, 7, 15 ], "texture": "#texture" },
				"east": { "uv": [ 9, 14, 12, 15 ], "texture": "#texture" }
			}
		},
		{
			"__comment": "Sphere",
			"from": [ 3, 14, 4 ],
			"to": [ 13, 15, 7 ],
			"faces": {
				"up": { "uv": [ 3, 4, 13, 7 ], "texture": "#texture" },
				"north": { "uv": [ 3, 1, 13, 2 ], "texture": "#texture" },
				"west": { "uv": [ 4, 1, 7, 2 ], "texture": "#texture" },
				"east": { "uv": [ 9, 1, 12, 2 ], "texture": "#texture" }
			}
		},
		{
			"__comment": "Sphere",
			"from": [ 3, 1, 9 ],
			"to": [ 13, 2, 12 ],
			"faces": {
				"down": { "uv": [ 13, 12, 3, 9 ], "texture": "#texture" },
				"south": { "uv": [ 3, 14, 13, 15 ], "texture": "#texture" },
				"west": { "uv": [ 9, 14, 12, 15 ], "texture": "#texture" },
				"east": { "uv": [ 4, 14, 7, 15 ], "texture": "#texture" }
			}
		},
		{
			"__comment": "Sphere",
			"from": [ 3, 14, 9 ],
			"to": [ 13, 15, 12 ],
			"faces": {
				"up": { "uv": [ 3, 9, 13, 12 ], "texture": "#texture" },
				"south": { "uv": [ 3, 1, 13, 2 ], "texture": "#texture" },
				"west": { "uv": [ 9, 1, 12, 2 ], "texture": "#texture" },
				"east": { "uv": [ 4, 1, 7, 2 ], "texture": "#texture" }
			}
		},
		{
			"__comment": "Sphere",
			"from": [ 3, 2, 12 ],
			"to": [ 13, 3, 13 ],
			"faces": {
				"down": { "uv": [ 13, 13, 3, 12 ], "texture": "#texture" },
				"south": { "uv": [ 3, 13, 13, 14 ], "texture": "#texture" },
				"west": { "uv": [ 12, 13, 13, 14 ], "texture": "#texture" },
				"east": { "uv": [ 3, 13, 4, 14 ], "texture": "#texture" }
			}
		},
		{
			"__comment": "Sphere",
			"from": [ 3, 13, 12 ],
			"to": [ 13, 14, 13 ],
			"faces": {
				"up": { "uv": [ 3, 12, 13, 13 ], "texture": "#texture" },
				"south": { "uv": [ 3, 2, 13, 3 ], "texture": "#texture" },
				"west": { "uv": [ 12, 2, 13, 3 ], "texture": "#texture" },
				"east": { "uv": [ 3, 2, 4, 3 ], "texture": "#texture" }
			}
		},
		{
			"__comment": "Sphere",
			"from": [ 3, 3, 13 ],
			"to": [ 13, 4, 14 ],
			"faces": {
				"down": { "uv": [ 13, 14, 3, 13 ], "texture": "#texture" },
				"south": { "uv": [ 3, 12, 13, 13 ], "texture": "#texture" },
				"west": { "uv": [ 13, 12, 14, 13 ], "texture": "#texture" },
				"east": { "uv": [ 2, 12, 3, 13 ], "texture": "#texture" }
			}
		},
		{
			"__comment": "Sphere",
			"from": [ 3, 12, 13 ],
			"to": [ 13, 13, 14 ],
			"faces": {
				"up": { "uv": [ 3, 13, 13, 14 ], "texture": "#texture" },
				"south": { "uv": [ 3, 3, 13, 4 ], "texture": "#texture" },
				"west": { "uv": [ 13, 3, 14, 4 ], "texture": "#texture" },
				"east": { "uv": [ 2, 3, 3, 4 ], "texture": "#texture" }
			}
		},
		{
			"__comment": "Sphere",
			"from": [ 3, 4, 14 ],
			"to": [ 13, 7, 15 ],
			"faces": {
				"down": { "uv": [ 13, 15, 3, 14 ], "texture": "#texture" },
				"south": { "uv": [ 3, 9, 13, 12 ], "texture": "#texture" },
				"west": { "uv": [ 14, 9, 15, 12 ], "texture": "#texture" },
				"east": { "uv": [ 1, 9, 2, 12 ], "texture": "#texture" }
			}
		},
		{
			"__comment": "Sphere",
			"from": [ 3, 9, 14 ],
			"to": [ 13, 12, 15 ],
			"faces": {
				"up": { "uv": [ 3, 14, 13, 15 ], "texture": "#texture" },
				"south": { "uv": [ 3, 4, 13, 7 ], "texture": "#texture" },
				"west": { "uv": [ 14, 4, 15, 7 ], "texture": "#texture" },
				"east": { "uv": [ 1, 4, 2, 7 ], "texture": "#texture" }
			}
		},
		{
			"__comment": "Sphere",
			"from": [ 4, 6, 0 ],
			"to": [ 12, 10, 1 ],
			"faces": {
				"down": { "uv": [ 12, 1, 4, 0 ], "texture": "#texture" },
				"up": { "uv": [ 4, 0, 12, 1 ], "texture": "#texture" },
				"north": { "uv": [ 4, 6, 12, 10 ], "texture": "#texture" },
				"south": { "uv": [ 4, 6, 12, 10 ], "texture": "#texture" },
				"west": { "uv": [ 0, 6, 1, 10 ], "texture": "#texture" },
				"east": { "uv": [ 15, 6, 16, 10 ], "texture": "#texture" }
			}
		},
		{
			"__comment": "Sphere",
			"from": [ 4, 3, 1 ],
			"to": [ 12, 4, 2 ],
			"faces": {
				"down": { "uv": [ 12, 2, 4, 1 ], "texture": "#texture" },
				"north": { "uv": [ 4, 12, 12, 13 ], "texture": "#texture" },
				"west": { "uv": [ 1, 12, 2, 13 ], "texture": "#texture" },
				"east": { "uv": [ 14, 12, 15, 13 ], "texture": "#texture" }
			}
		},
		{
			"__comment": "Sphere",
			"from": [ 4, 12, 1 ],
			"to": [ 12, 13, 2 ],
			"faces": {
				"up": { "uv": [ 4, 1, 12, 2 ], "texture": "#texture" },
				"north": { "uv": [ 4, 3, 12, 4 ], "texture": "#texture" },
				"west": { "uv": [ 1, 3, 2, 4 ], "texture": "#texture" },
				"east": { "uv": [ 14, 3, 15, 4 ], "texture": "#texture" }
			}
		},
		{
			"__comment": "Sphere",
			"from": [ 4, 2, 2 ],
			"to": [ 12, 3, 3 ],
			"faces": {
				"down": { "uv": [ 12, 3, 4, 2 ], "texture": "#texture" },
				"north": { "uv": [ 4, 13, 12, 14 ], "texture": "#texture" },
				"west": { "uv": [ 2, 13, 3, 14 ], "texture": "#texture" },
				"east": { "uv": [ 13, 13, 14, 14 ], "texture": "#texture" }
			}
		},
		{
			"__comment": "Sphere",
			"from": [ 4, 13, 2 ],
			"to": [ 12, 14, 3 ],
			"faces": {
				"up": { "uv": [ 4, 2, 12, 3 ], "texture": "#texture" },
				"north": { "uv": [ 4, 2, 12, 3 ], "texture": "#texture" },
				"west": { "uv": [ 2, 2, 3, 3 ], "texture": "#texture" },
				"east": { "uv": [ 13, 2, 14, 3 ], "texture": "#texture" }
			}
		},
		{
			"__comment": "Sphere",
			"from": [ 4, 1, 3 ],
			"to": [ 12, 2, 4 ],
			"faces": {
				"down": { "uv": [ 12, 4, 4, 3 ], "texture": "#texture" },
				"north": { "uv": [ 4, 14, 12, 15 ], "texture": "#texture" },
				"west": { "uv": [ 3, 14, 4, 15 ], "texture": "#texture" },
				"east": { "uv": [ 12, 14, 13, 15 ], "texture": "#texture" }
			}
		},
		{
			"__comment": "Sphere",
			"from": [ 4, 14, 3 ],
			"to": [ 12, 15, 4 ],
			"faces": {
				"up": { "uv": [ 4, 3, 12, 4 ], "texture": "#texture" },
				"north": { "uv": [ 4, 1, 12, 2 ], "texture": "#texture" },
				"west": { "uv": [ 3, 1, 4, 2 ], "texture": "#texture" },
				"east": { "uv": [ 12, 1, 13, 2 ], "texture": "#texture" }
			}
		},
		{
			"__comment": "Sphere",
			"from": [ 4, 0, 6 ],
			"to": [ 12, 1, 10 ],
			"faces": {
				"down": { "uv": [ 12, 10, 4, 6 ], "texture": "#texture" },
				"up": { "uv": [ 4, 6, 12, 10 ], "texture": "#texture" },
				"north": { "uv": [ 4, 15, 12, 16 ], "texture": "#texture" },
				"south": { "uv": [ 4, 15, 12, 16 ], "texture": "#texture" },
				"west": { "uv": [ 6, 15, 10, 16 ], "texture": "#texture" },
				"east": { "uv": [ 6, 15, 10, 16 ], "texture": "#texture" }
			}
		},
		{
			"__comment": "Sphere",
			"from": [ 4, 15, 6 ],
			"to": [ 12, 16, 10 ],
			"faces": {
				"down": { "uv": [ 12, 10, 4, 6 ], "texture": "#texture" },
				"up": { "uv": [ 4, 6, 12, 10 ], "texture": "#texture" },
				"north": { "uv": [ 4, 0, 12, 1 ], "texture": "#texture" },
				"south": { "uv": [ 4, 0, 12, 1 ], "texture": "#texture" },
				"west": { "uv": [ 6, 0, 10, 1 ], "texture": "#texture" },
				"east": { "uv": [ 6, 0, 10, 1 ], "texture": "#texture" }
			}
		},
		{
			"__comment": "Sphere",
			"from": [ 4, 1, 12 ],
			"to": [ 12, 2, 13 ],
			"faces": {
				"down": { "uv": [ 12, 13, 4, 12 ], "texture": "#texture" },
				"south": { "uv": [ 4, 14, 12, 15 ], "texture": "#texture" },
				"west": { "uv": [ 12, 14, 13, 15 ], "texture": "#texture" },
				"east": { "uv": [ 3, 14, 4, 15 ], "texture": "#texture" }
			}
		},
		{
			"__comment": "Sphere",
			"from": [ 4, 14, 12 ],
			"to": [ 12, 15, 13 ],
			"faces": {
				"up": { "uv": [ 4, 12, 12, 13 ], "texture": "#texture" },
				"south": { "uv": [ 4, 1, 12, 2 ], "texture": "#texture" },
				"west": { "uv": [ 12, 1, 13, 2 ], "texture": "#texture" },
				"east": { "uv": [ 3, 1, 4, 2 ], "texture": "#texture" }
			}
		},
		{
			"__comment": "Sphere",
			"from": [ 4, 2, 13 ],
			"to": [ 12, 3, 14 ],
			"faces": {
				"down": { "uv": [ 12, 14, 4, 13 ], "texture": "#texture" },
				"south": { "uv": [ 4, 13, 12, 14 ], "texture": "#texture" },
				"west": { "uv": [ 13, 13, 14, 14 ], "texture": "#texture" },
				"east": { "uv": [ 2, 13, 3, 14 ], "texture": "#texture" }
			}
		},
		{
			"__comment": "Sphere",
			"from": [ 4, 13, 13 ],
			"to": [ 12, 14, 14 ],
			"faces": {
				"up": { "uv": [ 4, 13, 12, 14 ], "texture": "#texture" },
				"south": { "uv": [ 4, 2, 12, 3 ], "texture": "#texture" },
				"west": { "uv": [ 13, 2, 14, 3 ], "texture": "#texture" },
				"east": { "uv": [ 2, 2, 3, 3 ], "texture": "#texture" }
			}
		},
		{
			"__comment": "Sphere",
			"from": [ 4, 3, 14 ],
			"to": [ 12, 4, 15 ],
			"faces": {
				"down": { "uv": [ 12, 15, 4, 14 ], "texture": "#texture" },
				"south": { "uv": [ 4, 12, 12, 13 ], "texture": "#texture" },
				"west": { "uv": [ 14, 12, 15, 13 ], "texture": "#texture" },
				"east": { "uv": [ 1, 12, 2, 13 ], "texture": "#texture" }
			}
		},
		{
			"__comment": "Sphere",
			"from": [ 4, 12, 14 ],
			"to": [ 12, 13, 15 ],
			"faces": {
				"up": { "uv": [ 4, 14, 12, 15 ], "texture": "#texture" },
				"south": { "uv": [ 4, 3, 12, 4 ], "texture": "#texture" },
				"west": { "uv": [ 14, 3, 15, 4 ], "texture": "#texture" },
				"east": { "uv": [ 1, 3, 2, 4 ], "texture": "#texture" }
			}
		},
		{
			"__comment": "Sphere",
			"from": [ 4, 6, 15 ],
			"to": [ 12, 10, 16 ],
			"faces": {
				"down": { "uv": [ 12, 16, 4, 15 ], "texture": "#texture" },
				"up": { "uv": [ 4, 15, 12, 16 ], "texture": "#texture" },
				"north": { "uv": [ 4, 6, 12, 10 ], "texture": "#texture" },
				"south": { "uv": [ 4, 6, 12, 10 ], "texture": "#texture" },
				"west": { "uv": [ 15, 6, 16, 10 ], "texture": "#texture" },
				"east": { "uv": [ 0, 6, 1, 10 ], "texture": "#texture" }
			}
		},
		{
			"__comment": "Sphere",
			"from": [ 5, 5, 0 ],
			"to": [ 11, 6, 1 ],
			"faces": {
				"down": { "uv": [ 11, 1, 5, 0 ], "texture": "#texture" },
				"north": { "uv": [ 5, 10, 11, 11 ], "texture": "#texture" },
				"west": { "uv": [ 0, 10, 1, 11 ], "texture": "#texture" },
				"east": { "uv": [ 15, 10, 16, 11 ], "texture": "#texture" }
			}
		},
		{
			"__comment": "Sphere",
			"from": [ 5, 10, 0 ],
			"to": [ 11, 11, 1 ],
			"faces": {
				"up": { "uv": [ 5, 0, 11, 1 ], "texture": "#texture" },
				"north": { "uv": [ 5, 5, 11, 6 ], "texture": "#texture" },
				"west": { "uv": [ 0, 5, 1, 6 ], "texture": "#texture" },
				"east": { "uv": [ 15, 5, 16, 6 ], "texture": "#texture" }
			}
		},
		{
			"__comment": "Sphere",
			"from": [ 5, 0, 5 ],
			"to": [ 11, 1, 6 ],
			"faces": {
				"down": { "uv": [ 11, 6, 5, 5 ], "texture": "#texture" },
				"north": { "uv": [ 5, 15, 11, 16 ], "texture": "#texture" },
				"west": { "uv": [ 5, 15, 6, 16 ], "texture": "#texture" },
				"east": { "uv": [ 10, 15, 11, 16 ], "texture": "#texture" }
			}
		},
		{
			"__comment": "Sphere",
			"from": [ 5, 15, 5 ],
			"to": [ 11, 16, 6 ],
			"faces": {
				"up": { "uv": [ 5, 5, 11, 6 ], "texture": "#texture" },
				"north": { "uv": [ 5, 0, 11, 1 ], "texture": "#texture" },
				"west": { "uv": [ 5, 0, 6, 1 ], "texture": "#texture" },
				"east": { "uv": [ 10, 0, 11, 1 ], "texture": "#texture" }
			}
		},
		{
			"__comment": "Sphere",
			"from": [ 5, 0, 10 ],
			"to": [ 11, 1, 11 ],
			"faces": {
				"down": { "uv": [ 11, 11, 5, 10 ], "texture": "#texture" },
				"south": { "uv": [ 5, 15, 11, 16 ], "texture": "#texture" },
				"west": { "uv": [ 10, 15, 11, 16 ], "texture": "#texture" },
				"east": { "uv": [ 5, 15, 6, 16 ], "texture": "#texture" }
			}
		},
		{
			"__comment": "Sphere",
			"from": [ 5, 15, 10 ],
			"to": [ 11, 16, 11 ],
			"faces": {
				"up": { "uv": [ 5, 10, 11, 11 ], "texture": "#texture" },
				"south": { "uv": [ 5, 0, 11, 1 ], "texture": "#texture" },
				"west": { "uv": [ 10, 0, 11, 1 ], "texture": "#texture" },
				"east": { "uv": [ 5, 0, 6, 1 ], "texture": "#texture" }
			}
		},
		{
			"__comment": "Sphere",
			"from": [ 5, 5, 15 ],
			"to": [ 11, 6, 16 ],
			"faces": {
				"down": { "uv": [ 11, 16, 5, 15 ], "texture": "#texture" },
				"south": { "uv": [ 5, 10, 11, 11 ], "texture": "#texture" },
				"west": { "uv": [ 15, 10, 16, 11 ], "texture": "#texture" },
				"east": { "uv": [ 0, 10, 1, 11 ], "texture": "#texture" }
			}
		},
		{
			"__comment": "Sphere",
			"from": [ 5, 10, 15 ],
			"to": [ 11, 11, 16 ],
			"faces": {
				"up": { "uv": [ 5, 15, 11, 16 ], "texture": "#texture" },
				"south": { "uv": [ 5, 5, 11, 6 ], "texture": "#texture" },
				"west": { "uv": [ 15, 5, 16, 6 ], "texture": "#texture" },
				"east": { "uv": [ 0, 5, 1, 6 ], "texture": "#texture" }
			}
		},
		{
			"__comment": "Sphere",
			"from": [ 6, 4, 0 ],
			"to": [ 10, 5, 1 ],
			"faces": {
				"down": { "uv": [ 10, 1, 6, 0 ], "texture": "#texture" },
				"north": { "uv": [ 6, 11, 10, 12 ], "texture": "#texture" },
				"west": { "uv": [ 0, 11, 1, 12 ], "texture": "#texture" },
				"east": { "uv": [ 15, 11, 16, 12 ], "texture": "#texture" }
			}
		},
		{
			"__comment": "Sphere",
			"from": [ 6, 11, 0 ],
			"to": [ 10, 12, 1 ],
			"faces": {
				"up": { "uv": [ 6, 0, 10, 1 ], "texture": "#texture" },
				"north": { "uv": [ 6, 4, 10, 5 ], "texture": "#texture" },
				"west": { "uv": [ 0, 4, 1, 5 ], "texture": "#texture" },
				"east": { "uv": [ 15, 4, 16, 5 ], "texture": "#texture" }
			}
		},
		{
			"__comment": "Sphere",
			"from": [ 6, 0, 4 ],
			"to": [ 10, 1, 5 ],
			"faces": {
				"down": { "uv": [ 10, 5, 6, 4 ], "texture": "#texture" },
				"north": { "uv": [ 6, 15, 10, 16 ], "texture": "#texture" },
				"west": { "uv": [ 4, 15, 5, 16 ], "texture": "#texture" },
				"east": { "uv": [ 11, 15, 12, 16 ], "texture": "#texture" }
			}
		},
		{
			"__comment": "Sphere",
			"from": [ 6, 15, 4 ],
			"to": [ 10, 16, 5 ],
			"faces": {
				"up": { "uv": [ 6, 4, 10, 5 ], "texture": "#texture" },
				"north": { "uv": [ 6, 0, 10, 1 ], "texture": "#texture" },
				"west": { "uv": [ 4, 0, 5, 1 ], "texture": "#texture" },
				"east": { "uv": [ 11, 0, 12, 1 ], "texture": "#texture" }
			}
		},
		{
			"__comment": "Sphere",
			"from": [ 6, 0, 11 ],
			"to": [ 10, 1, 12 ],
			"faces": {
				"down": { "uv": [ 10, 12, 6, 11 ], "texture": "#texture" },
				"south": { "uv": [ 6, 15, 10, 16 ], "texture": "#texture" },
				"west": { "uv": [ 11, 15, 12, 16 ], "texture": "#texture" },
				"east": { "uv": [ 4, 15, 5, 16 ], "texture": "#texture" }
			}
		},
		{
			"__comment": "Sphere",
			"from": [ 6, 15, 11 ],
			"to": [ 10, 16, 12 ],
			"faces": {
				"up": { "uv": [ 6, 11, 10, 12 ], "texture": "#texture" },
				"south": { "uv": [ 6, 0, 10, 1 ], "texture": "#texture" },
				"west": { "uv": [ 11, 0, 12, 1 ], "texture": "#texture" },
				"east": { "uv": [ 4, 0, 5, 1 ], "texture": "#texture" }
			}
		},
		{
			"__comment": "Sphere",
			"from": [ 6, 4, 15 ],
			"to": [ 10, 5, 16 ],
			"faces": {
				"down": { "uv": [ 10, 16, 6, 15 ], "texture": "#texture" },
				"south": { "uv": [ 6, 11, 10, 12 ], "texture": "#texture" },
				"west": { "uv": [ 15, 11, 16, 12 ], "texture": "#texture" },
				"east": { "uv": [ 0, 11, 1, 12 ], "texture": "#texture" }
			}
		},
		{
			"__comment": "Sphere",
			"from": [ 6, 11, 15 ],
			"to": [ 10, 12, 16 ],
			"faces": {
				"up": { "uv": [ 6, 15, 10, 16 ], "texture": "#texture" },
				"south": { "uv": [ 6, 4, 10, 5 ], "texture": "#texture" },
				"west": { "uv": [ 15, 4, 16, 5 ], "texture": "#texture" },
				"east": { "uv": [ 0, 4, 1, 5 ], "texture": "#texture" }
			}
		},
		{
			"__comment": "Sphere",
			"from": [ 7, 2, 1 ],
			"to": [ 9, 3, 2 ],
			"faces": {
				"down": { "uv": [ 9, 2, 7, 1 ], "texture": "#texture" },
				"north": { "uv": [ 7, 13, 9, 14 ], "texture": "#texture" },
				"west": { "uv": [ 1, 13, 2, 14 ], "texture": "#texture" },
				"east": { "uv": [ 14, 13, 15, 14 ], "texture": "#texture" }
			}
		},
		{
			"__comment": "Sphere",
			"from": [ 7, 13, 1 ],
			"to": [ 9, 14, 2 ],
			"faces": {
				"up": { "uv": [ 7, 1, 9, 2 ], "texture": "#texture" },
				"north": { "uv": [ 7, 2, 9, 3 ], "texture": "#texture" },
				"west": { "uv": [ 1, 2, 2, 3 ], "texture": "#texture" },
				"east": { "uv": [ 14, 2, 15, 3 ], "texture": "#texture" }
			}
		},
		{
			"__comment": "Sphere",
			"from": [ 7, 1, 2 ],
			"to": [ 9, 2, 3 ],
			"faces": {
				"down": { "uv": [ 9, 3, 7, 2 ], "texture": "#texture" },
				"north": { "uv": [ 7, 14, 9, 15 ], "texture": "#texture" },
				"west": { "uv": [ 2, 14, 3, 15 ], "texture": "#texture" },
				"east": { "uv": [ 13, 14, 14, 15 ], "texture": "#texture" }
			}
		},
		{
			"__comment": "Sphere",
			"from": [ 7, 14, 2 ],
			"to": [ 9, 15, 3 ],
			"faces": {
				"up": { "uv": [ 7, 2, 9, 3 ], "texture": "#texture" },
				"north": { "uv": [ 7, 1, 9, 2 ], "texture": "#texture" },
				"west": { "uv": [ 2, 1, 3, 2 ], "texture": "#texture" },
				"east": { "uv": [ 13, 1, 14, 2 ], "texture": "#texture" }
			}
		},
		{
			"__comment": "Sphere",
			"from": [ 7, 1, 13 ],
			"to": [ 9, 2, 14 ],
			"faces": {
				"down": { "uv": [ 9, 14, 7, 13 ], "texture": "#texture" },
				"south": { "uv": [ 7, 14, 9, 15 ], "texture": "#texture" },
				"west": { "uv": [ 13, 14, 14, 15 ], "texture": "#texture" },
				"east": { "uv": [ 2, 14, 3, 15 ], "texture": "#texture" }
			}
		},
		{
			"__comment": "Sphere",
			"from": [ 7, 14, 13 ],
			"to": [ 9, 15, 14 ],
			"faces": {
				"up": { "uv": [ 7, 13, 9, 14 ], "texture": "#texture" },
				"south": { "uv": [ 7, 1, 9, 2 ], "texture": "#texture" },
				"west": { "uv": [ 13, 1, 14, 2 ], "texture": "#texture" },
				"east": { "uv": [ 2, 1, 3, 2 ], "texture": "#texture" }
			}
		},
		{
			"__comment": "Sphere",
			"from": [ 7, 2, 14 ],
			"to": [ 9, 3, 15 ],
			"faces": {
				"down": { "uv": [ 9, 15, 7, 14 ], "texture": "#texture" },
				"south": { "uv": [ 7, 13, 9, 14 ], "texture": "#texture" },
				"west": { "uv": [ 14, 13, 15, 14 ], "texture": "#texture" },
				"east": { "uv": [ 1, 13, 2, 14 ], "texture": "#texture" }
			}
		},
		{
			"__comment": "Sphere",
			"from": [ 7, 13, 14 ],
			"to": [ 9, 14, 15 ],
			"faces": {
				"up": { "uv": [ 7, 14, 9, 15 ], "texture": "#texture" },
				"south": { "uv": [ 7, 2, 9, 3 ], "texture": "#texture" },
				"west": { "uv": [ 14, 2, 15, 3 ], "texture": "#texture" },
				"east": { "uv": [ 1, 2, 2, 3 ], "texture": "#texture" }
			}
		},
		{
			"from": [ 2.25, 5.5, -0.25 ],
			"to": [ 13.75, 12, -0.1875 ],
			"faces": {
				"north": { "uv": [ 3, 5, 12.5, 10 ], "texture": "#eyes" },
				"south": { "uv": [ 0, 0, 4, 2 ], "texture": "#eyes" }
			}
		},
		{
			"from": [ -2, -2, 8 ],
			"to": [ 18, 18, 8.0625 ],
			"faces": {
				"north": { "uv": [ 0, 0, 16, 16 ], "texture": "#sootball" },
				"south": { "uv": [ 0, 0, 16, 16 ], "texture": "#sootball" }
			}
		},
		{
			"from": [ 0.5, -2, 15.5 ],
			"to": [ 21.75, 18, 15.5625 ],
			"rotation": { "origin": [ 0.5, -2, 15.5 ], "axis": "y", "angle": 45 },
			"faces": {
				"north": { "uv": [ 0, 0, 16, 16 ], "texture": "#sootball" },
				"south": { "uv": [ 0, 0, 16, 16 ], "texture": "#sootball" }
			}
		},
		{
			"from": [ 0.5, -2, 0.5 ],
			"to": [ 21.75, 18, 0.5625 ],
			"rotation": { "origin": [ 0.5, -2, 0.5 ], "axis": "y", "angle": -45 },
			"faces": {
				"north": { "uv": [ 0, 0, 16, 16 ], "texture": "#sootball" },
				"south": { "uv": [ 0, 0, 16, 16 ], "texture": "#sootball" }
			}
		},
		{
			"from": [ 8, -2, 8 ],
			"to": [ 8.0625, 18, 18 ],
			"faces": {
				"west": { "uv": [ 8, 0, 16, 16 ], "texture": "#sootball" },
				"east": { "uv": [ 0, 0, 8, 16 ], "texture": "#sootball" }
			}
		}
	],
	"display": {
		"gui": {
			"rotation":  [ 30, 225, 0 ],
			"scale":  [ 0.625, 0.625, 0.625 ]
		},
		"head": {
			"translation":  [ 0, -24, 0 ],
			"scale":  [ 0.5, 0.5, 0.5 ]
		}
	}
}