{
	"__comment": "Designed by Alanbecker with Cubik Studio - https://cubik.studio",
	"textures": {
		"particle": "item/hats/totoro_white_1",
		"texture": "item/hats/totoro_white_1",
		"texture1": "item/hats/totoro_white_2",
		"texture2": "item/hats/totoro_white_3"
	},
	"elements": [
		{
			"__comment": "Cube1",
			"from": [ 4, 6.5, 5 ],
			"to": [ 12, 11, 11 ],
			"faces": {
				"down": { "uv": [ 4, 5, 12, 11 ], "texture": "#texture2", "rotation": 180 },
				"up": { "uv": [ 4, 5, 12, 11 ], "texture": "#texture2", "rotation": 180 },
				"north": { "uv": [ 4, 5, 12, 9.5 ], "texture": "#texture" },
				"south": { "uv": [ 5, 5, 11, 9.5 ], "texture": "#texture1" },
				"west": { "uv": [ 5, 5, 11, 9.5 ], "texture": "#texture1" },
				"east": { "uv": [ 5, 5, 11, 9.5 ], "texture": "#texture1" }
			}
		},
		{
			"__comment": "Cube2",
			"from": [ 5, 13.5, 7.5 ],
			"to": [ 6.5, 16, 9 ],
			"faces": {
				"down": { "uv": [ 9.5, 7.5, 11, 9 ], "texture": "#texture2", "rotation": 180 },
				"up": { "uv": [ 9.5, 7, 11, 8.5 ], "texture": "#texture2", "rotation": 180 },
				"north": { "uv": [ 9.5, 0, 11, 2.5 ], "texture": "#texture" },
				"south": { "uv": [ 5, 0, 6.5, 2.5 ], "texture": "#texture" },
				"west": { "uv": [ 7, 0, 8.5, 2.5 ], "texture": "#texture1" },
				"east": { "uv": [ 7, 0, 8.5, 2.5 ], "texture": "#texture1" }
			}
		},
		{
			"__comment": "Cube2",
			"from": [ 9.5, 13.5, 7 ],
			"to": [ 11, 16, 8.5 ],
			"faces": {
				"down": { "uv": [ 5, 7.5, 6.5, 9 ], "texture": "#texture2", "rotation": 180 },
				"up": { "uv": [ 5, 7, 6.5, 8.5 ], "texture": "#texture2", "rotation": 180 },
				"north": { "uv": [ 5, 0, 6.5, 2.5 ], "texture": "#texture" },
				"south": { "uv": [ 9.5, 0, 11, 2.5 ], "texture": "#texture" },
				"west": { "uv": [ 7, 0, 8.5, 2.5 ], "texture": "#texture1" },
				"east": { "uv": [ 7, 0, 8.5, 2.5 ], "texture": "#texture1" }
			}
		},
		{
			"__comment": "Cube1",
			"from": [ 3.5, 0, 4.5 ],
			"to": [ 12.5, 6.5, 11.5 ],
			"faces": {
				"down": { "uv": [ 3.5, 4.5, 12.5, 11.5 ], "texture": "#texture2", "rotation": 180 },
				"up": { "uv": [ 3.5, 4.5, 12.5, 11.5 ], "texture": "#texture2", "rotation": 180 },
				"north": { "uv": [ 3.5, 9.5, 12.5, 16 ], "texture": "#texture" },
				"south": { "uv": [ 3.5, 9.5, 12.5, 16 ], "texture": "#texture" },
				"west": { "uv": [ 4.5, 9.5, 11.5, 16 ], "texture": "#texture1" },
				"east": { "uv": [ 4.5, 9.5, 11.5, 16 ], "texture": "#texture1" }
			}
		},
		{
			"__comment": "Cube5",
			"from": [ 6, 1, 11.5 ],
			"to": [ 10, 4, 15 ],
			"faces": {
				"down": { "uv": [ 6.5, 4.5, 9.5, 2 ], "texture": "#texture2", "rotation": 180 },
				"up": { "uv": [ 6.5, 2, 9.5, 4.5 ], "texture": "#texture2", "rotation": 180 },
				"north": { "uv": [ 6.5, 12.5, 9.5, 15 ], "texture": "#texture" },
				"south": { "uv": [ 6.5, 12.5, 9.5, 15 ], "texture": "#texture" },
				"west": { "uv": [ 4.5, 12.5, 2, 15 ], "texture": "#texture1" },
				"east": { "uv": [ 2, 12.5, 4.5, 15 ], "texture": "#texture1" }
			}
		},
		{
			"__comment": "Cube2",
			"from": [ 9, 11, 6.5 ],
			"to": [ 11.5, 13.5, 9 ],
			"faces": {
				"down": { "uv": [ 4.5, 7, 7, 9.5 ], "texture": "#texture2", "rotation": 180 },
				"up": { "uv": [ 4.5, 6.5, 7, 9 ], "texture": "#texture2", "rotation": 180 },
				"north": { "uv": [ 4.5, 2.5, 7, 5 ], "texture": "#texture" },
				"south": { "uv": [ 9, 2.5, 11.5, 5 ], "texture": "#texture" },
				"west": { "uv": [ 6.5, 2.5, 9, 5 ], "texture": "#texture1" },
				"east": { "uv": [ 6.5, 2.5, 9, 5 ], "texture": "#texture1" }
			}
		},
		{
			"__comment": "Cube2",
			"from": [ 4.5, 11, 7 ],
			"to": [ 7, 13.5, 9.5 ],
			"faces": {
				"down": { "uv": [ 9, 7, 11.5, 9.5 ], "texture": "#texture2", "rotation": 180 },
				"up": { "uv": [ 9, 6.5, 11.5, 9 ], "texture": "#texture2", "rotation": 180 },
				"north": { "uv": [ 9, 2.5, 11.5, 5 ], "texture": "#texture" },
				"south": { "uv": [ 4.5, 2.5, 7, 5 ], "texture": "#texture" },
				"west": { "uv": [ 6.5, 2.5, 9, 5 ], "texture": "#texture1" },
				"east": { "uv": [ 6.5, 2.5, 9, 5 ], "texture": "#texture1" }
			}
		},
		{
			"__comment": "PlaneZ9",
			"from": [ 4, -1.5, 5 ],
			"to": [ 11.5, 2.5, 5.001 ],
			"rotation": { "origin": [ 4, -1.5, 5 ], "axis": "x", "angle": -22.5 },
			"faces": {
				"north": { "uv": [ 4, 12, 12, 16 ], "texture": "#texture2" },
				"south": { "uv": [ 4, 12, 12, 16 ], "texture": "#texture2" }
			}
		},
		{
			"__comment": "PlaneZ11",
			"from": [ 12, 6.5, 6.5 ],
			"to": [ 16, 22.5, 6.501 ],
			"faces": {
				"north": { "uv": [ 12, 0, 16, 16 ], "texture": "#texture1" },
				"south": { "uv": [ 16, 0, 12, 16 ], "texture": "#texture1" }
			}
		},
		{
			"__comment": "PlaneY12",
			"from": [ 11.25, 22.5, 5 ],
			"to": [ 20.75, 22.501, 8 ],
			"faces": {
				"down": { "uv": [ 0.5, 9.5, 3.5, 0 ], "texture": "#texture1", "rotation": 90 },
				"up": { "uv": [ 0.5, 0, 3.5, 9.5 ], "texture": "#texture1", "rotation": 90 }
			}
		}
	],
	"display": {
		"thirdperson_righthand": {
			"rotation":  [ 65, 4, 0 ],
			"translation":  [ 0.7, 0.6959, 14.607 ],
			"scale":  [ 0.4, 0.4, 0.4 ]
		},
		"thirdperson_lefthand": {
			"rotation":  [ 65, 4, 0 ],
			"translation":  [ 0.7, 0.6959, 14.607 ],
			"scale":  [ 0.4, 0.4, 0.4 ]
		},
		"firstperson_righthand": {
			"rotation":  [ 0, -10, 2 ],
			"translation":  [ 3, 5, 3 ],
			"scale":  [ 0.4, 0.4, 0.4 ]
		},
		"firstperson_lefthand": {
			"rotation":  [ 0, -27, 0 ],
			"translation":  [ 3, 5, 3 ],
			"scale":  [ 0.4, 0.4, 0.4 ]
		},
		"gui": {
			"rotation":  [ 25, 135, 0 ],
			"translation":  [ 0, 0.6956, 0 ],
			"scale":  [ 0.8, 0.8, 0.8 ]
		},
		"head": {
			"translation":  [ 0, -27, -5 ],
			"scale":  [ 0.7, 0.7, 0.7 ]
		},
		"ground": {
			"translation":  [ 0, 1.3913, 0 ],
			"scale":  [ 0.5, 0.5, 0.5 ]
		}
	}
}