{
    "parent": "item/handheld",
    "textures": {
        "layer0": "item/diamond_hoe"
    },
	
		  "overrides": [
		{ "predicate": { "damaged": 0, "damage": 0.963484 },"model": "item/geokeytotoro" }, 
		{ "predicate": { "damaged": 0, "damage": 0.964125 },"model": "item/brocha2" }, 
		{ "predicate": { "damaged": 0, "damage": 0.964766 },"model": "item/paraguashojainvierno" }, 
		{ "predicate": { "damaged": 0, "damage": 0.965406 },"model": "item/paraguashojaotono" }, 
		{ "predicate": { "damaged": 0, "damage": 0.966047 },"model": "item/esencias/singular" }, 
		{ "predicate": { "damaged": 0, "damage": 0.966688 },"model": "item/esencias/planta" }, 
		{ "predicate": { "damaged": 0, "damage": 0.967328 },"model": "item/esencias/fuego" }, 
		{ "predicate": { "damaged": 0, "damage": 0.967969 },"model": "item/esencias/agua" }, 
		{ "predicate": { "damaged": 0, "damage": 0.968609 },"model": "item/fishplaceholder" }, 
		{ "predicate": { "damaged": 0, "damage": 0.969250 },"model": "item/enciclopezdia" }, 
		{ "predicate": { "damaged": 0, "damage": 0.969891 },"model": "item/_umbrella_black" }, 
		{ "predicate": { "damaged": 0, "damage": 0.970531 },"model": "item/_umbrella_gray" }, 
		{ "predicate": { "damaged": 0, "damage": 0.971172 },"model": "item/_umbrella_golden" }, 
		{ "predicate": { "damaged": 0, "damage": 0.971812 },"model": "item/_umbrella_white" }, 
		{ "predicate": { "damaged": 0, "damage": 0.972453 },"model": "item/_kodama" }, 
		{ "predicate": { "damaged": 0, "damage": 0.973094 },"model": "item/_calcifer" }, 
		{ "predicate": { "damaged": 0, "damage": 0.973734 },"model": "item/_totoro_white" },    
		{ "predicate": { "damaged": 0, "damage": 0.974375 },"model": "item/_totoro_body" },  
		{ "predicate": { "damaged": 0, "damage": 0.975016 },"model": "item/_teto" },  
		{ "predicate": { "damaged": 0, "damage": 0.975656 },"model": "item/paraguashojaverano" },  
		{ "predicate": { "damaged": 0, "damage": 0.976297 },"model": "item/_totoro_blue" },
		{ "predicate": { "damaged": 0, "damage": 0.976937 },"model": "item/sootballcoal" },
		{ "predicate": { "damaged": 0, "damage": 0.977578 },"model": "item/sootball" },
		{ "predicate": { "damaged": 0, "damage": 0.978219 },"model": "item/brocha" },	
		{ "predicate": { "damaged": 0, "damage": 0.978859 },"model": "item/totemvinculacion" },	
		{ "predicate": { "damaged": 0, "damage": 0.979500 },"model": "item/hoz" },	
		{ "predicate": { "damaged": 0, "damage": 0.980140 },"model": "block/tacos" },	
		{ "predicate": { "damaged": 0, "damage": 0.980781 },"model": "block/sushi" },	
		{ "predicate": { "damaged": 0, "damage": 0.981422 },"model": "item/minigeoshepherd" },		  
		{ "predicate": { "damaged": 0, "damage": 0.982062 },"model": "item/minigeofisher" },	
		{ "predicate": { "damaged": 0, "damage": 0.982703 },"model": "item/minigeocollector" },			  
		{ "predicate": { "damaged": 0, "damage": 0.983344 },"model": "item/minigeoslayer" },	
		{ "predicate": { "damaged": 0, "damage": 0.983984 },"model": "item/minigeolumberjack" },	
		{ "predicate": { "damaged": 0, "damage": 0.984625 },"model": "item/minigeofarmer" },		  
		{ "predicate": { "damaged": 0, "damage": 0.985265 },"model": "item/minigeominer" },
		{ "predicate": { "damaged": 0, "damage": 0.985906 },"model": "item/palodiagonalizquierda" },
		{ "predicate": { "damaged": 0, "damage": 0.986547 },"model": "item/palodiagonalderecha" },
		{ "predicate": { "damaged": 0, "damage": 0.987187 },"model": "item/palohorizontal" },
		{ "predicate": { "damaged": 0, "damage": 0.987828 },"model": "item/palovertical" },
		{ "predicate": { "damaged": 0, "damage": 0.988468 },"model": "item/geokeybeneficios" },
	    { "predicate": { "damaged": 0, "damage": 0.989109 },"model": "item/panoro" },		  
	    { "predicate": { "damaged": 0, "damage": 0.989750 },"model": "item/difusoragua" },
	    { "predicate": { "damaged": 0, "damage": 0.990390 },"model": "item/difusorlava" },
	    { "predicate": { "damaged": 0, "damage": 0.991031 },"model": "item/capsula" },
	    { "predicate": { "damaged": 0, "damage": 0.991672 },"model": "item/geokeyover" },				  
	    { "predicate": { "damaged": 0, "damage": 0.992312 },"model": "item/geokeynether" },		  
	    { "predicate": { "damaged": 0, "damage": 0.992953 },"model": "item/geokeyend" },
	    { "predicate": { "damaged": 0, "damage": 0.993593 },"model": "item/shearsespecial" },
	    { "predicate": { "damaged": 0, "damage": 0.994234 },"model": "item/varitaflor" },
	    { "predicate": { "damaged": 0, "damage": 0.994875 },"model": "item/varitacultivo" },
	    { "predicate": { "damaged": 0, "damage": 0.995515 },"model": "item/varitacamino" },
	    { "predicate": { "damaged": 0, "damage": 0.996156 },"model": "item/varitahielo" },
        { "predicate": { "damaged": 0, "damage": 0.996796 },"model": "item/insignia" },
        { "predicate": { "damaged": 0, "damage": 0.997437 },"model": "item/cascara_fortalecida" },
        { "predicate": { "damaged": 0, "damage": 0.998078 },"model": "item/cascara" },
	    { "predicate": { "damaged": 0, "damage": 0.999359 },"model": "item/geokeyvoto" },
		{ "predicate": { "damaged": 1, "damage": 0.0 }, "model": "item/diamond_hoe" }
  ]
}
