{
  "parent": "minecraft:item/generated",
  "textures": {
    "layer0": "minecraft:item/gold_nugget"
  },
	
		  "overrides": [
		{ "predicate": {"custom_model_data":1}, "model": "item/discord"},
		{ "predicate": {"custom_model_data":2},"model": "item/esencias/singular" }, 
		{ "predicate": {"custom_model_data":3},"model": "item/esencias/planta" }, 
		{ "predicate": {"custom_model_data":4},"model": "item/esencias/fuego" }, 
		{ "predicate": {"custom_model_data":5},"model": "item/esencias/agua" },
		{ "predicate": {"custom_model_data":6},"model": "item/moneda" }
  ]
}