{
	"credit": "Made by SonGoku1909",
	"textures": {
		"0": item/sombrero3",
		"1": "item/pumpkin_pie",
		"particle": "item/sombrero3"
	},
	"elements": [
		{
			"from": [4.3, 0.65, 3.3],
			"to": [11.7, 1.9, 11.7],
			"rotation": {"angle": 0, "axis": "y", "origin": [8, 2, 8]},
			"faces": {
				"north": {"uv": [0, 15, 8, 16], "texture": "#0"},
				"east": {"uv": [0, 15, 8, 16], "texture": "#0"},
				"south": {"uv": [0, 15, 8, 16], "texture": "#0"},
				"west": {"uv": [0, 15, 8, 16], "texture": "#0"},
				"up": {"uv": [0, 8.5, 8, 15], "texture": "#0"},
				"down": {"uv": [0.5, 9, 7.5, 14.5], "texture": "#0"}
			}
		},
		{
			"from": [9.3, -0.35, 3.25],
			"to": [10.7, 1.9, 3.25],
			"rotation": {"angle": 0, "axis": "y", "origin": [7, 2, 8]},
			"faces": {
				"north": {"uv": [12, 13.5, 15, 16], "texture": "#0"},
				"east": {"uv": [0, 15, 8, 16], "texture": "#0"},
				"south": {"uv": [15, 13.5, 12, 16], "texture": "#0"},
				"west": {"uv": [0, 15, 8, 16], "texture": "#0"},
				"up": {"uv": [0, 8.5, 8, 15], "texture": "#0"},
				"down": {"uv": [0.5, 9, 7.5, 14.5], "texture": "#0"}
			}
		},
		{
			"from": [7.3, -0.35, 3.25],
			"to": [8.7, 1.9, 3.25],
			"rotation": {"angle": 0, "axis": "y", "origin": [5, 2, 8]},
			"faces": {
				"north": {"uv": [12, 9.5, 13.5, 12.5], "texture": "#0"},
				"east": {"uv": [0, 15, 8, 16], "texture": "#0"},
				"south": {"uv": [13.5, 9.5, 12, 12.5], "texture": "#0"},
				"west": {"uv": [0, 15, 8, 16], "texture": "#0"},
				"up": {"uv": [0, 8.5, 8, 15], "texture": "#0"},
				"down": {"uv": [0.5, 9, 7.5, 14.5], "texture": "#0"}
			}
		},
		{
			"from": [11.75, -1.35, 9.3],
			"to": [11.75, 1.9, 11.7],
			"rotation": {"angle": 0, "axis": "y", "origin": [9, 2, 8]},
			"faces": {
				"north": {"uv": [0, 15, 8, 16], "texture": "#0"},
				"east": {"uv": [12, 13, 15, 16], "texture": "#0"},
				"south": {"uv": [0, 15, 8, 16], "texture": "#0"},
				"west": {"uv": [15, 13, 12, 16], "texture": "#0"},
				"up": {"uv": [0, 8.5, 8, 15], "texture": "#0"},
				"down": {"uv": [0.5, 9, 7.5, 14.5], "texture": "#0"}
			}
		},
		{
			"from": [11.75, -1.35, 6.3],
			"to": [11.75, 1.9, 8.7],
			"rotation": {"angle": 0, "axis": "y", "origin": [9, 2, 5]},
			"faces": {
				"north": {"uv": [0, 15, 8, 16], "texture": "#0"},
				"east": {"uv": [12, 9, 15, 12.5], "texture": "#0"},
				"south": {"uv": [0, 15, 8, 16], "texture": "#0"},
				"west": {"uv": [15.5, 9, 12, 12.5], "texture": "#0"},
				"up": {"uv": [0, 8.5, 8, 15], "texture": "#0"},
				"down": {"uv": [0.5, 9, 7.5, 14.5], "texture": "#0"}
			}
		},
		{
			"from": [4.25, -1.35, 4.3],
			"to": [4.25, 1.9, 7.7],
			"rotation": {"angle": 0, "axis": "y", "origin": [1, 2, 4]},
			"faces": {
				"north": {"uv": [0, 15, 8, 16], "texture": "#0"},
				"east": {"uv": [12, 13, 15, 16], "texture": "#0"},
				"south": {"uv": [0, 15, 8, 16], "texture": "#0"},
				"west": {"uv": [15, 13, 12, 16], "texture": "#0"},
				"up": {"uv": [0, 8.5, 8, 15], "texture": "#0"},
				"down": {"uv": [0.5, 9, 7.5, 14.5], "texture": "#0"}
			}
		},
		{
			"from": [4.25, -1.35, 7.3],
			"to": [4.25, 1.9, 10.7],
			"rotation": {"angle": 0, "axis": "y", "origin": [1, 2, 7]},
			"faces": {
				"north": {"uv": [0, 15, 8, 16], "texture": "#0"},
				"east": {"uv": [13, 9, 15, 13], "texture": "#0"},
				"south": {"uv": [0, 15, 8, 16], "texture": "#0"},
				"west": {"uv": [15, 9, 13, 13], "texture": "#0"},
				"up": {"uv": [0, 8.5, 8, 15], "texture": "#0"},
				"down": {"uv": [0.5, 9, 7.5, 14.5], "texture": "#0"}
			}
		},
		{
			"from": [4.5, 1.9, 3.25],
			"to": [5, 2.9, 3.75],
			"rotation": {"angle": 0, "axis": "y", "origin": [8, 2, 8]},
			"faces": {
				"north": {"uv": [11, 11, 12, 13.5], "texture": "#0"},
				"east": {"uv": [11, 11, 12, 13.5], "texture": "#0"},
				"south": {"uv": [11, 11, 12, 13.5], "texture": "#0"},
				"west": {"uv": [11, 11, 12, 13.5], "texture": "#0"},
				"up": {"uv": [9, 10, 10, 11], "texture": "#0"},
				"down": {"uv": [0.5, 9, 7.5, 14.5], "texture": "#0"}
			}
		},
		{
			"from": [3.5, 4.25, 2.75],
			"to": [5, 4.75, 4.25],
			"rotation": {"angle": 22.5, "axis": "z", "origin": [8, 5, 7]},
			"faces": {
				"north": {"uv": [12, 15, 9, 16], "texture": "#0"},
				"east": {"uv": [9, 14.5, 12, 15.5], "texture": "#0"},
				"south": {"uv": [9.5, 12.5, 12, 14.5], "texture": "#0"},
				"west": {"uv": [9, 13, 11.5, 14.5], "texture": "#0"},
				"up": {"uv": [9, 9.5, 12, 12.5], "texture": "#0"},
				"down": {"uv": [0.5, 9, 7.5, 14.5], "texture": "#0"}
			}
		},
		{
			"from": [4.5, 8.25, 6.75],
			"to": [6, 8.75, 8.25],
			"rotation": {"angle": 22.5, "axis": "z", "origin": [9, 9, 11]},
			"faces": {
				"north": {"uv": [12, 15, 9, 16], "texture": "#0"},
				"east": {"uv": [9, 14.5, 12, 15.5], "texture": "#0"},
				"south": {"uv": [9.5, 12.5, 12, 14.5], "texture": "#0"},
				"west": {"uv": [9, 13, 11.5, 14.5], "texture": "#0"},
				"up": {"uv": [9, 9.5, 12, 12.5], "texture": "#0"},
				"down": {"uv": [0.5, 9, 7.5, 14.5], "texture": "#0"}
			}
		},
		{
			"from": [5.5, 4.9, 7.25],
			"to": [6, 6.9, 7.75],
			"rotation": {"angle": 0, "axis": "y", "origin": [9, 6, 12]},
			"faces": {
				"north": {"uv": [11, 11, 12, 13.5], "texture": "#0"},
				"east": {"uv": [11, 11, 12, 13.5], "texture": "#0"},
				"south": {"uv": [11, 11, 12, 13.5], "texture": "#0"},
				"west": {"uv": [11, 11, 12, 13.5], "texture": "#0"},
				"up": {"uv": [9, 10, 10, 11], "texture": "#0"},
				"down": {"uv": [0.5, 9, 7.5, 14.5], "texture": "#0"}
			}
		},
		{
			"from": [10.8, 1.25, 6.75],
			"to": [12.3, 2, 8.25],
			"rotation": {"angle": -22.5, "axis": "z", "origin": [15, 2, 11]},
			"faces": {
				"north": {"uv": [12, 9.5, 9, 11], "texture": "#0"},
				"east": {"uv": [9, 14.5, 12, 15.5], "texture": "#0"},
				"south": {"uv": [9.5, 12.5, 12, 14.5], "texture": "#0"},
				"west": {"uv": [9, 13, 11.5, 14.5], "texture": "#0"},
				"up": {"uv": [9, 9.5, 12, 12.5], "texture": "#0"},
				"down": {"uv": [0.5, 9, 7.5, 14.5], "texture": "#0"}
			}
		},
		{
			"from": [11.25, 1.9, 7.25],
			"to": [11.75, 2.9, 7.75],
			"rotation": {"angle": 0, "axis": "y", "origin": [14, 2, 12]},
			"faces": {
				"north": {"uv": [11, 11, 12, 13.5], "texture": "#0"},
				"east": {"uv": [11, 11, 12, 13.5], "texture": "#0"},
				"south": {"uv": [11, 11, 12, 13.5], "texture": "#0"},
				"west": {"uv": [11, 11, 12, 13.5], "texture": "#0"},
				"up": {"uv": [9, 10, 10, 11], "texture": "#0"},
				"down": {"uv": [0.5, 9, 7.5, 14.5], "texture": "#0"}
			}
		},
		{
			"from": [5, 1.9, 4.5],
			"to": [11, 5.2, 10.5],
			"rotation": {"angle": 22.5, "axis": "x", "origin": [8, 2, 7.4]},
			"faces": {
				"north": {"uv": [0, 0, 16, 7], "texture": "#0"},
				"east": {"uv": [0, 0, 16, 7], "texture": "#0"},
				"south": {"uv": [0, 0, 16, 7], "texture": "#0"},
				"west": {"uv": [0, 0, 16, 7], "texture": "#0"},
				"up": {"uv": [0, 8.5, 8, 15], "texture": "#0"},
				"down": {"uv": [3, 3, 13, 13], "texture": "#0"}
			}
		},
		{
			"from": [5, 0.9, 3.65],
			"to": [11, 2.15, 6.95],
			"rotation": {"angle": 22.5, "axis": "x", "origin": [8, 0, 6.4]},
			"faces": {
				"north": {"uv": [0, 5, 16, 8.5], "texture": "#0"},
				"east": {"uv": [0, 5, 16, 8.5], "texture": "#0"},
				"south": {"uv": [0, 0, 12, 7], "texture": "#0"},
				"west": {"uv": [0, 5, 16, 8.5], "texture": "#0"},
				"up": {"uv": [0, 0, 12, 11], "texture": "#0"},
				"down": {"uv": [0, 0, 11, 11], "texture": "#0"}
			}
		},
		{
			"from": [10, 0.9, 3.6],
			"to": [10.5, 3.15, 3.6],
			"rotation": {"angle": 22.5, "axis": "x", "origin": [7, 0, 6.4]},
			"faces": {
				"north": {"uv": [12.5, 13, 13, 16], "texture": "#0"},
				"east": {"uv": [0, 5, 16, 8.5], "texture": "#0"},
				"south": {"uv": [0, 0, 12, 7], "texture": "#0"},
				"west": {"uv": [0, 5, 16, 8.5], "texture": "#0"},
				"up": {"uv": [0, 0, 12, 11], "texture": "#0"},
				"down": {"uv": [0, 0, 11, 11], "texture": "#0"}
			}
		},
		{
			"from": [8, 0.9, 3.6],
			"to": [9.5, 4.15, 3.6],
			"rotation": {"angle": 22.5, "axis": "x", "origin": [5, 0, 6.4]},
			"faces": {
				"north": {"uv": [12.5, 12.5, 14.5, 9.5], "texture": "#0"},
				"east": {"uv": [0, 5, 16, 8.5], "texture": "#0"},
				"south": {"uv": [0, 0, 12, 7], "texture": "#0"},
				"west": {"uv": [0, 5, 16, 8.5], "texture": "#0"},
				"up": {"uv": [0, 0, 12, 11], "texture": "#0"},
				"down": {"uv": [0, 0, 11, 11], "texture": "#0"}
			}
		},
		{
			"from": [6, 0.9, 3.6],
			"to": [7.5, 3.15, 3.6],
			"rotation": {"angle": 22.5, "axis": "x", "origin": [3, 0, 6.4]},
			"faces": {
				"north": {"uv": [12, 16, 14.5, 13.5], "texture": "#0"},
				"east": {"uv": [0, 5, 16, 8.5], "texture": "#0"},
				"south": {"uv": [0, 0, 12, 7], "texture": "#0"},
				"west": {"uv": [0, 5, 16, 8.5], "texture": "#0"},
				"up": {"uv": [0, 0, 12, 11], "texture": "#0"},
				"down": {"uv": [0, 0, 11, 11], "texture": "#0"}
			}
		},
		{
			"from": [6, 1, 8.4],
			"to": [10, 5, 13.4],
			"rotation": {"angle": -45, "axis": "x", "origin": [8, 2.4, 6.7]},
			"faces": {
				"north": {"uv": [0, 0, 10, 10], "rotation": 180, "texture": "#0"},
				"east": {"uv": [5.5, 0, 10, 7.5], "rotation": 270, "texture": "#0"},
				"south": {"uv": [0, 8.5, 8, 15], "texture": "#0"},
				"west": {"uv": [0, 0, 3.5, 7.5], "rotation": 90, "texture": "#0"},
				"up": {"uv": [10, 0, 14.5, 7.5], "rotation": 180, "texture": "#0"},
				"down": {"uv": [3.5, 0, 7.5, 7.5], "texture": "#0"}
			}
		},
		{
			"from": [7.1, 8.5, 11.5],
			"to": [8.9, 9.5, 15.7],
			"rotation": {"angle": 45, "axis": "x", "origin": [8, 10, 10.5]},
			"faces": {
				"north": {"uv": [0, 0, 7, 4], "rotation": 180, "texture": "#0"},
				"east": {"uv": [0, 0, 7, 4], "rotation": 270, "texture": "#0"},
				"south": {"uv": [0, 8.5, 8, 15], "texture": "#0"},
				"west": {"uv": [5, 4, 8, 7.5], "rotation": 90, "texture": "#0"},
				"up": {"uv": [5, 4, 8, 7.5], "rotation": 180, "texture": "#0"},
				"down": {"uv": [0, 8.5, 8, 15], "texture": "#0"}
			}
		},
		{
			"from": [6.7, 4, 13.85],
			"to": [9.5, 7, 13.85],
			"rotation": {"angle": 0, "axis": "x", "origin": [8, 6, 13.5]},
			"faces": {
				"north": {"uv": [0, 16, 16, 0], "rotation": 180, "texture": "#1"},
				"east": {"uv": [0, 0, 7, 4], "rotation": 270, "texture": "#1"},
				"south": {"uv": [0, 0, 16, 16], "texture": "#1"},
				"west": {"uv": [5, 4, 8, 7.5], "rotation": 90, "texture": "#1"},
				"up": {"uv": [5, 4, 8, 7.5], "rotation": 180, "texture": "#1"},
				"down": {"uv": [0, 8.5, 8, 15], "texture": "#1"}
			}
		}
	],
	"display": {
		"thirdperson_righthand": {
			"rotation": [45, 45, 0],
			"translation": [0, 2, 1.5],
			"scale": [0.5, 0.5, 0.5]
		},
		"thirdperson_lefthand": {
			"rotation": [45, 45, 0],
			"translation": [0, 2, 1.5],
			"scale": [0.5, 0.5, 0.5]
		},
		"firstperson_righthand": {
			"rotation": [15, 45, 0],
			"translation": [1.25, 5.25, 0],
			"scale": [0.7, 0.7, 0.7]
		},
		"firstperson_lefthand": {
			"rotation": [15, 45, 0],
			"translation": [1.25, 5.25, 0],
			"scale": [0.7, 0.7, 0.7]
		},
		"ground": {
			"translation": [0, 6, 0]
		},
		"gui": {
			"rotation": [45, 45, 0],
			"translation": [0, 5.5, 0],
			"scale": [1.3, 1.3, 1.3]
		},
		"head": {
			"translation": [0, 20.5, 0],
			"scale": [2.2, 2.2, 2.2]
		},
		"fixed": {
			"translation": [0, 9, 0],
			"scale": [2, 2, 2]
		}
	}
}