{
	"credit": "Made with Blockbench",
	"parent": "diamond_pickaxe",
	"textures": {
		"0": "block/gold_block",
		"3": "block/emerald_block",
		"4": "block/oak_log",
		"particle": "block/gold_block"
	},
	"elements": [
		{
			"from": [7.85, -0.3, 6.75],
			"to": [9.45, 4.8, 8.35],
			"rotation": {"angle": 0, "axis": "y", "origin": [8, 0, 7]},
			"faces": {
				"north": {"uv": [1, 1, 5, 15], "texture": "#0"},
				"east": {"uv": [1, 1, 5, 15], "texture": "#0"},
				"south": {"uv": [1, 1, 5, 15], "texture": "#0"},
				"west": {"uv": [1, 1, 5, 15], "texture": "#0"},
				"up": {"uv": [0, 0, 16, 16], "texture": "#0"},
				"down": {"uv": [0, 0, 16, 16], "texture": "#0"}
			}
		},
		{
			"from": [7.85, 4.75, 7.3],
			"to": [9.45, 5.35, 7.9],
			"rotation": {"angle": 0, "axis": "y", "origin": [8, 0, 7]},
			"faces": {
				"north": {"uv": [1, 1, 3, 4], "texture": "#0"},
				"east": {"uv": [1, 1, 3, 4], "texture": "#0"},
				"south": {"uv": [1, 1, 3, 4], "texture": "#0"},
				"west": {"uv": [1, 1, 3, 4], "texture": "#0"},
				"up": {"uv": [1, 1, 3, 4], "texture": "#0"},
				"down": {"uv": [1, 1, 3, 4], "texture": "#0"}
			}
		},
		{
			"from": [8.3, 4.75, 6.75],
			"to": [8.9, 5.35, 8.35],
			"rotation": {"angle": 0, "axis": "y", "origin": [8, 0, 7]},
			"faces": {
				"north": {"uv": [1, 1, 3, 3], "texture": "#0"},
				"east": {"uv": [1, 1, 3, 3], "texture": "#0"},
				"south": {"uv": [1, 1, 3, 3], "texture": "#0"},
				"west": {"uv": [1, 1, 3, 3], "texture": "#0"},
				"up": {"uv": [1, 1, 3, 3], "texture": "#0"},
				"down": {"uv": [1, 1, 3, 3], "texture": "#0"}
			}
		},
		{
			"from": [8.15, -0.1, 7.05],
			"to": [9.15, 14.1, 8.05],
			"rotation": {"angle": 0, "axis": "y", "origin": [8, 1, 7]},
			"faces": {
				"north": {"uv": [0, 0, 3, 16], "texture": "#4"},
				"east": {"uv": [0, 0, 3, 16], "texture": "#4"},
				"south": {"uv": [0, 0, 3, 16], "texture": "#4"},
				"west": {"uv": [0, 0, 3, 16], "texture": "#4"},
				"up": {"uv": [0, 0, 16, 16], "texture": "#4"},
				"down": {"uv": [0, 0, 16, 16], "texture": "#4"}
			}
		},
		{
			"from": [7, 10.75, 0],
			"to": [7, 11.75, 1],
			"rotation": {"angle": 45, "axis": "x", "origin": [8, 4, 7]},
			"faces": {
				"north": {"uv": [0, 0, 16, 16], "rotation": 180, "texture": "#0"},
				"east": {"uv": [0, 0, 16, 16], "rotation": 90, "texture": "#0"},
				"south": {"uv": [0, 0, 16, 16], "texture": "#0"},
				"west": {"uv": [0, 0, 16, 16], "rotation": 270, "texture": "#0"},
				"up": {"uv": [0, 0, 16, 16], "texture": "#0"},
				"down": {"uv": [0, 0, 16, 16], "rotation": 180, "texture": "#0"}
			}
		},
		{
			"from": [10, 10.75, 0],
			"to": [10, 11.75, 1],
			"rotation": {"angle": 45, "axis": "x", "origin": [8, 4, 7]},
			"faces": {
				"north": {"uv": [0, 0, 16, 16], "rotation": 180, "texture": "#0"},
				"east": {"uv": [0, 0, 16, 16], "rotation": 90, "texture": "#0"},
				"south": {"uv": [0, 0, 16, 16], "texture": "#0"},
				"west": {"uv": [0, 0, 16, 16], "rotation": 270, "texture": "#0"},
				"up": {"uv": [0, 0, 16, 16], "texture": "#0"},
				"down": {"uv": [0, 0, 16, 16], "rotation": 180, "texture": "#0"}
			}
		},
		{
			"from": [7.2, 9.95, -0.8],
			"to": [9.8, 12.55, 1.8],
			"rotation": {"angle": 45, "axis": "x", "origin": [8, 4, 7]},
			"faces": {
				"north": {"uv": [0, 0, 16, 16], "rotation": 180, "texture": "#3"},
				"east": {"uv": [0, 0, 16, 16], "rotation": 90, "texture": "#3"},
				"south": {"uv": [0, 0, 16, 16], "texture": "#3"},
				"west": {"uv": [0, 0, 16, 16], "rotation": 270, "texture": "#3"},
				"up": {"uv": [0, 0, 16, 16], "texture": "#3"},
				"down": {"uv": [0, 0, 16, 16], "rotation": 180, "texture": "#3"}
			}
		},
		{
			"from": [7.5, 12.2, 6.25],
			"to": [9.7, 14.8, 8.85],
			"rotation": {"angle": 0, "axis": "x", "origin": [8, 4, 7]},
			"faces": {
				"north": {"uv": [0, 0, 16, 16], "texture": "#3"},
				"east": {"uv": [0, 0, 16, 16], "texture": "#3"},
				"south": {"uv": [0, 0, 16, 16], "texture": "#3"},
				"west": {"uv": [0, 0, 16, 16], "texture": "#3"},
				"up": {"uv": [0, 0, 16, 16], "texture": "#3"},
				"down": {"uv": [0, 0, 16, 16], "texture": "#3"}
			}
		},
		{
			"from": [7.85, 12.45, 8.45],
			"to": [9.25, 14.05, 11.55],
			"rotation": {"angle": 0, "axis": "y", "origin": [8, 4, 7]},
			"faces": {
				"north": {"uv": [10, 12, 15, 15], "texture": "#3"},
				"east": {"uv": [10, 12, 15, 15], "texture": "#3"},
				"south": {"uv": [10, 12, 15, 15], "texture": "#3"},
				"west": {"uv": [10, 12, 15, 15], "texture": "#3"},
				"up": {"uv": [10, 12, 15, 15], "texture": "#3"},
				"down": {"uv": [10, 12, 15, 15], "texture": "#3"}
			}
		},
		{
			"from": [7.85, 12.45, 3.45],
			"to": [9.25, 14.05, 6.55],
			"rotation": {"angle": 0, "axis": "y", "origin": [8, 4, 7]},
			"faces": {
				"north": {"uv": [10, 12, 15, 15], "texture": "#3"},
				"east": {"uv": [10, 12, 15, 15], "texture": "#3"},
				"south": {"uv": [10, 12, 15, 15], "texture": "#3"},
				"west": {"uv": [10, 12, 15, 15], "texture": "#3"},
				"up": {"uv": [10, 12, 15, 15], "texture": "#3"},
				"down": {"uv": [10, 12, 15, 15], "texture": "#3"}
			}
		},
		{
			"from": [8, 13.95, 7.4],
			"to": [9.1, 14.8, 9.5],
			"rotation": {"angle": 22.5, "axis": "x", "origin": [8, 4, 7]},
			"faces": {
				"north": {"uv": [10, 12, 15, 15], "texture": "#3"},
				"east": {"uv": [10, 12, 15, 15], "texture": "#3"},
				"south": {"uv": [10, 12, 15, 15], "texture": "#3"},
				"west": {"uv": [10, 12, 15, 15], "texture": "#3"},
				"up": {"uv": [10, 12, 15, 15], "texture": "#3"},
				"down": {"uv": [10, 12, 15, 15], "texture": "#3"}
			}
		},
		{
			"from": [8, 13.45, 5.4],
			"to": [9.1, 14.3, 7.5],
			"rotation": {"angle": -22.5, "axis": "x", "origin": [8, 4, 7]},
			"faces": {
				"north": {"uv": [10, 12, 15, 15], "texture": "#3"},
				"east": {"uv": [10, 12, 15, 15], "texture": "#3"},
				"south": {"uv": [10, 12, 15, 15], "texture": "#3"},
				"west": {"uv": [10, 12, 15, 15], "texture": "#3"},
				"up": {"uv": [10, 12, 15, 15], "texture": "#3"},
				"down": {"uv": [10, 12, 15, 15], "texture": "#3"}
			}
		},
		{
			"from": [8.2, 14.2, 5.2],
			"to": [8.95, 14.85, 6.55],
			"rotation": {"angle": 45, "axis": "x", "origin": [8, 4, 7]},
			"faces": {
				"north": {"uv": [10, 12, 15, 15], "texture": "#3"},
				"east": {"uv": [10, 12, 15, 15], "texture": "#3"},
				"south": {"uv": [10, 12, 15, 15], "texture": "#3"},
				"west": {"uv": [10, 12, 15, 15], "texture": "#3"},
				"up": {"uv": [10, 12, 15, 15], "texture": "#3"},
				"down": {"uv": [10, 12, 15, 15], "texture": "#3"}
			}
		},
		{
			"from": [8.2, 13.45, 8.1],
			"to": [8.95, 14.1, 9.45],
			"rotation": {"angle": -45, "axis": "x", "origin": [8, 4, 7]},
			"faces": {
				"north": {"uv": [10, 12, 15, 15], "texture": "#3"},
				"east": {"uv": [10, 12, 15, 15], "texture": "#3"},
				"south": {"uv": [10, 12, 15, 15], "texture": "#3"},
				"west": {"uv": [10, 12, 15, 15], "texture": "#3"},
				"up": {"uv": [10, 12, 15, 15], "texture": "#3"},
				"down": {"uv": [10, 12, 15, 15], "texture": "#3"}
			}
		},
		{
			"from": [7.7, 9.2, -0.55],
			"to": [9.55, 12.3, 2.55],
			"rotation": {"angle": 45, "axis": "x", "origin": [8, 4, 7]},
			"faces": {
				"north": {"uv": [0, 0, 8, 8], "rotation": 180, "texture": "#4"},
				"east": {"uv": [0, 0, 8, 8], "rotation": 90, "texture": "#4"},
				"south": {"uv": [0, 0, 8, 8], "texture": "#4"},
				"west": {"uv": [0, 0, 8, 8], "rotation": 270, "texture": "#4"},
				"up": {"uv": [0, 0, 8, 8], "texture": "#4"},
				"down": {"uv": [0, 0, 8, 8], "rotation": 180, "texture": "#4"}
			}
		}
	],
	"display": {
		"thirdperson_righthand": {
			"rotation": [0, 180, 0],
			"translation": [1, 3.5, 0]
		},
		"thirdperson_lefthand": {
			"rotation": [0, 88, 0],
			"translation": [0.75, 3.75, -0.75]
		},
		"firstperson_righthand": {
			"translation": [-1, 0, 0]
		},
		"ground": {
			"rotation": [90, 90, 0],
			"translation": [0.5, 4.75, 0],
			"scale": [0.96, 1, 1]
		},
		"gui": {
			"rotation": [-45, 90, 45],
			"translation": [1.25, 0.5, 0]
		},
		"head": {
			"translation": [0, 14.75, 0]
		},
		"fixed": {
			"rotation": [0, 90, 0],
			"translation": [0, 0.75, -0.25]
		}
	},
	"groups": [
		0,
		1,
		2,
		3,
		4,
		5,
		{
			"name": "mazo",
			"origin": [8, 4, 7],
			"color": 0,
			"children": [6, 7, 8, 9, 10, 11, 12, 13]
		},
		14
	]
}