{
    "parent": "item/handheld",
    "textures": {
        "layer0": "item/diamond_hoe"
    },
	
		  "overrides": [
		{ "predicate": {"custom_model_data": 1},"model": "item/paraguashojaverano" }, 
		{ "predicate": {"custom_model_data": 2},"model": "item/geokeytotoro" }, 
		{ "predicate": {"custom_model_data": 3},"model": "item/brocha2" }, 
		{ "predicate": {"custom_model_data": 4},"model": "item/paraguashojainvierno" }, 
		{ "predicate": {"custom_model_data": 5},"model": "item/paraguashojaotono" }, 
		{ "predicate": {"custom_model_data": 6},"model": "item/esencias/singular" }, 
		{ "predicate": {"custom_model_data": 7},"model": "item/esencias/planta" }, 
		{ "predicate": {"custom_model_data": 8},"model": "item/esencias/fuego" }, 
		{ "predicate": {"custom_model_data": 9},"model": "item/esencias/agua" }, 
		{ "predicate": {"custom_model_data": 10},"model": "item/fishplaceholder" }, 
		{ "predicate": {"custom_model_data": 11},"model": "item/enciclopezdia" }, 
		{ "predicate": {"custom_model_data": 12},"model": "item/_umbrella_black" }, 
		{ "predicate": {"custom_model_data": 13},"model": "item/_umbrella_gray" }, 
		{ "predicate": {"custom_model_data": 14},"model": "item/_umbrella_golden" }, 
		{ "predicate": {"custom_model_data": 15},"model": "item/_umbrella_white" }, 
		{ "predicate": {"custom_model_data": 16},"model": "item/_kodama" }, 
		{ "predicate": {"custom_model_data": 17},"model": "item/_calcifer" }, 
		{ "predicate": {"custom_model_data": 18},"model": "item/_totoro_white" },    
		{ "predicate": {"custom_model_data": 19},"model": "item/_totoro_body" },  
		{ "predicate": {"custom_model_data": 20},"model": "item/_teto" },  
		{ "predicate": {"custom_model_data": 22},"model": "item/paraguashojaprimavera" },  
		{ "predicate": {"custom_model_data": 23},"model": "item/_totoro_blue" },
		{ "predicate": {"custom_model_data": 24},"model": "item/sootballcoal" },
		{ "predicate": {"custom_model_data": 25},"model": "item/sootball" },
		{ "predicate": {"custom_model_data": 26},"model": "item/brocha" },	
		{ "predicate": {"custom_model_data": 27},"model": "item/totemvinculacion" },	
		{ "predicate": {"custom_model_data": 28},"model": "item/hoz" },	
		{ "predicate": {"custom_model_data": 29},"model": "block/tacos" },	
		{ "predicate": {"custom_model_data": 30},"model": "block/sushi" },	
		{ "predicate": {"custom_model_data": 31},"model": "item/palodiagonalizquierda" },
		{ "predicate": {"custom_model_data": 32},"model": "item/palodiagonalderecha" },
		{ "predicate": {"custom_model_data": 33},"model": "item/palohorizontal" },
		{ "predicate": {"custom_model_data": 34},"model": "item/palovertical" },
		{ "predicate": {"custom_model_data": 35},"model": "item/geokeybeneficios" },
	    { "predicate": {"custom_model_data": 36},"model": "item/panoro" },		  
	    { "predicate": {"custom_model_data": 37},"model": "item/difusoragua" },
	    { "predicate": {"custom_model_data": 38},"model": "item/difusorlava" },
	    { "predicate": {"custom_model_data": 39},"model": "item/capsula" },
	    { "predicate": {"custom_model_data": 40},"model": "item/geokeyover" },				  
	    { "predicate": {"custom_model_data": 41},"model": "item/geokeynether" },		  
	    { "predicate": {"custom_model_data": 42},"model": "item/geokeyend" },
	    { "predicate": {"custom_model_data": 43},"model": "item/shearsespecial" },
	    { "predicate": {"custom_model_data": 44},"model": "item/varitaflor" },
	    { "predicate": {"custom_model_data": 45},"model": "item/varitacultivo" },
	    { "predicate": {"custom_model_data": 46},"model": "item/varitacamino" },
	    { "predicate": {"custom_model_data": 47},"model": "item/varitahielo" },
        { "predicate": {"custom_model_data": 48},"model": "item/insignia" },
        { "predicate": {"custom_model_data": 49},"model": "item/alas1" },
        { "predicate": {"custom_model_data": 50},"model": "item/fertilizante" },
	    { "predicate": {"custom_model_data": 51},"model": "item/geokeyvoto" },
		{ "predicate": {"custom_model_data": 52},"model": "item/cestadepascua" },
		{ "predicate": { "damaged": 1, "damage": 0.0 }, "model": "item/diamond_hoe" }
  ]
}
