{
    "__comment": "Model generated using MrCrayfish's Model Creator (http://mrcrayfish.com/modelcreator/)",
    "textures": {
        "0": "item/varitas/varitahielo"
    },
	
	
	    	"display": {
        "firstperson_righthand": {
              "rotation": [ 0, 0, 0 ],
            "translation": [ 0, 1, 0 ],
            "scale": [ 0.9, 0.9, 0.9 ]
        },
     	 "thirdperson_righthand": {
            "rotation": [ 0, 0, 0 ],
            "translation": [ 0, 1.5, 0 ],
            "scale": [ 0.9, 1.1, 0.9 ]
        },
        "gui": {
            "rotation": [ 0, 45, 45 ],
            "translation": [ 0, 0, 0 ],
            "scale": [ 1.1, 1.1, 1.1 ]
        },
        "ground": {
            "translation": [ 0, 4, 0 ],
            "scale": [ 0.6, 0.75, 0.6 ]
        },
        "fixed": {
            "translation": [ 0, 0.05, 0 ],
            "scale": [ 1.1, 1.25, 1.1 ]
        }			
		
		},	
	
	
	
	
	
	
    "elements": [
        {
            "name": "Element",
            "from": [ 7.0, 0.0, 8.0 ], 
            "to": [ 8.0, 13.0, 9.0 ], 
            "faces": {
                "north": { "texture": "#0", "uv": [ 5.0, 0.0, 3.0, 16.0 ] },
                "east": { "texture": "#0", "uv": [ 5.0, 0.0, 3.0, 16.0 ] },
                "south": { "texture": "#0", "uv": [ 2.0, 0.0, 4.0, 16.0 ] },
                "west": { "texture": "#0", "uv": [ 5.0, 1.0, 7.0, 16.0 ] },
                "up": { "texture": "#0", "uv": [ 12.0, 2.0, 14.0, 4.0 ] },
                "down": { "texture": "#0", "uv": [ 12.0, 2.0, 14.0, 4.0 ] }
            }
        },
        {
            "name": "Element",
            "from": [ 7.0, 12.0, 7.0 ], 
            "to": [ 8.0, 14.0, 8.0 ], 
            "faces": {
                "north": { "texture": "#0", "uv": [ 16.0, 0.0, 13.0, 4.0 ] },
                "east": { "texture": "#0", "uv": [ 13.0, 0.0, 16.0, 4.0 ] },
                "south": { "texture": "#0", "uv": [ 13.0, 0.0, 16.0, 4.0 ] },
                "west": { "texture": "#0", "uv": [ 16.0, 0.0, 14.0, 4.0 ] },
                "up": { "texture": "#0", "uv": [ 13.0, 0.0, 16.0, 4.0 ] },
                "down": { "texture": "#0", "uv": [ 13.0, 3.0, 16.0, 0.0 ] }
            }
        },
        {
            "name": "Element",
            "from": [ 7.0, 14.0, 8.0 ], 
            "to": [ 8.0, 15.0, 9.0 ], 
            "faces": {
                "north": { "texture": "#0", "uv": [ 8.0, 16.0, 15.0, 9.0 ] },
                "east": { "texture": "#0", "uv": [ 15.0, 16.0, 8.0, 9.0 ] },
                "south": { "texture": "#0", "uv": [ 15.0, 16.0, 8.0, 9.0 ] },
                "west": { "texture": "#0", "uv": [ 15.0, 16.0, 8.0, 9.0 ] },
                "up": { "texture": "#0", "uv": [ 15.0, 16.0, 8.0, 9.0 ] },
                "down": { "texture": "#0", "uv": [ 15.0, 16.0, 8.0, 9.0 ] }
            }
        },
        {
            "name": "Cube",
            "from": [ 7.0, 12.0, 9.0 ], 
            "to": [ 8.0, 14.0, 10.0 ], 
            "faces": {
                "north": { "texture": "#0", "uv": [ 16.0, 0.0, 13.0, 4.0 ] },
                "east": { "texture": "#0", "uv": [ 13.0, 0.0, 16.0, 4.0 ] },
                "south": { "texture": "#0", "uv": [ 13.0, 0.0, 16.0, 4.0 ] },
                "west": { "texture": "#0", "uv": [ 16.0, 0.0, 14.0, 4.0 ] },
                "up": { "texture": "#0", "uv": [ 13.0, 0.0, 16.0, 4.0 ] },
                "down": { "texture": "#0", "uv": [ 13.0, 3.0, 16.0, 0.0 ] }
            }
        },
        {
            "name": "Cube",
            "from": [ 8.0, 12.0, 8.0 ], 
            "to": [ 9.0, 14.0, 9.0 ], 
            "faces": {
                "north": { "texture": "#0", "uv": [ 16.0, 0.0, 13.0, 4.0 ] },
                "east": { "texture": "#0", "uv": [ 13.0, 0.0, 16.0, 4.0 ] },
                "south": { "texture": "#0", "uv": [ 13.0, 0.0, 16.0, 4.0 ] },
                "west": { "texture": "#0", "uv": [ 16.0, 0.0, 14.0, 4.0 ] },
                "up": { "texture": "#0", "uv": [ 13.0, 0.0, 16.0, 4.0 ] },
                "down": { "texture": "#0", "uv": [ 13.0, 3.0, 16.0, 0.0 ] }
            }
        },
        {
            "name": "Cube",
            "from": [ 6.0, 12.0, 8.0 ], 
            "to": [ 7.0, 14.0, 9.0 ], 
            "faces": {
                "north": { "texture": "#0", "uv": [ 16.0, 0.0, 13.0, 4.0 ] },
                "east": { "texture": "#0", "uv": [ 13.0, 0.0, 16.0, 4.0 ] },
                "south": { "texture": "#0", "uv": [ 13.0, 0.0, 16.0, 4.0 ] },
                "west": { "texture": "#0", "uv": [ 16.0, 0.0, 14.0, 4.0 ] },
                "up": { "texture": "#0", "uv": [ 13.0, 0.0, 16.0, 4.0 ] },
                "down": { "texture": "#0", "uv": [ 13.0, 3.0, 16.0, 0.0 ] }
            }
        },
        {
            "name": "Cube",
            "from": [ 6.0, 11.0, 9.0 ], 
            "to": [ 7.0, 13.0, 10.0 ], 
            "faces": {
                "north": { "texture": "#0", "uv": [ 16.0, 4.0, 15.0, 8.0 ] },
                "east": { "texture": "#0", "uv": [ 15.0, 4.0, 16.0, 8.0 ] },
                "south": { "texture": "#0", "uv": [ 15.0, 4.0, 16.0, 8.0 ] },
                "west": { "texture": "#0", "uv": [ 16.0, 4.0, 15.0, 8.0 ] },
                "up": { "texture": "#0", "uv": [ 15.0, 4.0, 16.0, 5.0 ] },
                "down": { "texture": "#0", "uv": [ 15.0, 8.0, 16.0, 7.0 ] }
            }
        },
        {
            "name": "Cube",
            "from": [ 8.0, 11.0, 9.0 ], 
            "to": [ 9.0, 13.0, 10.0 ], 
            "faces": {
                "north": { "texture": "#0", "uv": [ 16.0, 4.0, 15.0, 8.0 ] },
                "east": { "texture": "#0", "uv": [ 15.0, 4.0, 16.0, 8.0 ] },
                "south": { "texture": "#0", "uv": [ 15.0, 4.0, 16.0, 8.0 ] },
                "west": { "texture": "#0", "uv": [ 16.0, 4.0, 15.0, 8.0 ] },
                "up": { "texture": "#0", "uv": [ 15.0, 4.0, 16.0, 5.0 ] },
                "down": { "texture": "#0", "uv": [ 15.0, 8.0, 16.0, 7.0 ] }
            }
        },
        {
            "name": "Cube",
            "from": [ 8.0, 11.0, 7.0 ], 
            "to": [ 9.0, 13.0, 8.0 ], 
            "faces": {
                "north": { "texture": "#0", "uv": [ 16.0, 4.0, 15.0, 8.0 ] },
                "east": { "texture": "#0", "uv": [ 15.0, 4.0, 16.0, 8.0 ] },
                "south": { "texture": "#0", "uv": [ 15.0, 4.0, 16.0, 8.0 ] },
                "west": { "texture": "#0", "uv": [ 16.0, 4.0, 15.0, 8.0 ] },
                "up": { "texture": "#0", "uv": [ 15.0, 4.0, 16.0, 5.0 ] },
                "down": { "texture": "#0", "uv": [ 15.0, 8.0, 16.0, 7.0 ] }
            }
        },
        {
            "name": "Cube",
            "from": [ 6.0, 11.0, 7.0 ], 
            "to": [ 7.0, 13.0, 8.0 ], 
            "faces": {
                "north": { "texture": "#0", "uv": [ 16.0, 4.0, 15.0, 8.0 ] },
                "east": { "texture": "#0", "uv": [ 15.0, 4.0, 16.0, 8.0 ] },
                "south": { "texture": "#0", "uv": [ 15.0, 4.0, 16.0, 8.0 ] },
                "west": { "texture": "#0", "uv": [ 16.0, 4.0, 15.0, 8.0 ] },
                "up": { "texture": "#0", "uv": [ 15.0, 4.0, 16.0, 5.0 ] },
                "down": { "texture": "#0", "uv": [ 15.0, 8.0, 16.0, 7.0 ] }
            }
        }
    ]
}