{
    "parent": "item/handheld",
    "textures": {
        "layer0": "item/diamond_sword"
    },
		  "overrides": [
		{ "predicate": { "custom_model_data": 1},"model": "item/espadas/cetronaturaleza" },
		{ "predicate": { "custom_model_data": 2},"model": "item/espadas/cetroinfernal" },
		{ "predicate": { "custom_model_data": 3},"model": "item/espadas/netherite_sword" },
		{ "predicate": { "custom_model_data": 4},"model": "item/espadas/hachadebatalla" },
		{ "predicate": { "custom_model_data": 5},"model": "item/espadas/espadaamatista" }
  ]
}
