{
    "parent": "item/handheld",
    "textures": {
        "layer0": "item/diamond_pickaxe"
    },
		  "overrides": [
		{ "predicate": { "custom_model_data": 1},"model": "item/picos/martillo" },
		{ "predicate": { "custom_model_data": 2},"model": "item/picos/netherite_pickaxe" },
		{ "predicate": { "custom_model_data": 3},"model": "item/picos/picohierro" },
		{ "predicate": { "custom_model_data": 4},"model": "item/picos/picoesmeralda" },
		{ "predicate": { "custom_model_data": 5},"model": "item/picos/picoamatista" },
		{ "predicate": { "custom_model_data": 6},"model": "item/picos/picozafiro" },
		{ "predicate": { "custom_model_data": 7},"model": "item/picos/extractordeoro" }
  ]
}
