{
	"__comment": "Designed by Alanbecker with Cubik Studio - https://cubik.studio",
	"textures": {
		"1": "item/hats/kodama1",
		"2": "item/hats/kodama2",
		"3": "item/hats/kodama3",
		"4": "item/hats/kodama4",
		"5": "item/hats/kodama5",
		"particle": "item/hats/kodama"
	},
	"elements": [
		{
			"__comment": "1",
			"from": [ 5.4999, 5, 6 ],
			"to": [ 10.4999, 10, 10 ],
			"faces": {
				"down": { "uv": [ 8, 0, 14, 8 ], "texture": "#1" },
				"up": { "uv": [ 8, 0, 14, 8 ], "texture": "#1" },
				"north": { "uv": [ 0, 0, 8, 8 ], "texture": "#1" },
				"south": { "uv": [ 0, 8, 8, 16 ], "texture": "#1" },
				"west": { "uv": [ 8, 0, 14, 8 ], "texture": "#1" },
				"east": { "uv": [ 8, 0, 14, 8 ], "texture": "#1" }
			}
		},
		{
			"__comment": "2",
			"from": [ 5.4999, 5, 6 ],
			"to": [ 10.4999, 10, 10 ],
			"rotation": { "origin": [ 8, 7.5, 8 ], "axis": "z", "angle": 22.5 },
			"faces": {
				"down": { "uv": [ 8, 0, 14, 8 ], "texture": "#2" },
				"up": { "uv": [ 8, 0, 14, 8 ], "texture": "#2" },
				"north": { "uv": [ 0, 0, 8, 8 ], "texture": "#2" },
				"south": { "uv": [ 0, 8, 8, 16 ], "texture": "#2" },
				"west": { "uv": [ 8, 0, 14, 8 ], "texture": "#2" },
				"east": { "uv": [ 8, 0, 14, 8 ], "texture": "#2" }
			}
		},
		{
			"__comment": "3",
			"from": [ 5.4999, 5.0001, 6 ],
			"to": [ 10.4999, 10.0001, 10 ],
			"rotation": { "origin": [ 8, 7.5, 8 ], "axis": "z", "angle": -45 },
			"faces": {
				"down": { "uv": [ 8, 0, 14, 8 ], "texture": "#3", "rotation": 90 },
				"up": { "uv": [ 14, 8, 8, 0 ], "texture": "#3", "rotation": 270 },
				"north": { "uv": [ 0, 0, 8, 8 ], "texture": "#3", "rotation": 90 },
				"south": { "uv": [ 0, 8, 8, 16 ], "texture": "#3", "rotation": 270 },
				"west": { "uv": [ 8, 0, 14, 8 ], "texture": "#3", "rotation": 90 },
				"east": { "uv": [ 14, 8, 8, 0 ], "texture": "#3", "rotation": 270 }
			}
		},
		{
			"__comment": "4",
			"from": [ 5.4999, 5, 6 ],
			"to": [ 10.4999, 10, 10 ],
			"rotation": { "origin": [ 8, 7.5, 8 ], "axis": "z", "angle": -22.5 },
			"faces": {
				"down": { "uv": [ 14, 8, 8, 0 ], "texture": "#4", "rotation": 270 },
				"up": { "uv": [ 8, 0, 14, 8 ], "texture": "#4", "rotation": 90 },
				"north": { "uv": [ 0, 0, 8, 8 ], "texture": "#4", "rotation": 90 },
				"south": { "uv": [ 0, 8, 8, 16 ], "texture": "#4", "rotation": 270 },
				"west": { "uv": [ 14, 8, 8, 0 ], "texture": "#4", "rotation": 270 },
				"east": { "uv": [ 8, 0, 14, 8 ], "texture": "#4", "rotation": 90 }
			}
		},
		{
			"__comment": "5",
			"from": [ 5.4999, 5, 6 ],
			"to": [ 10.4999, 10, 10 ],
			"faces": {
				"down": { "uv": [ 8, 0, 14, 8 ], "texture": "#5", "rotation": 90 },
				"up": { "uv": [ 14, 8, 8, 0 ], "texture": "#5", "rotation": 270 },
				"north": { "uv": [ 0, 0, 8, 8 ], "texture": "#5", "rotation": 90 },
				"south": { "uv": [ 0, 8, 8, 16 ], "texture": "#5", "rotation": 270 },
				"west": { "uv": [ 8, 0, 14, 8 ], "texture": "#5", "rotation": 90 },
				"east": { "uv": [ 14, 8, 8, 0 ], "texture": "#5", "rotation": 270 }
			}
		},
		{
			"__comment": "body",
			"from": [ 6.5, 0, 7.5 ],
			"to": [ 9.5, 5.5, 9.5 ],
			"faces": {
				"down": { "uv": [ 2, 0, 14, 16 ], "texture": "#particle" },
				"up": { "uv": [ 2, 0, 14, 16 ], "texture": "#particle" },
				"north": { "uv": [ 2, 0, 14, 16 ], "texture": "#particle" },
				"south": { "uv": [ 2, 0, 14, 16 ], "texture": "#particle" },
				"west": { "uv": [ 8, 0, 2, 16 ], "texture": "#particle" },
				"east": { "uv": [ 2, 0, 8, 16 ], "texture": "#particle" }
			}
		},
		{
			"__comment": "legL",
			"from": [ 8.25, 0, 6 ],
			"to": [ 9.75, 3, 7.5 ],
			"rotation": { "origin": [ 8.25, 0, 6 ], "axis": "z", "angle": 0 },
			"faces": {
				"down": { "uv": [ 2, 0, 14, 11 ], "texture": "#particle" },
				"up": { "uv": [ 2, 0, 14, 11 ], "texture": "#particle" },
				"north": { "uv": [ 2, 0, 14, 16 ], "texture": "#particle" },
				"south": { "uv": [ 2, 0, 14, 16 ], "texture": "#particle" },
				"west": { "uv": [ 2, 0, 14, 16 ], "texture": "#particle" },
				"east": { "uv": [ 2, 0, 14, 16 ], "texture": "#particle" }
			}
		},
		{
			"__comment": "armL",
			"from": [ 9.5, 0.5, 6.5 ],
			"to": [ 10, 5, 8 ],
			"rotation": { "origin": [ 9.5, 0.5, 6.5 ], "axis": "x", "angle": 22.5 },
			"faces": {
				"down": { "uv": [ 2, 0, 4, 4 ], "texture": "#particle" },
				"up": { "uv": [ 2, 0, 4, 4 ], "texture": "#particle" },
				"north": { "uv": [ 3, 0, 5, 16 ], "texture": "#particle" },
				"south": { "uv": [ 3, 0, 5, 16 ], "texture": "#particle" },
				"west": { "uv": [ 8, 0, 13, 16 ], "texture": "#particle" },
				"east": { "uv": [ 8, 0, 13, 16 ], "texture": "#particle" }
			}
		},
		{
			"__comment": "armR",
			"from": [ 6, 0.5, 6.5 ],
			"to": [ 6.5, 5, 8 ],
			"rotation": { "origin": [ 6, 0.5, 6.5 ], "axis": "x", "angle": 22.5 },
			"faces": {
				"down": { "uv": [ 2, 0, 4, 4 ], "texture": "#particle" },
				"up": { "uv": [ 2, 0, 4, 4 ], "texture": "#particle" },
				"north": { "uv": [ 3, 0, 5, 16 ], "texture": "#particle" },
				"south": { "uv": [ 3, 0, 5, 16 ], "texture": "#particle" },
				"west": { "uv": [ 8, 0, 13, 16 ], "texture": "#particle" },
				"east": { "uv": [ 8, 0, 13, 16 ], "texture": "#particle" }
			}
		},
		{
			"__comment": "legR",
			"from": [ 6.25, 0, 6 ],
			"to": [ 7.75, 3, 7.5 ],
			"faces": {
				"down": { "uv": [ 2, 0, 14, 11 ], "texture": "#particle" },
				"up": { "uv": [ 2, 0, 14, 11 ], "texture": "#particle" },
				"north": { "uv": [ 2, 0, 14, 16 ], "texture": "#particle" },
				"south": { "uv": [ 2, 0, 14, 16 ], "texture": "#particle" },
				"west": { "uv": [ 2, 0, 14, 16 ], "texture": "#particle" },
				"east": { "uv": [ 2, 0, 14, 16 ], "texture": "#particle" }
			}
		}
	],
	"display": {
		"thirdperson_righthand": {
			"rotation":  [ 63, -13, 0 ],
			"translation":  [ 0.6, 2, 16.695 ],
			"scale":  [ 0.7, 0.7, 0.7 ]
		},
		"thirdperson_lefthand": {
			"rotation":  [ 63, -13, 0 ],
			"translation":  [ 0.6, 2, 16.695 ],
			"scale":  [ 0.7, 0.7, 0.7 ]
		},
		"firstperson_righthand": {
			"rotation":  [ 0, 9, 0 ],
			"translation":  [ 5.5652, 5.5652, -0.694 ]
		},
		"firstperson_lefthand": {
			"rotation":  [ 0, 9, 0 ],
			"translation":  [ 5.5652, 5.5652, -0.694 ]
		},
		"gui": {
			"rotation":  [ 30, 135, 0 ],
			"translation":  [ 0, 2.0869, 0 ],
			"scale":  [ 1.2, 1.2, 1.2 ]
		},
		"head": {
			"translation":  [ 0, -23, 0 ],
			"scale":  [ 1.2, 1.2, 1.2 ]
		},
		"ground": {
			"translation":  [ 0, 2.7826, 0 ],
			"scale":  [ 0.7, 0.7, 0.7 ]
		},
		"fixed": {
			"translation":  [ 0, 2.7826, 0 ],
			"scale":  [ 1.5, 1.5, 1.5 ]
		}
	}
}