{
    "parent": "item/handheld",
    "textures": {
        "layer0": "item/diamond_pickaxe"
    },
	
		  "overrides": [
		{ "predicate": {"custom_model_data": 1},"model": "item/martillo" },
        { "predicate": {"custom_model_data": 2},"model": "item/navaja" },
        { "predicate": {"custom_model_data": 3},"model": "item/picoesmeralda" },
	    { "predicate": {"custom_model_data": 4},"model": "item/picorubi" },
		{ "predicate": { "damaged": 1, "damage": 0.0 }, "model": "item/diamond_pickaxe" }
  ]
}
