{
	"credit": "~ Elsweyr",
	"textures": {
		"texture": "item/dragon"
	},
	"elements": [
		{
			"from": [5.50003, 9.50053, 15.50078],
			"to": [10.50003, 14.50053, 22.00078],
			"faces": {
				"north": {"uv": [4.501, 1.251, 5.749, 2.499], "texture": "#texture"},
				"east": {"uv": [2.876, 1.251, 4.499, 2.499], "texture": "#texture"},
				"south": {"uv": [1.626, 1.251, 2.874, 2.499], "texture": "#texture"},
				"west": {"uv": [0.001, 1.251, 1.624, 2.499], "texture": "#texture"},
				"up": {"uv": [2.876, 0.001, 4.499, 1.249], "rotation": 270, "texture": "#texture"},
				"down": {"uv": [2.876, 2.501, 4.499, 3.749], "rotation": 90, "texture": "#texture"}
			}
		},
		{
			"from": [5.99954, 10.50054, 21.99978],
			"to": [9.99954, 12.50054, 25.49978],
			"faces": {
				"north": {"uv": [2.751, 4.126, 3.749, 4.624], "texture": "#texture"},
				"east": {"uv": [1.876, 4.126, 2.749, 4.624], "texture": "#texture"},
				"south": {"uv": [0.876, 4.126, 1.874, 4.624], "texture": "#texture"},
				"west": {"uv": [0.001, 4.126, 0.874, 4.624], "texture": "#texture"},
				"up": {"uv": [2.749, 3.126, 1.876, 4.124], "rotation": 270, "texture": "#texture"},
				"down": {"uv": [2.749, 5.624, 1.876, 4.626], "rotation": 90, "texture": "#texture"}
			}
		},
		{
			"from": [6.50007, 9.93737, 21.87448],
			"to": [9.50007, 10.93737, 25.37448],
			"rotation": {"angle": 22.5, "axis": "x", "origin": [6.5, 10.9375, 21.875]},
			"faces": {
				"north": {"uv": [2.501, 6.501, 3.249, 6.749], "texture": "#texture"},
				"east": {"uv": [1.626, 6.501, 2.499, 6.749], "texture": "#texture"},
				"south": {"uv": [0.876, 6.501, 1.624, 6.749], "texture": "#texture"},
				"west": {"uv": [0.001, 6.501, 0.874, 6.749], "texture": "#texture"},
				"up": {"uv": [2.499, 6.499, 1.626, 5.751], "rotation": 270, "texture": "#texture"},
				"down": {"uv": [2.499, 7.499, 1.626, 6.751], "rotation": 90, "texture": "#texture"}
			}
		},
		{
			"from": [5.75099, 14.50002, 11.99938],
			"to": [7.25099, 16.12502, 16.49939],
			"rotation": {"angle": 22.5, "axis": "x", "origin": [5.75, 16.125, 12]},
			"faces": {
				"north": {"uv": [5.876, 0.001, 6.249, 0.374], "texture": "#texture"},
				"east": {"uv": [7.749, 0.001, 6.626, 0.374], "texture": "#texture"},
				"south": {"uv": [5.876, 1.501, 6.249, 1.874], "texture": "#texture"},
				"west": {"uv": [6.626, 0.001, 7.749, 0.374], "texture": "#texture"},
				"up": {"uv": [6.251, 0.376, 6.624, 1.499], "texture": "#texture"},
				"down": {"uv": [6.251, 1.499, 6.624, 0.376], "texture": "#texture"}
			}
		},
		{
			"from": [8.74961, 14.50083, 11.93826],
			"to": [10.24961, 16.12583, 16.43826],
			"rotation": {"angle": 22.5, "axis": "x", "origin": [8.75, 16.125, 11.9375]},
			"faces": {
				"north": {"uv": [5.876, 0.001, 6.249, 0.374], "texture": "#texture"},
				"east": {"uv": [7.749, 0.001, 6.626, 0.374], "texture": "#texture"},
				"south": {"uv": [5.876, 1.501, 6.249, 1.874], "texture": "#texture"},
				"west": {"uv": [6.626, 0.001, 7.749, 0.374], "texture": "#texture"},
				"up": {"uv": [6.251, 0.376, 6.624, 1.499], "texture": "#texture"},
				"down": {"uv": [6.624, 1.499, 6.251, 0.376], "texture": "#texture"}
			}
		},
		{
			"from": [6.501, 7.99903, 15.87576],
			"to": [9.501, 11.87403, 19.00076],
			"rotation": {"angle": 45, "axis": "x", "origin": [6.5, 11.875, 15.875]},
			"faces": {
				"north": {"uv": [6.876, 3.376, 7.624, 4.374], "texture": "#texture"},
				"east": {"uv": [6.126, 3.376, 6.874, 4.374], "texture": "#texture"},
				"south": {"uv": [5.376, 3.376, 6.124, 4.374], "texture": "#texture"},
				"west": {"uv": [4.626, 3.376, 5.374, 4.374], "texture": "#texture"},
				"up": {"uv": [5.376, 4.376, 6.124, 5.124], "texture": "#texture"},
				"down": {"uv": [6.124, 5.124, 5.376, 4.376], "texture": "#texture"}
			}
		},
		{
			"from": [5.49943, 2.74969, 7.12576],
			"to": [10.49943, 7.74969, 14.62576],
			"rotation": {"angle": -22.5, "axis": "x", "origin": [5.5, 7.75, 7.125]},
			"faces": {
				"north": {"uv": [9.751, 3.126, 10.999, 4.374], "texture": "#texture"},
				"east": {"uv": [7.876, 0.001, 9.749, 1.249], "texture": "#texture"},
				"south": {"uv": [9.751, 0.001, 10.999, 1.249], "texture": "#texture"},
				"west": {"uv": [11.001, 0.001, 12.874, 1.249], "texture": "#texture"},
				"up": {"uv": [9.749, 3.124, 8.501, 1.251], "texture": "#texture"},
				"down": {"uv": [10.999, 3.124, 9.751, 1.251], "texture": "#texture"}
			}
		},
		{
			"from": [4.99963, 1.49941, 9.37448],
			"to": [6.49963, 3.49941, 10.87448],
			"rotation": {"angle": -45, "axis": "x", "origin": [5, 3.5, 9.375]},
			"faces": {
				"north": {"uv": [5.376, 6.876, 5.749, 7.374], "texture": "#texture"},
				"east": {"uv": [4.251, 6.876, 4.624, 7.374], "texture": "#texture"},
				"south": {"uv": [4.626, 6.876, 4.999, 7.374], "texture": "#texture"},
				"west": {"uv": [5.376, 6.876, 5.749, 7.374], "texture": "#texture"},
				"up": {"uv": [4.626, 6.501, 4.999, 6.874], "texture": "#texture"},
				"down": {"uv": [4.626, 7.376, 4.999, 7.749], "texture": "#texture"}
			}
		},
		{
			"from": [6.00078, 3.74992, 4.37457],
			"to": [10.00078, 7.24992, 8.87457],
			"faces": {
				"north": {"uv": [15.999, 5.124, 15.001, 4.251], "texture": "#texture"},
				"east": {"uv": [11.751, 4.251, 12.874, 5.124], "texture": "#texture"},
				"south": {"uv": [13.874, 5.124, 12.876, 4.251], "texture": "#texture"},
				"west": {"uv": [13.876, 4.251, 14.999, 5.124], "texture": "#texture"},
				"up": {"uv": [13.874, 4.249, 12.876, 3.126], "texture": "#texture"},
				"down": {"uv": [13.874, 6.249, 12.876, 5.126], "texture": "#texture"}
			}
		},
		{
			"from": [6.37544, 2.87569, 0.99973],
			"to": [9.75044, 5.25069, 4.74973],
			"rotation": {"angle": -22.5, "axis": "x", "origin": [6.375, 5.25, 1]},
			"faces": {
				"north": {"uv": [15.874, 1.999, 15.001, 1.376], "texture": "#texture"},
				"east": {"uv": [12.376, 1.376, 13.249, 1.999], "texture": "#texture"},
				"south": {"uv": [13.251, 1.376, 14.124, 1.999], "texture": "#texture"},
				"west": {"uv": [14.126, 1.376, 14.999, 1.999], "texture": "#texture"},
				"up": {"uv": [13.251, 0.501, 14.124, 1.374], "texture": "#texture"},
				"down": {"uv": [13.251, 2.001, 14.124, 2.874], "texture": "#texture"}
			}
		},
		{
			"from": [7.24987, 3.25022, -3.37585],
			"to": [8.74987, 4.87522, 1.87415],
			"faces": {
				"north": {"uv": [10.876, 4.876, 11.249, 5.249], "texture": "#texture"},
				"east": {"uv": [9.626, 4.876, 10.874, 5.249], "texture": "#texture"},
				"south": {"uv": [9.251, 4.876, 9.624, 5.249], "texture": "#texture"},
				"west": {"uv": [8.001, 4.876, 9.249, 5.249], "texture": "#texture"},
				"up": {"uv": [9.251, 3.626, 9.624, 4.874], "texture": "#texture"},
				"down": {"uv": [9.624, 6.499, 9.251, 5.126], "texture": "#texture"}
			}
		},
		{
			"from": [9.50011, 1.50073, 10.24901],
			"to": [11.00011, 3.75073, 11.87401],
			"rotation": {"angle": 22.5, "axis": "x", "origin": [9.5, 3.75, 10.25]},
			"faces": {
				"north": {"uv": [5.376, 5.501, 5.749, 5.999], "texture": "#texture"},
				"east": {"uv": [4.251, 5.501, 4.624, 5.999], "texture": "#texture"},
				"south": {"uv": [4.626, 5.501, 4.999, 5.999], "texture": "#texture"},
				"west": {"uv": [5.376, 5.501, 5.749, 5.999], "texture": "#texture"},
				"up": {"uv": [4.626, 5.126, 4.999, 5.499], "texture": "#texture"},
				"down": {"uv": [4.626, 6.001, 4.999, 6.374], "texture": "#texture"}
			}
		},
		{
			"from": [4.9996, 0.74984, 9.49997],
			"to": [6.4996, 1.74984, 12.12497],
			"faces": {
				"north": {"uv": [7.751, 5.876, 8.124, 6.124], "texture": "#texture"},
				"east": {"uv": [7.126, 5.876, 7.749, 6.124], "texture": "#texture"},
				"south": {"uv": [6.751, 5.876, 7.124, 6.124], "texture": "#texture"},
				"west": {"uv": [6.126, 5.876, 6.749, 6.124], "texture": "#texture"},
				"up": {"uv": [6.751, 5.251, 7.124, 5.874], "texture": "#texture"},
				"down": {"uv": [6.751, 6.126, 7.124, 6.749], "texture": "#texture"}
			}
		},
		{
			"from": [9.87469, 0.74999, 11.75066],
			"to": [9.93719, 1.74999, 13.25066],
			"shade": false,
			"faces": {
				"east": {"uv": [7.126, 0.876, 7.499, 1.124], "texture": "#texture"},
				"west": {"uv": [15.501, 15.501, 15.874, 15.749], "texture": "#texture"}
			}
		},
		{
			"from": [5.37502, 0.74939, 11.75088],
			"to": [5.43752, 1.74939, 13.25088],
			"shade": false,
			"faces": {
				"east": {"uv": [7.126, 0.876, 7.499, 1.124], "texture": "#texture"},
				"west": {"uv": [15.501, 15.501, 15.874, 15.749], "texture": "#texture"}
			}
		},
		{
			"from": [9.50054, 1.50257, 9.24946],
			"to": [11.00054, 3.50257, 10.74946],
			"rotation": {"angle": -45, "axis": "x", "origin": [9.5, 3.50184, 9.25]},
			"faces": {
				"north": {"uv": [5.376, 6.876, 5.749, 7.374], "texture": "#texture"},
				"east": {"uv": [4.251, 6.876, 4.624, 7.374], "texture": "#texture"},
				"south": {"uv": [4.626, 6.876, 4.999, 7.374], "texture": "#texture"},
				"west": {"uv": [5.001, 6.876, 5.374, 7.374], "texture": "#texture"},
				"up": {"uv": [4.626, 6.501, 4.999, 6.874], "texture": "#texture"},
				"down": {"uv": [4.626, 7.376, 4.999, 7.749], "texture": "#texture"}
			}
		},
		{
			"from": [4.99917, 1.49982, 10.37477],
			"to": [6.49917, 3.74982, 11.99977],
			"rotation": {"angle": 22.5, "axis": "x", "origin": [5, 3.75, 10.375]},
			"faces": {
				"north": {"uv": [5.376, 5.501, 5.749, 5.999], "texture": "#texture"},
				"east": {"uv": [4.251, 5.501, 4.624, 5.999], "texture": "#texture"},
				"south": {"uv": [4.626, 5.501, 4.999, 5.999], "texture": "#texture"},
				"west": {"uv": [5.001, 5.501, 5.374, 5.999], "texture": "#texture"},
				"up": {"uv": [4.626, 5.126, 4.999, 5.499], "texture": "#texture"},
				"down": {"uv": [4.626, 6.001, 4.999, 6.374], "texture": "#texture"}
			}
		},
		{
			"from": [9.49994, 0.74959, 9.37564],
			"to": [10.99994, 1.74959, 11.87564],
			"faces": {
				"north": {"uv": [7.751, 5.876, 8.124, 6.124], "texture": "#texture"},
				"east": {"uv": [7.126, 5.876, 7.749, 6.124], "texture": "#texture"},
				"south": {"uv": [6.751, 5.876, 7.124, 6.124], "texture": "#texture"},
				"west": {"uv": [6.126, 5.876, 6.749, 6.124], "texture": "#texture"},
				"up": {"uv": [6.751, 5.251, 7.124, 5.874], "texture": "#texture"},
				"down": {"uv": [6.751, 6.126, 7.124, 6.749], "texture": "#texture"}
			}
		},
		{
			"from": [6.12545, 0.7501, 11.75076],
			"to": [6.18795, 1.7501, 13.25076],
			"shade": false,
			"faces": {
				"east": {"uv": [7.126, 0.876, 7.499, 1.124], "texture": "#texture"},
				"west": {"uv": [15.626, 15.751, 15.999, 15.999], "texture": "#texture"}
			}
		},
		{
			"from": [10.62574, 0.74978, 11.74904],
			"to": [10.68824, 1.74979, 13.24904],
			"shade": false,
			"faces": {
				"east": {"uv": [7.126, 0.876, 7.499, 1.124], "texture": "#texture"},
				"west": {"uv": [15.749, 15.749, 15.376, 15.501], "texture": "#texture"}
			}
		},
		{
			"name": "Spike 1",
			"from": [7.62591, 14.37413, 18.62525],
			"to": [8.50091, 15.37413, 20.00025],
			"faces": {
				"north": {"uv": [7.876, 2.126, 8.124, 2.499], "texture": "#texture"},
				"east": {"uv": [7.376, 2.126, 7.749, 2.499], "texture": "#texture"},
				"south": {"uv": [7.876, 2.126, 8.124, 2.499], "texture": "#texture"},
				"west": {"uv": [7.376, 2.126, 7.749, 2.499], "texture": "#texture"},
				"up": {"uv": [7.001, 2.126, 7.249, 2.499], "texture": "#texture"},
				"down": {"uv": [7.001, 2.126, 7.249, 2.499], "texture": "#texture"}
			}
		},
		{
			"name": "Spike 1*",
			"from": [7.62511, 14.37519, 15.99996],
			"to": [8.50011, 15.37519, 17.37496],
			"faces": {
				"north": {"uv": [7.876, 2.126, 8.124, 2.499], "texture": "#texture"},
				"east": {"uv": [7.376, 2.126, 7.749, 2.499], "texture": "#texture"},
				"south": {"uv": [7.876, 2.126, 8.124, 2.499], "texture": "#texture"},
				"west": {"uv": [7.376, 2.126, 7.749, 2.499], "texture": "#texture"},
				"up": {"uv": [7.001, 2.126, 7.249, 2.499], "texture": "#texture"},
				"down": {"uv": [7.001, 2.126, 7.249, 2.499], "texture": "#texture"}
			}
		},
		{
			"name": "Spike 1*",
			"from": [7.62568, 10.12443, 13.8748],
			"to": [8.50068, 11.12443, 15.2498],
			"rotation": {"angle": -45, "axis": "x", "origin": [7.625, 11.125, 13.875]},
			"faces": {
				"north": {"uv": [7.876, 2.126, 8.124, 2.499], "texture": "#texture"},
				"east": {"uv": [7.376, 2.126, 7.749, 2.499], "texture": "#texture"},
				"south": {"uv": [7.876, 2.126, 8.124, 2.499], "texture": "#texture"},
				"west": {"uv": [7.376, 2.126, 7.749, 2.499], "texture": "#texture"},
				"up": {"uv": [7.001, 2.126, 7.249, 2.499], "texture": "#texture"},
				"down": {"uv": [7.001, 2.126, 7.249, 2.499], "texture": "#texture"}
			}
		},
		{
			"name": "Spike 1*",
			"from": [7.62573, 9.24902, 10.99949],
			"to": [8.50073, 10.24902, 12.37449],
			"rotation": {"angle": -22.5, "axis": "x", "origin": [7.625, 10.25, 11]},
			"faces": {
				"north": {"uv": [7.876, 2.126, 8.124, 2.499], "texture": "#texture"},
				"east": {"uv": [7.376, 2.126, 7.749, 2.499], "texture": "#texture"},
				"south": {"uv": [7.876, 2.126, 8.124, 2.499], "texture": "#texture"},
				"west": {"uv": [7.376, 2.126, 7.749, 2.499], "texture": "#texture"},
				"up": {"uv": [7.001, 2.126, 7.249, 2.499], "texture": "#texture"},
				"down": {"uv": [7.001, 2.126, 7.249, 2.499], "texture": "#texture"}
			}
		},
		{
			"name": "Spike 1*",
			"from": [7.62558, 8.00094, 7.87456],
			"to": [8.50058, 9.00094, 9.24956],
			"rotation": {"angle": -22.5, "axis": "x", "origin": [7.625, 9, 7.875]},
			"faces": {
				"north": {"uv": [7.876, 2.126, 8.124, 2.499], "texture": "#texture"},
				"east": {"uv": [7.376, 2.126, 7.749, 2.499], "texture": "#texture"},
				"south": {"uv": [7.876, 2.126, 8.124, 2.499], "texture": "#texture"},
				"west": {"uv": [7.376, 2.126, 7.749, 2.499], "texture": "#texture"},
				"up": {"uv": [7.001, 2.126, 7.249, 2.499], "texture": "#texture"},
				"down": {"uv": [7.001, 2.126, 7.249, 2.499], "texture": "#texture"}
			}
		},
		{
			"name": "Spike 1*",
			"from": [7.62434, 5.62487, 2.00023],
			"to": [8.49934, 6.62487, 3.37523],
			"rotation": {"angle": -22.5, "axis": "x", "origin": [7.625, 6.625, 2]},
			"faces": {
				"north": {"uv": [7.876, 2.126, 8.124, 2.499], "texture": "#texture"},
				"east": {"uv": [7.376, 2.126, 7.749, 2.499], "texture": "#texture"},
				"south": {"uv": [7.876, 2.126, 8.124, 2.499], "texture": "#texture"},
				"west": {"uv": [7.376, 2.126, 7.749, 2.499], "texture": "#texture"},
				"up": {"uv": [7.001, 2.126, 7.249, 2.499], "texture": "#texture"},
				"down": {"uv": [7.001, 2.126, 7.249, 2.499], "texture": "#texture"}
			}
		},
		{
			"name": "Spike 1*",
			"from": [7.62561, 6.99922, 4.99911],
			"to": [8.50061, 7.99922, 6.37411],
			"faces": {
				"north": {"uv": [7.876, 2.126, 8.124, 2.499], "texture": "#texture"},
				"east": {"uv": [7.376, 2.126, 7.749, 2.499], "texture": "#texture"},
				"south": {"uv": [7.876, 2.126, 8.124, 2.499], "texture": "#texture"},
				"west": {"uv": [7.376, 2.126, 7.749, 2.499], "texture": "#texture"},
				"up": {"uv": [7.001, 2.126, 7.249, 2.499], "texture": "#texture"},
				"down": {"uv": [7.001, 2.126, 7.249, 2.499], "texture": "#texture"}
			}
		},
		{
			"from": [10.49901, 8.06286, 6.99968],
			"to": [19.24901, 8.12536, 13.99968],
			"rotation": {"angle": 22.5, "axis": "z", "origin": [10.5, 8.125, 7]},
			"faces": {
				"up": {"uv": [6.374, 10.749, 4.376, 8.751], "texture": "#texture"},
				"down": {"uv": [6.876, 8.751, 8.874, 10.749], "texture": "#texture"}
			}
		},
		{
			"from": [-2.5002, 11.18691, 7.00055],
			"to": [6.2498, 11.24941, 14.00055],
			"rotation": {"angle": -22.5, "axis": "z", "origin": [-2.5, 11.25, 7]},
			"faces": {
				"up": {"uv": [8.874, 10.749, 6.876, 8.751], "texture": "#texture"},
				"down": {"uv": [4.376, 8.626, 6.374, 10.749], "texture": "#texture"}
			}
		},
		{
			"from": [18.49908, 11.37404, 6.87461],
			"to": [26.24908, 11.43654, 13.99961],
			"faces": {
				"up": {"uv": [4.374, 10.749, 2.376, 8.751], "texture": "#texture"},
				"down": {"uv": [8.876, 8.751, 10.874, 10.749], "texture": "#texture"}
			}
		},
		{
			"from": [-10.25047, 11.18678, 6.87455],
			"to": [-2.50047, 11.24928, 13.99955],
			"faces": {
				"up": {"uv": [10.874, 10.749, 8.876, 8.751], "texture": "#texture"},
				"down": {"uv": [2.376, 8.751, 4.374, 10.749], "texture": "#texture"}
			}
		},
		{
			"name": "Box32",
			"from": [6.50012, 12.8757, 20.99935],
			"to": [9.50012, 13.8757, 24.99935],
			"rotation": {"angle": 22.5, "axis": "x", "origin": [6.5, 12.875, 21]},
			"faces": {
				"north": {"uv": [0, 14.75, 0.75, 15], "texture": "#texture"},
				"east": {"uv": [0.75, 15, 1, 16], "rotation": 90, "texture": "#texture"},
				"south": {"uv": [0, 14.75, 0.75, 15], "texture": "#texture"},
				"west": {"uv": [0.75, 16, 1, 15], "rotation": 90, "texture": "#texture"},
				"up": {"uv": [0, 15, 0.75, 16], "texture": "#texture"},
				"down": {"uv": [0, 15, 0.75, 16], "texture": "#texture"}
			}
		}
	],
	"display": {
		"thirdperson_righthand": {
			"rotation": [70, 180, 0],
			"translation": [0.38, -2.27, 20.22]
		},
		"thirdperson_lefthand": {
			"rotation": [70, 180, 0],
			"translation": [0.38, -2.27, 20.22]
		},
		"firstperson_righthand": {
			"scale": [0.0001, 0.0001, 0.0001]
		},
		"firstperson_lefthand": {
			"scale": [0.0001, 0.0001, 0.0001]
		},
		"gui": {
			"rotation": [0, -64, -14],
			"translation": [1.51, 0, 0],
			"scale": [0.5, 0.5, 0.5]
		},
		"head": {
			"rotation": [0, 180, 0],
			"translation": [0, 17.2, 4.16],
			"scale": [1.5, 1.5, 1.5]
		},
		"fixed": {
			"rotation": [0, 180, 0],
			"translation": [0, 3.97, 4.91],
			"scale": [2, 2, 2]
		}
	}
}