{
	"credit": "Made with Blockbench",
	"ambientocclusion": false,
	"texture_size": [16, 32],
	"textures": {
		"0": "item/sombrero4",
		"1": "block/fire_0",
		"2": "block/bubble_coral_block",
		"particle": "item/sombrero4"
	},
	"elements": [
		{
			"from": [6, 0, 6.5],
			"to": [9, 3, 7],
			"rotation": {"angle": 0, "axis": "y", "origin": [8, 0, 5]},
			"faces": {
				"north": {"uv": [0, 1, 3, 4], "texture": "#missing"},
				"east": {"uv": [0, 0, 1, 2.5], "texture": "#0"},
				"south": {"uv": [1, 0.5, 8, 3.5], "texture": "#0"},
				"west": {"uv": [3, 1, 3, 4], "texture": "#0"},
				"up": {"uv": [3, 1, 0, 1], "texture": "#0"},
				"down": {"uv": [0, 0.5, 6, 0], "texture": "#0"}
			}
		},
		{
			"from": [6, 3, 6],
			"to": [9, 3.5, 6.5],
			"rotation": {"angle": 0, "axis": "y", "origin": [8, 3, 4]},
			"faces": {
				"north": {"uv": [0, 0.5, 3, 0.5], "texture": "#0"},
				"east": {"uv": [0, 0.5, 0, 0.5], "texture": "#0"},
				"south": {"uv": [3, 0.5, 6, 0.5], "texture": "#0"},
				"west": {"uv": [3, 0.5, 3, 0.5], "texture": "#0"},
				"up": {"uv": [6, 0.5, 0, 0], "texture": "#0"},
				"down": {"uv": [6, 0.5, 3, 0.5], "texture": "#missing"}
			}
		},
		{
			"from": [6, 0, 2],
			"to": [9, 3, 2.5],
			"rotation": {"angle": 0, "axis": "y", "origin": [8, 0, 1]},
			"faces": {
				"north": {"uv": [9, 0.5, 15, 3.5], "texture": "#0"},
				"east": {"uv": [9, 0.5, 10, 3.5], "texture": "#0"},
				"south": {"uv": [3, 1, 6, 4], "texture": "#missing"},
				"west": {"uv": [14, 0.5, 15, 3.5], "texture": "#0"},
				"up": {"uv": [15, 0, 9, 0.5], "texture": "#0"},
				"down": {"uv": [6, 0.5, 0, 0], "texture": "#0"}
			}
		},
		{
			"from": [6, 3, 2.5],
			"to": [9, 3.5, 3],
			"rotation": {"angle": 0, "axis": "y", "origin": [8, 3, 2]},
			"faces": {
				"north": {"uv": [0, 2, 6, 2.5], "texture": "#0"},
				"east": {"uv": [0, 0.5, 0, 0.5], "texture": "#0"},
				"south": {"uv": [3, 0.5, 6, 0.5], "texture": "#0"},
				"west": {"uv": [3, 0.5, 3, 0.5], "texture": "#0"},
				"up": {"uv": [6, 0, 0, 0.5], "texture": "#0"},
				"down": {"uv": [6, 0.5, 3, 0.5], "texture": "#missing"}
			}
		},
		{
			"from": [9, 0, 2.5],
			"to": [9.5, 3, 6.5],
			"rotation": {"angle": 0, "axis": "y", "origin": [11, 0, 2]},
			"faces": {
				"north": {"uv": [9, 0.5, 8, 3.5], "texture": "#0"},
				"east": {"uv": [1, 0.5, 7, 3.5], "texture": "#0"},
				"south": {"uv": [0, 0, 1, 3], "texture": "#0"},
				"west": {"uv": [5, 12, 9, 15], "texture": "#missing"},
				"up": {"uv": [0, 4, 1, 0], "texture": "#0"},
				"down": {"uv": [0, 0, 1, 4], "texture": "#0"}
			}
		},
		{
			"from": [9, 0, 2.5],
			"to": [9.5, 3, 6.5],
			"rotation": {"angle": 0, "axis": "y", "origin": [11, 0, 2]},
			"color": 8,
			"faces": {
				"north": {"uv": [4, 8, 4, 11], "texture": "#missing"},
				"east": {"uv": [0, 8, 4, 11], "texture": "#missing"},
				"south": {"uv": [8, 8, 8, 11], "texture": "#missing"},
				"west": {"uv": [4, 8, 8, 11], "texture": "#missing"},
				"up": {"uv": [4, 8, 4, 4], "texture": "#missing"},
				"down": {"uv": [4, 4, 4, 8], "texture": "#missing"}
			}
		},
		{
			"from": [5.5, 0, 2.5],
			"to": [6, 3, 6.5],
			"rotation": {"angle": 0, "axis": "y", "origin": [7, 0, 2]},
			"faces": {
				"north": {"uv": [16, 0.5, 15, 3.5], "texture": "#0"},
				"east": {"uv": [0, 8, 4, 11], "texture": "#missing"},
				"south": {"uv": [0, 0, 1, 3], "texture": "#0"},
				"west": {"uv": [0, 0, 1, 3], "texture": "#0"},
				"up": {"uv": [4, 8, 4, 4], "texture": "#0"},
				"down": {"uv": [4, 4, 4, 8], "texture": "#0"}
			}
		},
		{
			"from": [5, 0, 3],
			"to": [5.5, 3, 6],
			"rotation": {"angle": 0, "axis": "y", "origin": [6, 0, 2]},
			"faces": {
				"north": {"uv": [0, 0, 1, 3], "texture": "#0"},
				"east": {"uv": [0, 7, 3, 10], "texture": "#missing"},
				"south": {"uv": [0, 0, 1, 3], "texture": "#0"},
				"west": {"uv": [1, 0.5, 7, 3.5], "texture": "#0"},
				"up": {"uv": [3, 7, 3, 4], "texture": "#0"},
				"down": {"uv": [3, 4, 3, 7], "texture": "#0"}
			}
		},
		{
			"from": [5, 0, 3],
			"to": [5.5, 3, 6],
			"rotation": {"angle": 0, "axis": "y", "origin": [6, 0, 2]},
			"faces": {
				"north": {"uv": [3, 7, 3, 10], "texture": "#missing"},
				"east": {"uv": [0, 7, 3, 10], "texture": "#missing"},
				"south": {"uv": [6, 7, 6, 10], "texture": "#missing"},
				"west": {"uv": [3, 7, 6, 10], "texture": "#missing"},
				"up": {"uv": [3, 7, 3, 4], "texture": "#missing"},
				"down": {"uv": [3, 4, 3, 7], "texture": "#missing"}
			}
		},
		{
			"from": [5.5, 3, 3],
			"to": [6, 3.5, 6],
			"rotation": {"angle": 0, "axis": "y", "origin": [7, 3, 2]},
			"faces": {
				"north": {"uv": [3, 6, 3, 6], "texture": "#0"},
				"east": {"uv": [0, 6, 3, 6], "texture": "#0"},
				"south": {"uv": [6, 6, 6, 6], "texture": "#0"},
				"west": {"uv": [3, 6, 6, 6], "texture": "#0"},
				"up": {"uv": [0, 3, 1, 0], "texture": "#0"},
				"down": {"uv": [3, 3, 3, 6], "texture": "#missing"}
			}
		},
		{
			"from": [9.5, 0, 3],
			"to": [10, 3, 6],
			"rotation": {"angle": 0, "axis": "y", "origin": [11, 0, 2]},
			"faces": {
				"north": {"uv": [0, 0, 1, 3], "texture": "#0"},
				"east": {"uv": [1, 0.5, 7, 3.5], "texture": "#0"},
				"south": {"uv": [0, 0, 1, 3], "texture": "#0"},
				"west": {"uv": [5, 7, 8, 10], "texture": "#missing"},
				"up": {"uv": [0, 3, 1, 0], "texture": "#0"},
				"down": {"uv": [0, 0, 1, 3], "texture": "#0"}
			}
		},
		{
			"from": [9, -0.5, 3],
			"to": [9.5, 0, 6],
			"rotation": {"angle": 0, "axis": "y", "origin": [10, -1, 2]},
			"faces": {
				"north": {"uv": [3, 5, 4, 5.5], "texture": "#0"},
				"east": {"uv": [0, 0, 6, 0.5], "texture": "#0"},
				"south": {"uv": [8, 7, 8, 7], "texture": "#0"},
				"west": {"uv": [5, 7, 8, 7], "texture": "#missing"},
				"up": {"uv": [5, 7, 5, 4], "texture": "#missing"},
				"down": {"uv": [0, 0, 1, 3], "texture": "#0"}
			}
		},
		{
			"from": [5.5, -0.5, 3],
			"to": [6, 0, 6],
			"rotation": {"angle": 0, "axis": "y", "origin": [6, -1, 2]},
			"faces": {
				"north": {"uv": [0, 0.5, 1, 0], "texture": "#0"},
				"east": {"uv": [2, 7, 5, 7], "texture": "#missing"},
				"south": {"uv": [1, 0.5, 0, 0], "texture": "#0"},
				"west": {"uv": [0, 0, 6, 0.5], "texture": "#0"},
				"up": {"uv": [5, 7, 5, 4], "texture": "#missing"},
				"down": {"uv": [0, 0, 1, 3], "texture": "#0"}
			}
		},
		{
			"from": [9, 3, 3],
			"to": [9.5, 3.5, 6],
			"rotation": {"angle": 0, "axis": "y", "origin": [10, 3, 2]},
			"faces": {
				"north": {"uv": [5, 5, 5, 5], "texture": "#0"},
				"east": {"uv": [2, 0.5, 5, 0], "texture": "#0"},
				"south": {"uv": [2, 1.5, 1, 1], "texture": "#0"},
				"west": {"uv": [0, 0.5, 3, 0], "texture": "#0"},
				"up": {"uv": [0, 3, 1, 0], "texture": "#0"},
				"down": {"uv": [5, 2, 5, 5], "texture": "#missing"}
			}
		},
		{
			"from": [8.5, 3, 3],
			"to": [9, 3.5, 3.5],
			"rotation": {"angle": 0, "axis": "y", "origin": [9, 3, 2]},
			"faces": {
				"north": {"uv": [0, 0.5, 0, 0.5], "texture": "#missing"},
				"east": {"uv": [0, 0.5, 0, 0.5], "texture": "#missing"},
				"south": {"uv": [0, 0.5, 0, 0.5], "texture": "#0"},
				"west": {"uv": [0, 0.5, 0, 0.5], "texture": "#0"},
				"up": {"uv": [0, 0.5, 0, 0.5], "texture": "#0"},
				"down": {"uv": [0, 0.5, 0, 0.5], "texture": "#missing"}
			}
		},
		{
			"from": [7, 3, 4],
			"to": [7.75, 4, 4.75],
			"rotation": {"angle": 0, "axis": "y", "origin": [8, 3, 2]},
			"faces": {
				"north": {"uv": [16, 0, 0, 16], "texture": "#2"},
				"east": {"uv": [16, 0, 0, 16], "texture": "#2"},
				"south": {"uv": [16, 0, 0, 16], "texture": "#2"},
				"west": {"uv": [16, 0, 0, 16], "texture": "#2"},
				"up": {"uv": [16, 0, 0, 16], "texture": "#2"},
				"down": {"uv": [16, 0, 0, 16], "texture": "#2"}
			}
		},
		{
			"from": [8.85, 4, 4.75],
			"to": [8.85, 5, 5.5],
			"rotation": {"angle": -45, "axis": "y", "origin": [9, 4, 3]},
			"faces": {
				"north": {"uv": [0, 0.5, 0, 1], "texture": "#1"},
				"east": {"uv": [0, 9.5, 16, 16], "texture": "#1"},
				"south": {"uv": [0, 0, 10, 4], "texture": "#1"},
				"west": {"uv": [0, 9.5, 16, 16], "texture": "#1"},
				"up": {"uv": [0, 0.5, 0, 0.875], "texture": "#1"},
				"down": {"uv": [0, 0.5, 0, 0.875], "texture": "#1"}
			}
		},
		{
			"from": [6, 4, 5.3],
			"to": [6.75, 5, 5.3],
			"rotation": {"angle": -45, "axis": "y", "origin": [8, 4, 6]},
			"faces": {
				"north": {"uv": [0, 9.5, 16, 16], "texture": "#1"},
				"east": {"uv": [0, 0.5, 0, 1], "texture": "#1"},
				"south": {"uv": [0, 9.5, 16, 16], "texture": "#1"},
				"west": {"uv": [0, 0, 10, 4], "texture": "#1"},
				"up": {"uv": [0, 0.5, 0, 0.875], "rotation": 90, "texture": "#1"},
				"down": {"uv": [0, 0.5, 0, 0.875], "rotation": 270, "texture": "#1"}
			}
		},
		{
			"from": [8.5, 3, 5.5],
			"to": [9, 3.5, 6],
			"rotation": {"angle": 0, "axis": "y", "origin": [9, 3, 4]},
			"faces": {
				"north": {"uv": [0, 0.5, 0, 0.5], "texture": "#0"},
				"east": {"uv": [0, 0.5, 0, 0.5], "texture": "#missing"},
				"south": {"uv": [0, 0.5, 0, 0.5], "texture": "#missing"},
				"west": {"uv": [0, 0.5, 0, 0.5], "texture": "#0"},
				"up": {"uv": [0, 0.5, 0, 0.5], "texture": "#0"},
				"down": {"uv": [0, 0.5, 0, 0.5], "texture": "#missing"}
			}
		},
		{
			"from": [6, 3, 3],
			"to": [6.5, 3.5, 3.5],
			"rotation": {"angle": 0, "axis": "y", "origin": [6, 3, 2]},
			"faces": {
				"north": {"uv": [0, 0.5, 0, 0.5], "texture": "#missing"},
				"east": {"uv": [0, 0.5, 0, 0.5], "texture": "#0"},
				"south": {"uv": [0, 0.5, 0, 0.5], "texture": "#0"},
				"west": {"uv": [0, 0.5, 0, 0.5], "texture": "#missing"},
				"up": {"uv": [0, 0.5, 0, 0.5], "texture": "#0"},
				"down": {"uv": [0, 0.5, 0, 0.5], "texture": "#missing"}
			}
		},
		{
			"from": [6, 3, 5.5],
			"to": [6.5, 3.5, 6],
			"rotation": {"angle": 0, "axis": "y", "origin": [6, 3, 4]},
			"faces": {
				"north": {"uv": [0, 0.5, 0, 0.5], "texture": "#0"},
				"east": {"uv": [0, 0.5, 0, 0.5], "texture": "#0"},
				"south": {"uv": [0, 0.5, 0, 0.5], "texture": "#missing"},
				"west": {"uv": [0, 0.5, 0, 0.5], "texture": "#missing"},
				"up": {"uv": [0, 0.5, 0, 0.5], "texture": "#0"},
				"down": {"uv": [0, 0.5, 0, 0.5], "texture": "#missing"}
			}
		},
		{
			"from": [6, 3, 4.5],
			"to": [6, 3.5, 6],
			"rotation": {"angle": 0, "axis": "y", "origin": [6, 3, 4]},
			"faces": {
				"north": {"uv": [1, 2.5, 1, 2.5], "texture": "#missing"},
				"east": {"uv": [0, 0, 5, 0.5], "texture": "#0"},
				"south": {"uv": [2, 2.5, 2, 2.5], "texture": "#missing"},
				"west": {"uv": [1, 2.5, 2, 2.5], "texture": "#missing"},
				"up": {"uv": [1, 2.5, 1, 1.5], "texture": "#missing"},
				"down": {"uv": [1, 1.5, 1, 2.5], "texture": "#missing"}
			}
		},
		{
			"from": [6, -0.5, 2.5],
			"to": [9, 0, 6.5],
			"rotation": {"angle": 0, "axis": "y", "origin": [8, 0, 2]},
			"faces": {
				"north": {"uv": [0, 0.5, 6, 0], "texture": "#0"},
				"east": {"uv": [0, 0, 6, 0.5], "texture": "#0"},
				"south": {"uv": [0, 0.5, 6, 0], "texture": "#0"},
				"west": {"uv": [0, 0.5, 7, 0], "texture": "#0"},
				"up": {"uv": [9, 12, 6, 8], "texture": "#missing"},
				"down": {"uv": [6, 0, 0, 3], "texture": "#0"}
			}
		},
		{
			"from": [6, 2.5, 3.5],
			"to": [9, 3, 5.5],
			"rotation": {"angle": 0, "axis": "y", "origin": [8, 4, 2]},
			"faces": {
				"north": {"uv": [2, 0, 5, 0.5], "texture": "#0"},
				"east": {"uv": [2, 0, 5, 0.5], "texture": "#0"},
				"south": {"uv": [0, 0.5, 6, 0], "texture": "#0"},
				"west": {"uv": [2, 0, 5, 0.5], "texture": "#0"},
				"up": {"uv": [6, 3, 1, 0.5], "texture": "#0"},
				"down": {"uv": [10, 5, 7, 7], "texture": "#missing"}
			}
		},
		{
			"from": [6.5, 2.5, 5.5],
			"to": [8.5, 3, 6],
			"rotation": {"angle": 0, "axis": "y", "origin": [8, 4, 4]},
			"faces": {
				"north": {"uv": [3, 7, 1, 7], "texture": "#missing"},
				"east": {"uv": [3, 0.5, 2, 0], "texture": "#0"},
				"south": {"uv": [5, 0, 3, 0.5], "texture": "#0"},
				"west": {"uv": [1, 7, 1, 7], "texture": "#0"},
				"up": {"uv": [0, 0, 3, 0.5], "texture": "#0"},
				"down": {"uv": [3, 7, 5, 7], "texture": "#missing"}
			}
		},
		{
			"from": [6.5, 2.5, 3],
			"to": [8.5, 3, 3.5],
			"rotation": {"angle": 0, "axis": "y", "origin": [8, 4, 1]},
			"faces": {
				"north": {"uv": [5, 0, 2, 0.5], "texture": "#0"},
				"east": {"uv": [3, 0.5, 4, 1], "texture": "#0"},
				"south": {"uv": [5, 7, 3, 7], "texture": "#missing"},
				"west": {"uv": [1, 7, 1, 7], "texture": "#missing"},
				"up": {"uv": [0, 0.5, 3, 0], "texture": "#0"},
				"down": {"uv": [3, 7, 5, 7], "texture": "#missing"}
			}
		}
	],
	"display": {
		"head": {
			"rotation": [-180, 0, 180],
			"translation": [-2, 27, 14.25],
			"scale": [4, 4, -4]
		}
	},
	"groups": [
		{
			"name": "1",
			"origin": [8, 8, 8],
			"color": 0,
			"children": [0, 1, 2, 3, 4, 5, 6, 7, 8, 9, 10, 11, 12, 13, 14, 15, 16, 17, 18, 19, 20, 21, 22, 23, 24, 25]
		}
	]
}