{
    "__comment": "Model generated using MrCrayfish's Model Creator (http://mrcrayfish.com/modelcreator/)",
    "textures": {
        "0": "item/varitas/varitacultivo/palo",
        "1": "item/varitas/varitacultivo/florr",
        "2": "item/varitas/varitacultivo/glass",
        "4": "item/varitas/varitacultivo/circulo"
    },
	
	
	
	    	"display": {
        "firstperson_righthand": {
              "rotation": [ 0, 0, 0 ],
            "translation": [ 0, 1.1, 0 ],
            "scale": [ 0.9, 0.9, 0.9 ]
        },
     	 "thirdperson_righthand": {
            "rotation": [ 0, 0, 0 ],
            "translation": [ 0, 1.5, 0 ],
            "scale": [ 0.9, 1.1, 0.9]
        },
        "gui": {
            "rotation": [ 0, 315, 315 ],
            "translation": [ 0.5, -0.5, 0 ],
            "scale": [ 1.1, 1.1, 1.1 ]
        },
        "ground": {
            "translation": [ 0, 4, 0 ],
            "scale": [ 0.6, 0.75, 0.6 ]
        },
        "fixed": {
			"rotation": [ 0, 0, 45 ],
            "translation": [ 0.5, 0.05, 0 ],
            "scale": [ 1.1, 1.25, 1.1 ]
        }			
		
		},	
		
		
		
		
		
		
		
		
    "elements": [
        {
            "name": "Element",
            "from": [ 7.0, 0.0, 8.0 ], 
            "to": [ 8.0, 10.0, 9.0 ], 
            "faces": {
                "north": { "texture": "#0", "uv": [ 4.0, 2.0, 7.0, 16.0 ] },
                "east": { "texture": "#0", "uv": [ 4.0, 2.0, 7.0, 16.0 ] },
                "south": { "texture": "#0", "uv": [ 4.0, 2.0, 7.0, 16.0 ] },
                "west": { "texture": "#0", "uv": [ 4.0, 2.0, 7.0, 16.0 ] },
                "up": { "texture": "#0", "uv": [ 11.0, 2.0, 12.0, 3.0 ] },
                "down": { "texture": "#0", "uv": [ 1.0, 15.0, 0.0, 16.0 ] }
            }
        },
        {
            "name": "Cube",
            "from": [ 6.0, 10.0, 6.0 ], 
            "to": [ 9.0, 11.0, 7.0 ], 
            "rotation": { "origin": [ 8.0, 8.0, 8.0 ], "axis": "y", "angle": 45.0 },
            "faces": {
                "north": { "texture": "#1", "uv": [ 14.0, 6.0, 6.0, 9.0 ] },
                "east": { "texture": "#1", "uv": [ 2.0, 11.0, 6.0, 7.0 ] },
                "south": { "texture": "#1", "uv": [ 14.0, 9.0, 6.0, 6.0 ] },
                "west": { "texture": "#1", "uv": [ 8.0, 5.0, 4.0, 9.0 ] },
                "up": { "texture": "#1", "uv": [ 14.0, 7.0, 5.0, 4.0 ] },
                "down": { "texture": "#1", "uv": [ 13.0, 5.0, 4.0, 8.0 ] }
            }
        },
        {
            "name": "Cube",
            "from": [ 7.0, 10.0, 10.0 ], 
            "to": [ 9.0, 11.0, 11.0 ], 
            "rotation": { "origin": [ 8.0, 8.0, 8.0 ], "axis": "y", "angle": -45.0 },
            "faces": {
                "north": { "texture": "#1", "uv": [ 13.0, 9.0, 7.0, 12.0 ] },
                "east": { "texture": "#1", "uv": [ 3.0, 11.0, 6.0, 7.0 ] },
                "south": { "texture": "#1", "uv": [ 12.0, 9.0, 6.0, 6.0 ] },
                "west": { "texture": "#1", "uv": [ 5.0, 4.0, 2.0, 8.0 ] },
                "up": { "texture": "#1", "uv": [ 11.0, 7.0, 4.0, 10.0 ] },
                "down": { "texture": "#1", "uv": [ 14.0, 4.0, 7.0, 7.0 ] }
            }
        },
        {
            "name": "Cube",
            "from": [ 7.0, 13.0, 7.0 ], 
            "to": [ 9.0, 14.0, 10.0 ], 
            "rotation": { "origin": [ 8.0, 8.0, 8.0 ], "axis": "y", "angle": -45.0 },
            "faces": {
                "north": { "texture": "#2", "uv": [ 10.0, 9.0, 1.0, 14.0 ] },
                "east": { "texture": "#2", "uv": [ 4.0, 8.0, 15.0, 4.0 ] },
                "south": { "texture": "#2", "uv": [ 11.0, 8.0, 2.0, 15.0 ] },
                "west": { "texture": "#2", "uv": [ 15.0, 4.0, 1.0, 8.0 ] },
                "up": { "texture": "#2", "uv": [ 13.0, 1.0, 5.0, 15.0 ] },
                "down": { "texture": "#2", "uv": [ 13.0, 1.0, 5.0, 15.0 ] }
            }
        },
        {
            "name": "Cube",
            "from": [ 7.0, 10.0, 7.0 ], 
            "to": [ 9.0, 11.0, 10.0 ], 
            "rotation": { "origin": [ 8.0, 8.0, 8.0 ], "axis": "y", "angle": -45.0 },
            "faces": {
                "north": { "texture": "#2", "uv": [ 10.0, 9.0, 1.0, 14.0 ] },
                "east": { "texture": "#2", "uv": [ 4.0, 8.0, 15.0, 4.0 ] },
                "south": { "texture": "#2", "uv": [ 11.0, 8.0, 2.0, 15.0 ] },
                "west": { "texture": "#2", "uv": [ 15.0, 4.0, 1.0, 8.0 ] },
                "up": { "texture": "#2", "uv": [ 13.0, 1.0, 5.0, 15.0 ] },
                "down": { "texture": "#2", "uv": [ 13.0, 1.0, 5.0, 15.0 ] }
            }
        },
        {
            "name": "Cube",
            "from": [ 6.0, 11.0, 7.0 ], 
            "to": [ 7.0, 13.0, 10.0 ], 
            "rotation": { "origin": [ 8.0, 8.0, 8.0 ], "axis": "y", "angle": -45.0 },
            "faces": {
                "north": { "texture": "#2", "uv": [ 10.0, 4.0, 6.0, 12.0 ] },
                "east": { "texture": "#2", "uv": [ 3.0, 14.0, 15.0, 6.0 ] },
                "south": { "texture": "#2", "uv": [ 9.0, 4.0, 5.0, 13.0 ] },
                "west": { "texture": "#2", "uv": [ 15.0, 6.0, 3.0, 14.0 ] },
                "up": { "texture": "#2", "uv": [ 13.0, 1.0, 5.0, 15.0 ] },
                "down": { "texture": "#2", "uv": [ 13.0, 1.0, 5.0, 15.0 ] }
            }
        },
        {
            "name": "Cube",
            "from": [ 9.0, 11.0, 7.0 ], 
            "to": [ 10.0, 13.0, 10.0 ], 
            "rotation": { "origin": [ 8.0, 8.0, 8.0 ], "axis": "y", "angle": -45.0 },
            "faces": {
                "north": { "texture": "#2", "uv": [ 10.0, 4.0, 6.0, 12.0 ] },
                "east": { "texture": "#2", "uv": [ 3.0, 14.0, 15.0, 6.0 ] },
                "south": { "texture": "#2", "uv": [ 9.0, 4.0, 5.0, 13.0 ] },
                "west": { "texture": "#2", "uv": [ 15.0, 6.0, 3.0, 14.0 ] },
                "up": { "texture": "#2", "uv": [ 13.0, 1.0, 5.0, 15.0 ] },
                "down": { "texture": "#2", "uv": [ 13.0, 1.0, 5.0, 15.0 ] }
            }
        },
        {
            "name": "Cube",
            "from": [ 7.0, 11.0, 10.0 ], 
            "to": [ 9.0, 13.0, 11.0 ], 
            "rotation": { "origin": [ 8.0, 8.0, 8.0 ], "axis": "y", "angle": -45.0 },
            "faces": {
                "north": { "texture": "#2", "uv": [ 14.0, 3.0, 4.0, 14.0 ] },
                "east": { "texture": "#2", "uv": [ 5.0, 12.0, 10.0, 3.0 ] },
                "south": { "texture": "#2", "uv": [ 14.0, 3.0, 4.0, 14.0 ] },
                "west": { "texture": "#2", "uv": [ 10.0, 3.0, 5.0, 12.0 ] },
                "up": { "texture": "#2", "uv": [ 15.0, 5.0, 2.0, 12.0 ] },
                "down": { "texture": "#2", "uv": [ 15.0, 3.0, 2.0, 11.0 ] }
            }
        },
        {
            "name": "Cube",
            "from": [ 7.0, 11.0, 6.0 ], 
            "to": [ 9.0, 13.0, 7.0 ], 
            "rotation": { "origin": [ 8.0, 8.0, 8.0 ], "axis": "y", "angle": -45.0 },
            "faces": {
                "north": { "texture": "#2", "uv": [ 14.0, 3.0, 4.0, 14.0 ] },
                "east": { "texture": "#2", "uv": [ 5.0, 12.0, 10.0, 3.0 ] },
                "south": { "texture": "#2", "uv": [ 14.0, 3.0, 4.0, 14.0 ] },
                "west": { "texture": "#2", "uv": [ 10.0, 3.0, 5.0, 12.0 ] },
                "up": { "texture": "#2", "uv": [ 15.0, 5.0, 2.0, 12.0 ] },
                "down": { "texture": "#2", "uv": [ 15.0, 3.0, 2.0, 11.0 ] }
            }
        },
        {
            "name": "Cube",
            "from": [ 6.0, 10.0, 9.0 ], 
            "to": [ 9.0, 11.0, 10.0 ], 
            "rotation": { "origin": [ 8.0, 8.0, 8.0 ], "axis": "y", "angle": 45.0 },
            "faces": {
                "north": { "texture": "#1", "uv": [ 14.0, 6.0, 6.0, 9.0 ] },
                "east": { "texture": "#1", "uv": [ 2.0, 11.0, 6.0, 7.0 ] },
                "south": { "texture": "#1", "uv": [ 14.0, 9.0, 6.0, 6.0 ] },
                "west": { "texture": "#1", "uv": [ 8.0, 5.0, 4.0, 9.0 ] },
                "up": { "texture": "#1", "uv": [ 14.0, 7.0, 5.0, 4.0 ] },
                "down": { "texture": "#1", "uv": [ 13.0, 5.0, 4.0, 8.0 ] }
            }
        },
        {
            "name": "Cube",
            "from": [ 7.0, 10.0, 6.0 ], 
            "to": [ 9.0, 11.0, 7.0 ], 
            "rotation": { "origin": [ 8.0, 8.0, 8.0 ], "axis": "y", "angle": -45.0 },
            "faces": {
                "north": { "texture": "#1", "uv": [ 13.0, 9.0, 7.0, 12.0 ] },
                "east": { "texture": "#1", "uv": [ 3.0, 11.0, 6.0, 7.0 ] },
                "south": { "texture": "#1", "uv": [ 12.0, 9.0, 6.0, 6.0 ] },
                "west": { "texture": "#1", "uv": [ 5.0, 4.0, 2.0, 8.0 ] },
                "up": { "texture": "#1", "uv": [ 11.0, 7.0, 4.0, 10.0 ] },
                "down": { "texture": "#1", "uv": [ 14.0, 4.0, 7.0, 7.0 ] }
            }
        },
        {
            "name": "Cube",
            "from": [ 7.0, 11.0, 8.0 ], 
            "to": [ 8.0, 12.0, 9.0 ], 
            "faces": {
                "north": { "texture": "#4", "uv": [ 2.0, 3.0, 14.0, 16.0 ] },
                "east": { "texture": "#4", "uv": [ 2.0, 16.0, 14.0, 3.0 ] },
                "south": { "texture": "#4", "uv": [ 2.0, 3.0, 14.0, 16.0 ] },
                "west": { "texture": "#4", "uv": [ 2.0, 3.0, 14.0, 16.0 ] },
                "up": { "texture": "#4", "uv": [ 2.0, 3.0, 14.0, 16.0 ] },
                "down": { "texture": "#4", "uv": [ 2.0, 3.0, 14.0, 16.0 ] }
            }
        },
        {
            "name": "Cube",
            "from": [ 6.0, 13.0, 9.0 ], 
            "to": [ 9.0, 14.0, 10.0 ], 
            "rotation": { "origin": [ 8.0, 8.0, 8.0 ], "axis": "y", "angle": 45.0 },
            "faces": {
                "north": { "texture": "#1", "uv": [ 14.0, 6.0, 6.0, 9.0 ] },
                "east": { "texture": "#1", "uv": [ 2.0, 11.0, 6.0, 7.0 ] },
                "south": { "texture": "#1", "uv": [ 14.0, 9.0, 6.0, 6.0 ] },
                "west": { "texture": "#1", "uv": [ 8.0, 5.0, 4.0, 9.0 ] },
                "up": { "texture": "#1", "uv": [ 14.0, 7.0, 5.0, 4.0 ] },
                "down": { "texture": "#1", "uv": [ 13.0, 5.0, 4.0, 8.0 ] }
            }
        },
        {
            "name": "Cube",
            "from": [ 7.0, 13.0, 6.0 ], 
            "to": [ 9.0, 14.0, 7.0 ], 
            "rotation": { "origin": [ 8.0, 8.0, 8.0 ], "axis": "y", "angle": -45.0 },
            "faces": {
                "north": { "texture": "#1", "uv": [ 13.0, 9.0, 7.0, 12.0 ] },
                "east": { "texture": "#1", "uv": [ 3.0, 11.0, 6.0, 7.0 ] },
                "south": { "texture": "#1", "uv": [ 12.0, 9.0, 6.0, 6.0 ] },
                "west": { "texture": "#1", "uv": [ 5.0, 4.0, 2.0, 8.0 ] },
                "up": { "texture": "#1", "uv": [ 11.0, 7.0, 4.0, 10.0 ] },
                "down": { "texture": "#1", "uv": [ 14.0, 4.0, 7.0, 7.0 ] }
            }
        },
        {
            "name": "Cube",
            "from": [ 6.0, 13.0, 6.0 ], 
            "to": [ 9.0, 14.0, 7.0 ], 
            "rotation": { "origin": [ 8.0, 8.0, 8.0 ], "axis": "y", "angle": 45.0 },
            "faces": {
                "north": { "texture": "#1", "uv": [ 14.0, 6.0, 6.0, 9.0 ] },
                "east": { "texture": "#1", "uv": [ 2.0, 11.0, 6.0, 7.0 ] },
                "south": { "texture": "#1", "uv": [ 14.0, 9.0, 6.0, 6.0 ] },
                "west": { "texture": "#1", "uv": [ 8.0, 5.0, 4.0, 9.0 ] },
                "up": { "texture": "#1", "uv": [ 14.0, 7.0, 5.0, 4.0 ] },
                "down": { "texture": "#1", "uv": [ 13.0, 5.0, 4.0, 8.0 ] }
            }
        },
        {
            "name": "Cube",
            "from": [ 7.0, 13.0, 10.0 ], 
            "to": [ 9.0, 14.0, 11.0 ], 
            "rotation": { "origin": [ 8.0, 8.0, 8.0 ], "axis": "y", "angle": -45.0 },
            "faces": {
                "north": { "texture": "#1", "uv": [ 13.0, 9.0, 7.0, 12.0 ] },
                "east": { "texture": "#1", "uv": [ 3.0, 11.0, 6.0, 7.0 ] },
                "south": { "texture": "#1", "uv": [ 12.0, 9.0, 6.0, 6.0 ] },
                "west": { "texture": "#1", "uv": [ 5.0, 4.0, 2.0, 8.0 ] },
                "up": { "texture": "#1", "uv": [ 11.0, 7.0, 4.0, 10.0 ] },
                "down": { "texture": "#1", "uv": [ 14.0, 4.0, 7.0, 7.0 ] }
            }
        },
        {
            "name": "Cube",
            "from": [ 7.0, 14.0, 8.0 ], 
            "to": [ 8.0, 15.0, 9.0 ], 
            "faces": {
                "north": { "texture": "#4", "uv": [ 2.0, 3.0, 14.0, 16.0 ] },
                "east": { "texture": "#4", "uv": [ 2.0, 16.0, 14.0, 3.0 ] },
                "south": { "texture": "#4", "uv": [ 2.0, 3.0, 14.0, 16.0 ] },
                "west": { "texture": "#4", "uv": [ 2.0, 3.0, 14.0, 16.0 ] },
                "up": { "texture": "#4", "uv": [ 2.0, 3.0, 14.0, 16.0 ] },
                "down": { "texture": "#4", "uv": [ 2.0, 3.0, 14.0, 16.0 ] }
            }
        }
    ]
}