{
    "parent": "item/handheld",
    "textures": {
        "layer0": "item/iron_hoe"
    },
		  "overrides": [
		{ "predicate": { "custom_model_data": 1},"model": "item/azada/fertilizante" },
		{ "predicate": { "custom_model_data": 2},"model": "item/azada/hoz" },
		{ "predicate": { "custom_model_data": 3},"model": "item/azada/runafuego" },
		{ "predicate": { "custom_model_data": 4},"model": "item/azada/runaregeneracion" },
		{ "predicate": { "custom_model_data": 5},"model": "item/azada/runaresistencia" },
		{ "predicate": { "custom_model_data": 6},"model": "item/azada/capsula" },
		{ "predicate": { "custom_model_data": 7},"model": "item/azada/varitacultivo" },
		{ "predicate": { "custom_model_data": 8},"model": "item/azada/varitacamino" },
		{ "predicate": { "custom_model_data": 9},"model": "item/azada/geokeyend" },
		{ "predicate": { "custom_model_data": 10},"model": "item/azada/geokeynether" },
		{ "predicate": { "custom_model_data": 11},"model": "item/azada/geokeyover" },
		{ "predicate": { "custom_model_data": 12},"model": "item/azada/geokeyvoto" },
		{ "predicate": { "custom_model_data": 13},"model": "item/azada/enciclopezdia" },
		{ "predicate": { "custom_model_data": 14},"model": "item/azada/totemvinculacion" }
  ]
}
