{
	"textures": {
		"particle": "item/hats/paraguashojainvierno",
		"texture": "item/hats/paraguashojainvierno"
	},
	"elements": [
		{
			"__comment": "PlaneY2",
			"from": [ -6.5, 21.5, 0.5 ],
			"to": [ 14.5, 21.501, 16.5 ],
			"faces": {
				"down": { "uv": [ 16, 8, 5.5, 16 ], "texture": "#texture", "rotation": 180 },
				"up": { "uv": [ 16, 0, 5.5, 8 ], "texture": "#texture", "rotation": 180 }
			}
		},
		{
			"__comment": "Cube4",
			"from": [ 12, 14.5, 8 ],
			"to": [ 13, 22.5, 9 ],
			"rotation": { "origin": [ 13, 14.5, 9 ], "axis": "z", "angle": 22.5 },
			"faces": {
				"down": { "uv": [ 0, 0, 1, 1 ], "texture": "#texture", "rotation": 180 },
				"up": { "uv": [ 0, 0, 1, 1 ], "texture": "#texture", "rotation": 180 },
				"north": { "uv": [ 0, 0, 0.5, 4 ], "texture": "#texture" },
				"south": { "uv": [ 1, 0, 1.5, 4 ], "texture": "#texture" },
				"west": { "uv": [ 0.5, 0, 1, 4 ], "texture": "#texture" },
				"east": { "uv": [ 1.5, 0, 2, 4 ], "texture": "#texture" }
			}
		},
		{
			"__comment": "Cube4",
			"from": [ 12, 7, 8 ],
			"to": [ 13, 14.5, 9 ],
			"faces": {
				"down": { "uv": [ 0, 0, 1, 1 ], "texture": "#texture", "rotation": 180 },
				"up": { "uv": [ 0, 0, 1, 1 ], "texture": "#texture", "rotation": 180 },
				"north": { "uv": [ 0, 4, 0.5, 8 ], "texture": "#texture" },
				"south": { "uv": [ 1, 4, 1.5, 8 ], "texture": "#texture" },
				"west": { "uv": [ 0.5, 4, 1, 8 ], "texture": "#texture" },
				"east": { "uv": [ 1.5, 4, 2, 8 ], "texture": "#texture" }
			}
		},
		{
			"__comment": "Cube4",
			"from": [ 12, -0.5, 8 ],
			"to": [ 13, 7, 9 ],
			"rotation": { "origin": [ 13, 7, 9 ], "axis": "z", "angle": -22.5 },
			"faces": {
				"down": { "uv": [ 0, 0, 1, 1 ], "texture": "#texture", "rotation": 180 },
				"up": { "uv": [ 0, 0, 1, 1 ], "texture": "#texture", "rotation": 180 },
				"north": { "uv": [ 0, 8, 0.5, 12 ], "texture": "#texture" },
				"south": { "uv": [ 1, 8, 1.5, 12 ], "texture": "#texture" },
				"west": { "uv": [ 0.5, 8, 1, 12 ], "texture": "#texture" },
				"east": { "uv": [ 1.5, 8, 2, 12 ], "texture": "#texture" }
			}
		}
	],
	"display": {
		"thirdperson_righthand": {
			"rotation":  [ 69, 23, 5 ],
			"translation":  [ -2.085, 2.2128, 7.6955 ],
			"scale":  [ 1.2, 1.2, 1.2 ]
		},
		"thirdperson_lefthand": {
			"rotation":  [ 70, -152, -3 ],
			"translation":  [ -2.085, 1.5172, 9.0869 ],
			"scale":  [ 1.2, 1.2, 1.2 ]
		},
		"firstperson_righthand": {
			"rotation":  [ 2, -121, 0 ],
			"translation":  [ 3.4782, 6.2608, 0 ]
		},
		"firstperson_lefthand": {
			"rotation":  [ 2, -155, 0 ],
			"translation":  [ 3.4782, 6.2608, 0 ]
		},
		"gui": {
			"rotation":  [ 30, 45, 0 ],
			"translation":  [ 0, -3.478, 0 ],
			"scale":  [ 0.7, 0.7, 0.7 ]
		},
		"head": {
			"rotation":  [ 8, 51, -7 ],
			"translation":  [ -1.391, 10.434, -3.478 ],
			"scale":  [ 2, 1.9652, 2 ]
		},
		"ground": {
			"scale":  [ 0.25, 0.25, 0.25 ]
		},
		"fixed": {
			"rotation":  [ -25, 26, 0 ]
		}
	}
}