{
    "parent": "item/handheld",
    "textures": {
        "layer0": "item/diamond_pickaxe"
    },
	
		  "overrides": [
		{ "predicate": { "damaged": 0, "damage": 0.997437 },"model": "item/martillo" },
        { "predicate": { "damaged": 0, "damage": 0.998078 },"model": "item/navaja" },
        { "predicate": { "damaged": 0, "damage": 0.998718 },"model": "item/picoesmeralda" },
	    { "predicate": { "damaged": 0, "damage": 0.999359 },"model": "item/picorubi" },
		{ "predicate": { "damaged": 1, "damage": 0.0 }, "model": "item/diamond_pickaxe" }
  ]
}
