{
    "parent": "item/handheld",
    "textures": {
        "layer0": "item/iron_hoe"
    },
	
		  "overrides": [
	    { "predicate": {"custom_model_data": 1},"model": "item/sombrero1" },
	    { "predicate": {"custom_model_data": 2},"model": "item/sombrero2" },
		{ "predicate": {"custom_model_data": 3},"model": "item/sombrero3" },
		{ "predicate": {"custom_model_data": 4},"model": "item/dragon" },
		{ "predicate": {"custom_model_data": 5},"model": "item/caldero" },
		{ "predicate": { "damaged": 1, "damage": 0.0 }, "model": "item/iron_hoe" }
  ]
}
