{
    "parent": "item/handheld",
    "textures": {
        "layer0": "items/diamond_hoe"
    },
	
		  "overrides": [
        { "predicate": { "damaged": 0, "damage": 0.996796 },"model": "item/insignia" },
        { "predicate": { "damaged": 0, "damage": 0.997437 },"model": "item/cascara_fortalecida" },
        { "predicate": { "damaged": 0, "damage": 0.998078 },"model": "item/cascara" },
        { "predicate": { "damaged": 0, "damage": 0.998718 },"model": "item/geokeydorada" },
	    { "predicate": { "damaged": 0, "damage": 0.999359 },"model": "item/geokeyvoto" }
  ]
}
