{
	"__comment": "Designed by Alanbecker with Cubik Studio - https://cubik.studio",
	"textures": {
		"particle": "item/hats/umbrella_gray"
	},
	"elements": [ 	 
		{
			"__comment": "PlaneX7",
			"from": [ -1.001, 12, -1 ],
			"to": [ -0.9999997, 15, 17 ],
			"faces": {
				"west": { "uv": [ 0, 1, 9, 2.5 ], "texture": "#particle" },
				"east": { "uv": [ 0, 1, 9, 2.5 ], "texture": "#particle" }
			}
		},
		{
			"__comment": "PlaneX7",
			"from": [ -0.0009999999, 15, 0 ],
			"to": [ 1.164153E-10, 16, 16 ],
			"faces": {
				"west": { "uv": [ 0.5, 0.5, 8.5, 1 ], "texture": "#particle" },
				"east": { "uv": [ 0.5, 0.5, 8.5, 1 ], "texture": "#particle" }
			}
		},
		{
			"__comment": "PlaneZ9",
			"from": [ 0, 15, 15.999 ],
			"to": [ 16, 16, 16 ],
			"faces": {
				"north": { "uv": [ 0.5, 0.5, 8.5, 1 ], "texture": "#particle" },
				"south": { "uv": [ 0.5, 0.5, 8.5, 1 ], "texture": "#particle" }
			}
		},
		{
			"__comment": "PlaneZ9",
			"from": [ -1, 12, 16.999 ],
			"to": [ 17, 15, 17 ],
			"faces": {
				"north": { "uv": [ 0, 1, 9, 2.5 ], "texture": "#particle" },
				"south": { "uv": [ 0, 1, 9, 2.5 ], "texture": "#particle" }
			}
		},
		{
			"__comment": "Cube11",
			"from": [ 7.5, -8, 7.5 ],
			"to": [ 8, 16.5, 8 ],
			"faces": {
				"down": { "uv": [ 0, 15, 0.5, 15.5 ], "texture": "#particle", "rotation": 180 },
				"up": { "uv": [ 4.5, 0, 5, 0.5 ], "texture": "#particle", "rotation": 180 },
				"north": { "uv": [ 0, 2.5, 0.5, 15.5 ], "texture": "#particle" },
				"south": { "uv": [ 0, 2.5, 0.5, 15.5 ], "texture": "#particle" },
				"west": { "uv": [ 0, 2.5, 0.5, 15.5 ], "texture": "#particle" },
				"east": { "uv": [ 0, 2.5, 0.5, 15.5 ], "texture": "#particle" }
			}
		},
		{
			"__comment": "Cube12",
			"from": [ 6, -8, 7.5 ],
			"to": [ 6.5, -7, 8 ],
			"faces": {
				"down": { "uv": [ 1.5, 14, 2, 14.5 ], "texture": "#particle", "rotation": 180 },
				"up": { "uv": [ 1.5, 14, 2, 14.5 ], "texture": "#particle", "rotation": 180 },
				"north": { "uv": [ 1.5, 14, 2, 15 ], "texture": "#particle" },
				"south": { "uv": [ 1.5, 14, 2, 15 ], "texture": "#particle" },
				"west": { "uv": [ 1.5, 14, 2, 15 ], "texture": "#particle" },
				"east": { "uv": [ 1.5, 14, 2, 15 ], "texture": "#particle" }
			}
		},
		{
			"__comment": "Cube12",
			"from": [ 6, -8.5, 7.5 ],
			"to": [ 8, -8, 8 ],
			"faces": {
				"down": { "uv": [ 0, 15, 2, 15.5 ], "texture": "#particle", "rotation": 180 },
				"up": { "uv": [ 0, 15, 2, 15.5 ], "texture": "#particle", "rotation": 180 },
				"north": { "uv": [ 0, 15, 2, 15.5 ], "texture": "#particle" },
				"south": { "uv": [ 0, 15, 2, 15.5 ], "texture": "#particle" },
				"west": { "uv": [ 1.5, 15, 2, 15.5 ], "texture": "#particle" },
				"east": { "uv": [ 1.5, 15, 2, 15.5 ], "texture": "#particle" }
			}
		},
		{
			"__comment": "PlaneY14",
			"from": [ 0, 16, 0 ],
			"to": [ 16, 16.001, 16 ],
			"faces": {
				"down": { "uv": [ 7.5, 7.5, 15.5, 15.5 ], "texture": "#particle", "rotation": 180 },
				"up": { "uv": [ 7.5, 7.5, 15.5, 15.5 ], "texture": "#particle", "rotation": 180 }
			}
		},
		{
			"__comment": "PlaneZ9",
			"from": [ -1, 12, -1.001 ],
			"to": [ 17, 15, -0.9999997 ],
			"faces": {
				"north": { "uv": [ 0, 1, 9, 2.5 ], "texture": "#particle" },
				"south": { "uv": [ 0, 1, 9, 2.5 ], "texture": "#particle" }
			}
		},
		{
			"__comment": "PlaneZ9",
			"from": [ 0, 15, -0.0009999999 ],
			"to": [ 16, 16, 1.164153E-10 ],
			"faces": {
				"north": { "uv": [ 0.5, 0.5, 8.5, 1 ], "texture": "#particle" },
				"south": { "uv": [ 0.5, 0.5, 8.5, 1 ], "texture": "#particle" }
			}
		},
		{
			"__comment": "PlaneX7",
			"from": [ 16.999, 12, -1 ],
			"to": [ 17, 15, 17 ],
			"faces": {
				"west": { "uv": [ 0, 1, 9, 2.5 ], "texture": "#particle" },
				"east": { "uv": [ 0, 1, 9, 2.5 ], "texture": "#particle" }
			}
		},
		{
			"__comment": "PlaneX7",
			"from": [ 15.999, 15, 0 ],
			"to": [ 16, 16, 16 ],
			"faces": {
				"west": { "uv": [ 0.5, 0.5, 8.5, 1 ], "texture": "#particle" },
				"east": { "uv": [ 0.5, 0.5, 8.5, 1 ], "texture": "#particle" }
			}
		},
		{
			"__comment": "PlaneY14",
			"from": [ 0, 15, -1 ],
			"to": [ 17, 15.001, 0 ],
			"faces": {
				"down": { "uv": [ 7, 7, 16, 16 ], "texture": "#particle", "rotation": 180 },
				"up": { "uv": [ 7, 15.5, 15.5, 16 ], "texture": "#particle", "rotation": 180 }
			}
		},
		{
			"__comment": "PlaneY14",
			"from": [ 1, 13.25, 7.5001 ],
			"to": [ 8, 13.251, 8.000099 ],
			"rotation": { "origin": [ 8, 13.25, 7.5 ], "axis": "z", "angle": -22.5 },
			"faces": {
				"down": { "uv": [ 0.5, 2.5, 1, 6 ], "texture": "#particle" },
				"up": { "uv": [ 0.5, 2.5, 1, 6.5 ], "texture": "#particle", "rotation": 90 }
			}
		},
		{
			"__comment": "PlaneY14",
			"from": [ -1, 15, -1 ],
			"to": [ 0, 15.001, 16 ],
			"faces": {
				"down": { "uv": [ 15.5, 7.5, 16, 16 ], "texture": "#particle", "rotation": 180 },
				"up": { "uv": [ 15.5, 7.5, 16, 16 ], "texture": "#particle", "rotation": 180 }
			}
		},
		{
			"__comment": "PlaneY14",
			"from": [ -1, 15, 16 ],
			"to": [ 16, 15.001, 17 ],
			"faces": {
				"down": { "uv": [ 7, 7, 16, 16 ], "texture": "#particle", "rotation": 180 },
				"up": { "uv": [ 7.5, 7, 16, 7.5 ], "texture": "#particle", "rotation": 180 }
			}
		},
		{
			"__comment": "PlaneY14",
			"from": [ 16, 15, 0 ],
			"to": [ 17, 15.001, 17 ],
			"faces": {
				"down": { "uv": [ 7, 7, 7.5, 15.5 ], "texture": "#particle", "rotation": 180 },
				"up": { "uv": [ 7, 7, 7.5, 15.5 ], "texture": "#particle", "rotation": 180 }
			}
		},
		{
			"__comment": "PlaneY14",
			"from": [ 7.5, 13.25, 1 ],
			"to": [ 8, 13.251, 8 ],
			"rotation": { "origin": [ 8, 13.25, 8 ], "axis": "x", "angle": 22.5 },
			"faces": {
				"down": { "uv": [ 0.5, 2.5, 1, 6 ], "texture": "#particle" },
				"up": { "uv": [ 0.5, 2.5, 1, 6.5 ], "texture": "#particle", "rotation": 180 }
			}
		},
		{
			"__comment": "PlaneY14",
			"from": [ 7.5, 13.25, 7.5 ],
			"to": [ 14.5, 13.251, 8 ],
			"rotation": { "origin": [ 7.5, 13.25, 8 ], "axis": "z", "angle": 22.5 },
			"faces": {
				"down": { "uv": [ 0.5, 2.5, 1, 6 ], "texture": "#particle" },
				"up": { "uv": [ 0.5, 2.5, 1, 6.5 ], "texture": "#particle", "rotation": 270 }
			}
		},
		{
			"__comment": "PlaneY14",
			"from": [ 7.5, 13, 7.5 ],
			"to": [ 8, 13.001, 14.5 ],
			"rotation": { "origin": [ 7.5, 13, 7.5 ], "axis": "x", "angle": -22.5 },
			"faces": {
				"down": { "uv": [ 0.5, 2.5, 1, 6 ], "texture": "#particle" },
				"up": { "uv": [ 0.5, 2.5, 1, 6.5 ], "texture": "#particle" }
			}
		},
		{
			"__comment": "PlaneY27",
			"from": [ 2.8787, 13.8787, 7.5001 ],
			"to": [ 8.8787, 13.8797, 13.0001 ],
			"rotation": { "origin": [ 8, 16, 7.5 ], "axis": "z", "angle": -22.5 },
			"faces": {
				"down": { "uv": [ 1, 2.5, 6, 7.5 ], "texture": "#particle" },
				"up": { "uv": [ 1, 2.5, 6, 7.5 ], "texture": "#particle", "rotation": 90 }
			}
		},
		{
			"__comment": "PlaneY27",
			"from": [ 2.5, 13.7537, 2.8787 ],
			"to": [ 8, 13.7547, 8.8787 ],
			"rotation": { "origin": [ 8, 15.875, 8 ], "axis": "x", "angle": 22.5 },
			"faces": {
				"down": { "uv": [ 1, 2.5, 6, 7.5 ], "texture": "#particle", "rotation": 270 },
				"up": { "uv": [ 1, 2.5, 6, 7.5 ], "texture": "#particle", "rotation": 180 }
			}
		},
		{
			"__comment": "PlaneY27",
			"from": [ 7.5, 13.625, 2 ],
			"to": [ 13.5, 13.626, 8 ],
			"rotation": { "origin": [ 7.5, 13.625, 8 ], "axis": "z", "angle": 22.5 },
			"faces": {
				"down": { "uv": [ 1, 2.5, 6, 7.5 ], "texture": "#particle", "rotation": 180 },
				"up": { "uv": [ 1, 2.5, 6, 7.5 ], "texture": "#particle", "rotation": 270 }
			}
		},
		{
			"__comment": "PlaneY27",
			"from": [ 7.5, 13.625, 7.5 ],
			"to": [ 13, 13.626, 13.5 ],
			"rotation": { "origin": [ 7.5, 13.625, 7.5 ], "axis": "x", "angle": -22.5 },
			"faces": {
				"down": { "uv": [ 1, 2.5, 6, 7.5 ], "texture": "#particle", "rotation": 90 },
				"up": { "uv": [ 1, 2.5, 6, 7.5 ], "texture": "#particle" }
			}
		}
	],
	"display": {
		"thirdperson_righthand": {
			"rotation":  [ 86, 0, 4 ],
			"translation":  [ 0, 1.5086, 17.386 ]
		},
		"thirdperson_lefthand": {
			"rotation":  [ 86, 180, -4 ],
			"translation":  [ 0, 1.5086, 17.386 ]
		},
		"firstperson_righthand": {
			"translation":  [ 0, 11.825, 2.7826 ]
		},
		"firstperson_lefthand": {
			"translation":  [ 0, 11.825, 2.7826 ]
		},
		"gui": {
			"rotation":  [ 0, 325, 330 ],
			"translation":  [ -1.2, 0.7, 0 ],
			"scale":  [ 0.6, 0.6, 0.6 ]
		},
		"head": {
			"translation":  [ 0, 18.78, 0 ]
		},
		"ground": {
			"translation":  [ 0, 2.0869, 0 ],
			"scale":  [ 0.4, 0.4, 0.4 ]
		}
	}
}