{
	"__comment": "Designed by grand_gibus",
	"textures": {
		"coal": "item/coal",
		"texture": "item/hats/sootballbody",
		"eyes": "item/hats/eyes",
		"sootball": "item/hats/sootballhair"
	},
	"elements": [ 	 
		{
			"__comment": "Cube22",
			"from": [ 8, 17.25, 0.25 ],
			"to": [ 9, 24, 16 ],
			"faces": {
				"down": { "uv": [ 2, 11, 12.5, 11.5 ], "texture": "#coal", "rotation": 90 },
				"up": { "uv": [ 2, 7.5, 12.5, 7 ], "texture": "#coal", "rotation": 270 },
				"north": { "uv": [ 12.5, 11.5, 12, 7 ], "texture": "#coal", "rotation": 180 },
				"south": { "uv": [ 2, 7, 2.5, 11.5 ], "texture": "#coal" },
				"west": { "uv": [ 12.5, 7, 2, 11.5 ], "texture": "#coal" },
				"east": { "uv": [ 2, 7, 12.5, 11.5 ], "texture": "#coal" }
			}
		},
		{
			"__comment": "Cube23",
			"from": [ 8, 16.5, 2.5 ],
			"to": [ 9, 26.25, 15.25 ],
			"faces": {
				"down": { "uv": [ 2.5, 11.5, 11, 12 ], "texture": "#coal", "rotation": 90 },
				"up": { "uv": [ 2.5, 6, 11, 5.5 ], "texture": "#coal", "rotation": 270 },
				"north": { "uv": [ 11, 12, 10.5, 5.5 ], "texture": "#coal", "rotation": 180 },
				"south": { "uv": [ 2.5, 5.5, 3, 12 ], "texture": "#coal" },
				"west": { "uv": [ 11, 5.5, 2.5, 12 ], "texture": "#coal" },
				"east": { "uv": [ 2.5, 5.5, 11, 12 ], "texture": "#coal" }
			}
		},
		{
			"__comment": "Cube24",
			"from": [ 8, 15.75, 4.75 ],
			"to": [ 9, 28.5, 14.5 ],
			"faces": {
				"down": { "uv": [ 3, 12, 9.5, 12.5 ], "texture": "#coal", "rotation": 90 },
				"up": { "uv": [ 3, 4.5, 9.5, 4 ], "texture": "#coal", "rotation": 270 },
				"north": { "uv": [ 9.5, 12.5, 9, 4 ], "texture": "#coal", "rotation": 180 },
				"south": { "uv": [ 3, 4, 3.5, 12.5 ], "texture": "#coal" },
				"west": { "uv": [ 9.5, 4, 3, 12.5 ], "texture": "#coal" },
				"east": { "uv": [ 3, 4, 9.5, 12.5 ], "texture": "#coal" }
			}
		},
		{
			"__comment": "Cube25",
			"from": [ 8, 15, 5.5 ],
			"to": [ 9, 29.25, 13.75 ],
			"faces": {
				"down": { "uv": [ 3.5, 12.5, 9, 13 ], "texture": "#coal", "rotation": 90 },
				"up": { "uv": [ 3.5, 4, 9, 3.5 ], "texture": "#coal", "rotation": 270 },
				"north": { "uv": [ 9, 13, 8.5, 3.5 ], "texture": "#coal", "rotation": 180 },
				"south": { "uv": [ 3.5, 3.5, 4, 13 ], "texture": "#coal" },
				"west": { "uv": [ 9, 3.5, 3.5, 13 ], "texture": "#coal" },
				"east": { "uv": [ 3.5, 3.5, 9, 13 ], "texture": "#coal" }
			}
		},
		{
			"__comment": "Cube26",
			"from": [ 8, 14.25, 6.25 ],
			"to": [ 9, 30, 13 ],
			"faces": {
				"down": { "uv": [ 4, 13, 8.5, 13.5 ], "texture": "#coal", "rotation": 90 },
				"up": { "uv": [ 4, 3.5, 8.5, 3 ], "texture": "#coal", "rotation": 270 },
				"north": { "uv": [ 8.5, 13.5, 8, 3 ], "texture": "#coal", "rotation": 180 },
				"south": { "uv": [ 4, 3, 4.5, 13.5 ], "texture": "#coal" },
				"west": { "uv": [ 8.5, 3, 4, 13.5 ], "texture": "#coal" },
				"east": { "uv": [ 4, 3, 8.5, 13.5 ], "texture": "#coal" }
			}
		},
		{
			"__comment": "Cube27",
			"from": [ 8, 13.5, 7 ],
			"to": [ 9, 30.75, 12.25 ],
			"faces": {
				"down": { "uv": [ 4.5, 13.5, 8, 14 ], "texture": "#coal", "rotation": 90 },
				"up": { "uv": [ 4.5, 3, 8, 2.5 ], "texture": "#coal", "rotation": 270 },
				"north": { "uv": [ 8, 14, 7.5, 2.5 ], "texture": "#coal", "rotation": 180 },
				"south": { "uv": [ 4.5, 2.5, 5, 14 ], "texture": "#coal" },
				"west": { "uv": [ 8, 2.5, 4.5, 14 ], "texture": "#coal" },
				"east": { "uv": [ 4.5, 2.5, 8, 14 ], "texture": "#coal" }
			}
		},
		{
			"__comment": "Cube28",
			"from": [ 8, 12.75, 7.75 ],
			"to": [ 9, 31.5, 11.5 ],
			"faces": {
				"down": { "uv": [ 5, 14, 7.5, 14.5 ], "texture": "#coal", "rotation": 90 },
				"up": { "uv": [ 5, 2.5, 7.5, 2 ], "texture": "#coal", "rotation": 270 },
				"north": { "uv": [ 7.5, 14.5, 7, 2 ], "texture": "#coal", "rotation": 180 },
				"south": { "uv": [ 5, 2, 5.5, 14.5 ], "texture": "#coal" },
				"west": { "uv": [ 7.5, 2, 5, 14.5 ], "texture": "#coal" },
				"east": { "uv": [ 5, 2, 7.5, 14.5 ], "texture": "#coal" }
			}
		},
		{
			"__comment": "Cube29",
			"from": [ 8, 12, 7 ],
			"to": [ 9, 12.75, 10.75 ],
			"faces": {
				"up": { "uv": [ 5.5, 15, 8, 14.5 ], "texture": "#coal", "rotation": 270 },
				"north": { "uv": [ 8, 15, 7.5, 14.5 ], "texture": "#coal", "rotation": 180 },
				"south": { "uv": [ 5.5, 14.5, 6, 15 ], "texture": "#coal" },
				"west": { "uv": [ 8, 14.5, 5.5, 15 ], "texture": "#coal" },
				"east": { "uv": [ 5.5, 14.5, 8, 15 ], "texture": "#coal" }
			}
		},
		{
			"__comment": "Cube30",
			"from": [ 8, 12.75, 4 ],
			"to": [ 9, 13.5, 7.75 ],
			"faces": {
				"down": { "uv": [ 7.5, 14, 10, 14.5 ], "texture": "#coal", "rotation": 90 },
				"up": { "uv": [ 7.5, 14.5, 10, 14 ], "texture": "#coal", "rotation": 270 },
				"west": { "uv": [ 10, 14, 7.5, 14.5 ], "texture": "#coal" },
				"east": { "uv": [ 7.5, 14, 10, 14.5 ], "texture": "#coal" }
			}
		},
		{
			"__comment": "Cube31",
			"from": [ 8, 13.5, 1 ],
			"to": [ 9, 14.25, 7 ],
			"faces": {
				"down": { "uv": [ 8, 13.5, 12, 14 ], "texture": "#coal", "rotation": 90 },
				"up": { "uv": [ 8, 14, 12, 13.5 ], "texture": "#coal", "rotation": 270 },
				"north": { "uv": [ 12, 14, 11.5, 13.5 ], "texture": "#coal", "rotation": 180 },
				"west": { "uv": [ 12, 13.5, 8, 14 ], "texture": "#coal" },
				"east": { "uv": [ 8, 13.5, 12, 14 ], "texture": "#coal" }
			}
		},
		{
			"__comment": "Cube32",
			"from": [ 8, 14.25, 0.25 ],
			"to": [ 9, 15, 6.25 ],
			"faces": {
				"down": { "uv": [ 8.5, 13, 12.5, 13.5 ], "texture": "#coal", "rotation": 90 },
				"up": { "uv": [ 8.5, 13.5, 12.5, 13 ], "texture": "#coal", "rotation": 270 },
				"north": { "uv": [ 12.5, 13.5, 12, 13 ], "texture": "#coal", "rotation": 180 },
				"west": { "uv": [ 12.5, 13, 8.5, 13.5 ], "texture": "#coal" },
				"east": { "uv": [ 8.5, 13, 12.5, 13.5 ], "texture": "#coal" }
			}
		},
		{
			"__comment": "Cube33",
			"from": [ 8, 15, -0.5 ],
			"to": [ 9, 15.75, 5.5 ],
			"faces": {
				"down": { "uv": [ 9, 12.5, 13, 13 ], "texture": "#coal", "rotation": 90 },
				"up": { "uv": [ 9, 13, 13, 12.5 ], "texture": "#coal", "rotation": 270 },
				"north": { "uv": [ 13, 13, 12.5, 12.5 ], "texture": "#coal", "rotation": 180 },
				"west": { "uv": [ 13, 12.5, 9, 13 ], "texture": "#coal" },
				"east": { "uv": [ 9, 12.5, 13, 13 ], "texture": "#coal" }
			}
		},
		{
			"__comment": "Cube34",
			"from": [ 8, 15.75, 4 ],
			"to": [ 9, 27.75, 4.75 ],
			"faces": {
				"up": { "uv": [ 9.5, 5, 10, 4.5 ], "texture": "#coal", "rotation": 270 },
				"north": { "uv": [ 10, 12.5, 9.5, 4.5 ], "texture": "#coal", "rotation": 180 },
				"west": { "uv": [ 10, 4.5, 9.5, 12.5 ], "texture": "#coal" },
				"east": { "uv": [ 9.5, 4.5, 10, 12.5 ], "texture": "#coal" }
			}
		},
		{
			"__comment": "Cube35",
			"from": [ 8, 15.75, 3.25 ],
			"to": [ 9, 27, 4 ],
			"faces": {
				"up": { "uv": [ 10, 5.5, 10.5, 5 ], "texture": "#coal", "rotation": 270 },
				"north": { "uv": [ 10.5, 12.5, 10, 5 ], "texture": "#coal", "rotation": 180 },
				"west": { "uv": [ 10.5, 5, 10, 12.5 ], "texture": "#coal" },
				"east": { "uv": [ 10, 5, 10.5, 12.5 ], "texture": "#coal" }
			}
		},
		{
			"__comment": "Cube36",
			"from": [ 8, 15.75, -1.25 ],
			"to": [ 9, 16.5, 3.25 ],
			"faces": {
				"down": { "uv": [ 10.5, 12, 13.5, 12.5 ], "texture": "#coal", "rotation": 90 },
				"up": { "uv": [ 10.5, 12.5, 13.5, 12 ], "texture": "#coal", "rotation": 270 },
				"north": { "uv": [ 13.5, 12.5, 13, 12 ], "texture": "#coal", "rotation": 180 },
				"west": { "uv": [ 13.5, 12, 10.5, 12.5 ], "texture": "#coal" },
				"east": { "uv": [ 10.5, 12, 13.5, 12.5 ], "texture": "#coal" }
			}
		},
		{
			"__comment": "Cube37",
			"from": [ 8, 16.5, 1.75 ],
			"to": [ 9, 25.5, 2.5 ],
			"faces": {
				"up": { "uv": [ 11, 6.5, 11.5, 6 ], "texture": "#coal", "rotation": 270 },
				"north": { "uv": [ 11.5, 12, 11, 6 ], "texture": "#coal", "rotation": 180 },
				"west": { "uv": [ 11.5, 6, 11, 12 ], "texture": "#coal" },
				"east": { "uv": [ 11, 6, 11.5, 12 ], "texture": "#coal" }
			}
		},
		{
			"__comment": "Cube38",
			"from": [ 8, 16.5, 1 ],
			"to": [ 9, 24.75, 1.75 ],
			"faces": {
				"up": { "uv": [ 11.5, 7, 12, 6.5 ], "texture": "#coal", "rotation": 270 },
				"north": { "uv": [ 12, 12, 11.5, 6.5 ], "texture": "#coal", "rotation": 180 },
				"west": { "uv": [ 12, 6.5, 11.5, 12 ], "texture": "#coal" },
				"east": { "uv": [ 11.5, 6.5, 12, 12 ], "texture": "#coal" }
			}
		},
		{
			"__comment": "Cube39",
			"from": [ 8, 16.5, -2 ],
			"to": [ 9, 17.25, 1 ],
			"faces": {
				"down": { "uv": [ 12, 11.5, 14, 12 ], "texture": "#coal", "rotation": 90 },
				"up": { "uv": [ 12, 12, 14, 11.5 ], "texture": "#coal", "rotation": 270 },
				"north": { "uv": [ 14, 12, 13.5, 11.5 ], "texture": "#coal", "rotation": 180 },
				"west": { "uv": [ 14, 11.5, 12, 12 ], "texture": "#coal" },
				"east": { "uv": [ 12, 11.5, 14, 12 ], "texture": "#coal" }
			}
		},
		{
			"__comment": "Cube40",
			"from": [ 8, 17.25, -0.5 ],
			"to": [ 9, 23.25, 0.25 ],
			"faces": {
				"up": { "uv": [ 12.5, 8, 13, 7.5 ], "texture": "#coal", "rotation": 270 },
				"north": { "uv": [ 13, 11.5, 12.5, 7.5 ], "texture": "#coal", "rotation": 180 },
				"west": { "uv": [ 13, 7.5, 12.5, 11.5 ], "texture": "#coal" },
				"east": { "uv": [ 12.5, 7.5, 13, 11.5 ], "texture": "#coal" }
			}
		},
		{
			"__comment": "Cube41",
			"from": [ 8, 17.25, -1.25 ],
			"to": [ 9, 22.5, -0.5 ],
			"faces": {
				"up": { "uv": [ 13, 8.5, 13.5, 8 ], "texture": "#coal", "rotation": 270 },
				"north": { "uv": [ 13.5, 11.5, 13, 8 ], "texture": "#coal", "rotation": 180 },
				"west": { "uv": [ 13.5, 8, 13, 11.5 ], "texture": "#coal" },
				"east": { "uv": [ 13, 8, 13.5, 11.5 ], "texture": "#coal" }
			}
		},
		{
			"__comment": "Cube42",
			"from": [ 8, 17.25, -2 ],
			"to": [ 9, 21, -1.25 ],
			"faces": {
				"up": { "uv": [ 13.5, 9.5, 14, 9 ], "texture": "#coal", "rotation": 270 },
				"north": { "uv": [ 14, 11.5, 13.5, 9 ], "texture": "#coal", "rotation": 180 },
				"west": { "uv": [ 14, 9, 13.5, 11.5 ], "texture": "#coal" },
				"east": { "uv": [ 13.5, 9, 14, 11.5 ], "texture": "#coal" }
			}
		},
		{
			"__comment": "Sphere",
			"from": [ 0, 5.5, 4 ],
			"to": [ 16, 9.5, 12 ],
			"faces": {
				"down": { "uv": [ 16, 12, 0, 4 ], "texture": "#texture" },
				"up": { "uv": [ 0, 4, 16, 12 ], "texture": "#texture" },
				"north": { "uv": [ 0, 6, 16, 10 ], "texture": "#texture" },
				"south": { "uv": [ 0, 6, 16, 10 ], "texture": "#texture" },
				"west": { "uv": [ 4, 6, 12, 10 ], "texture": "#texture", "cullface": "west" },
				"east": { "uv": [ 4, 6, 12, 10 ], "texture": "#texture", "cullface": "east" }
			}
		},
		{
			"__comment": "Sphere",
			"from": [ 0, 4.5, 5 ],
			"to": [ 16, 5.5, 11 ],
			"faces": {
				"down": { "uv": [ 16, 11, 0, 5 ], "texture": "#texture" },
				"north": { "uv": [ 0, 10, 16, 11 ], "texture": "#texture" },
				"south": { "uv": [ 0, 10, 16, 11 ], "texture": "#texture" },
				"west": { "uv": [ 5, 10, 11, 11 ], "texture": "#texture", "cullface": "west" },
				"east": { "uv": [ 5, 10, 11, 11 ], "texture": "#texture", "cullface": "east" }
			}
		},
		{
			"__comment": "Sphere",
			"from": [ 0, 9.5, 5 ],
			"to": [ 16, 10.5, 11 ],
			"faces": {
				"up": { "uv": [ 0, 5, 16, 11 ], "texture": "#texture" },
				"north": { "uv": [ 0, 5, 16, 6 ], "texture": "#texture" },
				"south": { "uv": [ 0, 5, 16, 6 ], "texture": "#texture" },
				"west": { "uv": [ 5, 5, 11, 6 ], "texture": "#texture", "cullface": "west" },
				"east": { "uv": [ 5, 5, 11, 6 ], "texture": "#texture", "cullface": "east" }
			}
		},
		{
			"__comment": "Sphere",
			"from": [ 0, 3.5, 6 ],
			"to": [ 16, 4.5, 10 ],
			"faces": {
				"down": { "uv": [ 16, 10, 0, 6 ], "texture": "#texture" },
				"north": { "uv": [ 0, 11, 16, 12 ], "texture": "#texture" },
				"south": { "uv": [ 0, 11, 16, 12 ], "texture": "#texture" },
				"west": { "uv": [ 6, 11, 10, 12 ], "texture": "#texture", "cullface": "west" },
				"east": { "uv": [ 6, 11, 10, 12 ], "texture": "#texture", "cullface": "east" }
			}
		},
		{
			"__comment": "Sphere",
			"from": [ 0, 10.5, 6 ],
			"to": [ 16, 11.5, 10 ],
			"faces": {
				"up": { "uv": [ 0, 6, 16, 10 ], "texture": "#texture" },
				"north": { "uv": [ 0, 4, 16, 5 ], "texture": "#texture" },
				"south": { "uv": [ 0, 4, 16, 5 ], "texture": "#texture" },
				"west": { "uv": [ 6, 4, 10, 5 ], "texture": "#texture", "cullface": "west" },
				"east": { "uv": [ 6, 4, 10, 5 ], "texture": "#texture", "cullface": "east" }
			}
		},
		{
			"__comment": "Sphere",
			"from": [ 1, 6.5, 2 ],
			"to": [ 15, 8.5, 4 ],
			"faces": {
				"down": { "uv": [ 15, 4, 1, 2 ], "texture": "#texture" },
				"north": { "uv": [ 1, 7, 15, 9 ], "texture": "#texture" },
				"west": { "uv": [ 2, 7, 4, 9 ], "texture": "#texture" },
				"east": { "uv": [ 12, 7, 14, 9 ], "texture": "#texture" }
			}
		},
		{
			"__comment": "Sphere",
			"from": [ 1, 3.5, 3 ],
			"to": [ 15, 4.5, 6 ],
			"faces": {
				"down": { "uv": [ 15, 6, 1, 3 ], "texture": "#texture" },
				"up": { "uv": [ 1, 3, 15, 6 ], "texture": "#texture" },
				"north": { "uv": [ 1, 11, 15, 12 ], "texture": "#texture" },
				"west": { "uv": [ 3, 11, 6, 12 ], "texture": "#texture" },
				"east": { "uv": [ 10, 11, 13, 12 ], "texture": "#texture" }
			}
		},
		{
			"__comment": "Sphere",
			"from": [ 1, 4.5, 3 ],
			"to": [ 15, 5.5, 5 ],
			"faces": {
				"up": { "uv": [ 1, 3, 15, 5 ], "texture": "#texture" },
				"north": { "uv": [ 1, 10, 15, 11 ], "texture": "#texture" },
				"west": { "uv": [ 3, 10, 5, 11 ], "texture": "#texture" },
				"east": { "uv": [ 11, 10, 13, 11 ], "texture": "#texture" }
			}
		},
		{
			"__comment": "Sphere",
			"from": [ 1, 5.5, 3 ],
			"to": [ 15, 6.5, 4 ],
			"faces": {
				"north": { "uv": [ 1, 9, 15, 10 ], "texture": "#texture" },
				"west": { "uv": [ 3, 9, 4, 10 ], "texture": "#texture" },
				"east": { "uv": [ 12, 9, 13, 10 ], "texture": "#texture" }
			}
		},
		{
			"__comment": "Sphere",
			"from": [ 1, 8.5, 3 ],
			"to": [ 15, 11.5, 4 ],
			"faces": {
				"up": { "uv": [ 1, 3, 15, 4 ], "texture": "#texture" },
				"north": { "uv": [ 1, 4, 15, 7 ], "texture": "#texture" },
				"south": { "uv": [ 1, 4, 15, 7 ], "texture": "#texture" },
				"west": { "uv": [ 3, 4, 4, 7 ], "texture": "#texture" },
				"east": { "uv": [ 12, 4, 13, 7 ], "texture": "#texture" }
			}
		},
		{
			"__comment": "Sphere",
			"from": [ 1, 2.5, 4 ],
			"to": [ 15, 3.5, 12 ],
			"faces": {
				"down": { "uv": [ 15, 12, 1, 4 ], "texture": "#texture" },
				"up": { "uv": [ 1, 4, 15, 12 ], "texture": "#texture" },
				"north": { "uv": [ 1, 12, 15, 13 ], "texture": "#texture" },
				"south": { "uv": [ 1, 12, 15, 13 ], "texture": "#texture" },
				"west": { "uv": [ 4, 12, 12, 13 ], "texture": "#texture" },
				"east": { "uv": [ 4, 12, 12, 13 ], "texture": "#texture" }
			}
		},
		{
			"__comment": "Sphere",
			"from": [ 1, 9.5, 4 ],
			"to": [ 15, 12.5, 5 ],
			"faces": {
				"up": { "uv": [ 1, 4, 15, 5 ], "texture": "#texture" },
				"north": { "uv": [ 1, 3, 15, 6 ], "texture": "#texture" },
				"south": { "uv": [ 1, 3, 15, 6 ], "texture": "#texture" },
				"west": { "uv": [ 4, 3, 5, 6 ], "texture": "#texture" },
				"east": { "uv": [ 11, 3, 12, 6 ], "texture": "#texture" }
			}
		},
		{
			"__comment": "Sphere",
			"from": [ 1, 10.5, 5 ],
			"to": [ 15, 12.5, 6 ],
			"faces": {
				"up": { "uv": [ 1, 5, 15, 6 ], "texture": "#texture" },
				"south": { "uv": [ 1, 3, 15, 5 ], "texture": "#texture" },
				"west": { "uv": [ 5, 3, 6, 5 ], "texture": "#texture" },
				"east": { "uv": [ 10, 3, 11, 5 ], "texture": "#texture" }
			}
		},
		{
			"__comment": "Sphere",
			"from": [ 1, 11.5, 6 ],
			"to": [ 15, 12.5, 12 ],
			"faces": {
				"down": { "uv": [ 15, 12, 1, 6 ], "texture": "#texture" },
				"up": { "uv": [ 1, 6, 15, 12 ], "texture": "#texture" },
				"south": { "uv": [ 1, 3, 15, 4 ], "texture": "#texture" },
				"west": { "uv": [ 6, 3, 12, 4 ], "texture": "#texture" },
				"east": { "uv": [ 4, 3, 10, 4 ], "texture": "#texture" }
			}
		},
		{
			"__comment": "Sphere",
			"from": [ 1, 1.5, 7 ],
			"to": [ 15, 2.5, 9 ],
			"faces": {
				"down": { "uv": [ 15, 9, 1, 7 ], "texture": "#texture" },
				"north": { "uv": [ 1, 13, 15, 14 ], "texture": "#texture" },
				"south": { "uv": [ 1, 13, 15, 14 ], "texture": "#texture" },
				"west": { "uv": [ 7, 13, 9, 14 ], "texture": "#texture" },
				"east": { "uv": [ 7, 13, 9, 14 ], "texture": "#texture" }
			}
		},
		{
			"__comment": "Sphere",
			"from": [ 1, 12.5, 7 ],
			"to": [ 15, 13.5, 9 ],
			"faces": {
				"up": { "uv": [ 1, 7, 15, 9 ], "texture": "#texture" },
				"north": { "uv": [ 1, 2, 15, 3 ], "texture": "#texture" },
				"south": { "uv": [ 1, 2, 15, 3 ], "texture": "#texture" },
				"west": { "uv": [ 7, 2, 9, 3 ], "texture": "#texture" },
				"east": { "uv": [ 7, 2, 9, 3 ], "texture": "#texture" }
			}
		},
		{
			"__comment": "Sphere",
			"from": [ 1, 3.5, 10 ],
			"to": [ 15, 4.5, 13 ],
			"faces": {
				"down": { "uv": [ 15, 13, 1, 10 ], "texture": "#texture" },
				"up": { "uv": [ 1, 10, 15, 13 ], "texture": "#texture" },
				"south": { "uv": [ 1, 11, 15, 12 ], "texture": "#texture" },
				"west": { "uv": [ 10, 11, 13, 12 ], "texture": "#texture" },
				"east": { "uv": [ 3, 11, 6, 12 ], "texture": "#texture" }
			}
		},
		{
			"__comment": "Sphere",
			"from": [ 1, 10.5, 10 ],
			"to": [ 15, 11.5, 13 ],
			"faces": {
				"down": { "uv": [ 15, 13, 1, 10 ], "texture": "#texture" },
				"up": { "uv": [ 1, 10, 15, 13 ], "texture": "#texture" },
				"south": { "uv": [ 1, 4, 15, 5 ], "texture": "#texture" },
				"west": { "uv": [ 10, 4, 13, 5 ], "texture": "#texture" },
				"east": { "uv": [ 3, 4, 6, 5 ], "texture": "#texture" }
			}
		},
		{
			"__comment": "Sphere",
			"from": [ 1, 4.5, 11 ],
			"to": [ 15, 5.5, 13 ],
			"faces": {
				"up": { "uv": [ 1, 11, 15, 13 ], "texture": "#texture" },
				"south": { "uv": [ 1, 10, 15, 11 ], "texture": "#texture" },
				"west": { "uv": [ 11, 10, 13, 11 ], "texture": "#texture" },
				"east": { "uv": [ 3, 10, 5, 11 ], "texture": "#texture" }
			}
		},
		{
			"__comment": "Sphere",
			"from": [ 1, 9.5, 11 ],
			"to": [ 15, 10.5, 13 ],
			"faces": {
				"down": { "uv": [ 15, 13, 1, 11 ], "texture": "#texture" },
				"south": { "uv": [ 1, 5, 15, 6 ], "texture": "#texture" },
				"west": { "uv": [ 11, 5, 13, 6 ], "texture": "#texture" },
				"east": { "uv": [ 3, 5, 5, 6 ], "texture": "#texture" }
			}
		},
		{
			"__comment": "Sphere",
			"from": [ 1, 5.5, 12 ],
			"to": [ 15, 9.5, 13 ],
			"faces": {
				"south": { "uv": [ 1, 6, 15, 10 ], "texture": "#texture" },
				"west": { "uv": [ 12, 6, 13, 10 ], "texture": "#texture" },
				"east": { "uv": [ 3, 6, 4, 10 ], "texture": "#texture" }
			}
		},
		{
			"__comment": "Sphere",
			"from": [ 1, 6.5, 13 ],
			"to": [ 15, 8.5, 14 ],
			"faces": {
				"down": { "uv": [ 15, 14, 1, 13 ], "texture": "#texture" },
				"south": { "uv": [ 1, 7, 15, 9 ], "texture": "#texture" },
				"west": { "uv": [ 13, 7, 14, 9 ], "texture": "#texture" },
				"east": { "uv": [ 2, 7, 3, 9 ], "texture": "#texture" }
			}
		},
		{
			"__comment": "Sphere",
			"from": [ 2, 6.5, 1 ],
			"to": [ 14, 8.5, 2 ],
			"faces": {
				"down": { "uv": [ 14, 2, 2, 1 ], "texture": "#texture" },
				"north": { "uv": [ 2, 7, 14, 9 ], "texture": "#texture" },
				"west": { "uv": [ 1, 7, 2, 9 ], "texture": "#texture" },
				"east": { "uv": [ 14, 7, 15, 9 ], "texture": "#texture" }
			}
		},
		{
			"__comment": "Sphere",
			"from": [ 2, 3.5, 2 ],
			"to": [ 14, 6.5, 3 ],
			"faces": {
				"down": { "uv": [ 14, 3, 2, 2 ], "texture": "#texture" },
				"north": { "uv": [ 2, 9, 14, 12 ], "texture": "#texture" },
				"south": { "uv": [ 2, 9, 14, 12 ], "texture": "#texture" },
				"west": { "uv": [ 2, 9, 3, 12 ], "texture": "#texture" },
				"east": { "uv": [ 13, 9, 14, 12 ], "texture": "#texture" }
			}
		},
		{
			"__comment": "Sphere",
			"from": [ 2, 8.5, 2 ],
			"to": [ 14, 11.5, 3 ],
			"faces": {
				"up": { "uv": [ 2, 2, 14, 3 ], "texture": "#texture" },
				"north": { "uv": [ 2, 4, 14, 7 ], "texture": "#texture" },
				"west": { "uv": [ 2, 4, 3, 7 ], "texture": "#texture" },
				"east": { "uv": [ 13, 4, 14, 7 ], "texture": "#texture" }
			}
		},
		{
			"__comment": "Sphere",
			"from": [ 2, 2.5, 3 ],
			"to": [ 14, 3.5, 4 ],
			"faces": {
				"down": { "uv": [ 14, 4, 2, 3 ], "texture": "#texture" },
				"north": { "uv": [ 2, 12, 14, 13 ], "texture": "#texture" },
				"west": { "uv": [ 3, 12, 4, 13 ], "texture": "#texture" },
				"east": { "uv": [ 12, 12, 13, 13 ], "texture": "#texture" }
			}
		},
		{
			"__comment": "Sphere",
			"from": [ 2, 11.5, 3 ],
			"to": [ 14, 12.5, 4 ],
			"faces": {
				"up": { "uv": [ 2, 3, 14, 4 ], "texture": "#texture" },
				"north": { "uv": [ 2, 3, 14, 4 ], "texture": "#texture" },
				"west": { "uv": [ 3, 3, 4, 4 ], "texture": "#texture" },
				"east": { "uv": [ 12, 3, 13, 4 ], "texture": "#texture" }
			}
		},
		{
			"__comment": "Sphere",
			"from": [ 2, 1.5, 4 ],
			"to": [ 14, 2.5, 7 ],
			"faces": {
				"down": { "uv": [ 14, 7, 2, 4 ], "texture": "#texture" },
				"north": { "uv": [ 2, 13, 14, 14 ], "texture": "#texture" },
				"west": { "uv": [ 4, 13, 7, 14 ], "texture": "#texture" },
				"east": { "uv": [ 9, 13, 12, 14 ], "texture": "#texture" }
			}
		},
		{
			"__comment": "Sphere",
			"from": [ 2, 12.5, 4 ],
			"to": [ 14, 13.5, 7 ],
			"faces": {
				"down": { "uv": [ 14, 7, 2, 4 ], "texture": "#texture" },
				"up": { "uv": [ 2, 4, 14, 7 ], "texture": "#texture" },
				"north": { "uv": [ 2, 2, 14, 3 ], "texture": "#texture" },
				"west": { "uv": [ 4, 2, 7, 3 ], "texture": "#texture" },
				"east": { "uv": [ 9, 2, 12, 3 ], "texture": "#texture" }
			}
		},
		{
			"__comment": "Sphere",
			"from": [ 2, 0.5, 7 ],
			"to": [ 14, 1.5, 9 ],
			"faces": {
				"down": { "uv": [ 14, 9, 2, 7 ], "texture": "#texture" },
				"north": { "uv": [ 2, 14, 14, 15 ], "texture": "#texture" },
				"south": { "uv": [ 2, 14, 14, 15 ], "texture": "#texture" },
				"west": { "uv": [ 7, 14, 9, 15 ], "texture": "#texture" },
				"east": { "uv": [ 7, 14, 9, 15 ], "texture": "#texture" }
			}
		},
		{
			"__comment": "Sphere",
			"from": [ 2, 13.5, 7 ],
			"to": [ 14, 14.5, 9 ],
			"faces": {
				"up": { "uv": [ 2, 7, 14, 9 ], "texture": "#texture" },
				"north": { "uv": [ 2, 1, 14, 2 ], "texture": "#texture" },
				"south": { "uv": [ 2, 1, 14, 2 ], "texture": "#texture" },
				"west": { "uv": [ 7, 1, 9, 2 ], "texture": "#texture" },
				"east": { "uv": [ 7, 1, 9, 2 ], "texture": "#texture" }
			}
		},
		{
			"__comment": "Sphere",
			"from": [ 2, 1.5, 9 ],
			"to": [ 14, 2.5, 12 ],
			"faces": {
				"down": { "uv": [ 14, 12, 2, 9 ], "texture": "#texture" },
				"south": { "uv": [ 2, 13, 14, 14 ], "texture": "#texture" },
				"west": { "uv": [ 9, 13, 12, 14 ], "texture": "#texture" },
				"east": { "uv": [ 4, 13, 7, 14 ], "texture": "#texture" }
			}
		},
		{
			"__comment": "Sphere",
			"from": [ 2, 12.5, 9 ],
			"to": [ 14, 13.5, 12 ],
			"faces": {
				"up": { "uv": [ 2, 9, 14, 12 ], "texture": "#texture" },
				"south": { "uv": [ 2, 2, 14, 3 ], "texture": "#texture" },
				"west": { "uv": [ 9, 2, 12, 3 ], "texture": "#texture" },
				"east": { "uv": [ 4, 2, 7, 3 ], "texture": "#texture" }
			}
		},
		{
			"__comment": "Sphere",
			"from": [ 2, 2.5, 12 ],
			"to": [ 14, 3.5, 13 ],
			"faces": {
				"down": { "uv": [ 14, 13, 2, 12 ], "texture": "#texture" },
				"south": { "uv": [ 2, 12, 14, 13 ], "texture": "#texture" },
				"west": { "uv": [ 12, 12, 13, 13 ], "texture": "#texture" },
				"east": { "uv": [ 3, 12, 4, 13 ], "texture": "#texture" }
			}
		},
		{
			"__comment": "Sphere",
			"from": [ 2, 11.5, 12 ],
			"to": [ 14, 12.5, 13 ],
			"faces": {
				"up": { "uv": [ 2, 12, 14, 13 ], "texture": "#texture" },
				"south": { "uv": [ 2, 3, 14, 4 ], "texture": "#texture" },
				"west": { "uv": [ 12, 3, 13, 4 ], "texture": "#texture" },
				"east": { "uv": [ 3, 3, 4, 4 ], "texture": "#texture" }
			}
		},
		{
			"__comment": "Sphere",
			"from": [ 2, 3.5, 13 ],
			"to": [ 14, 6.5, 14 ],
			"faces": {
				"down": { "uv": [ 14, 14, 2, 13 ], "texture": "#texture" },
				"north": { "uv": [ 2, 9, 14, 12 ], "texture": "#texture" },
				"south": { "uv": [ 2, 9, 14, 12 ], "texture": "#texture" },
				"west": { "uv": [ 13, 9, 14, 12 ], "texture": "#texture" },
				"east": { "uv": [ 2, 9, 3, 12 ], "texture": "#texture" }
			}
		},
		{
			"__comment": "Sphere",
			"from": [ 2, 8.5, 13 ],
			"to": [ 14, 11.5, 14 ],
			"faces": {
				"up": { "uv": [ 2, 13, 14, 14 ], "texture": "#texture" },
				"north": { "uv": [ 2, 4, 14, 7 ], "texture": "#texture" },
				"south": { "uv": [ 2, 4, 14, 7 ], "texture": "#texture" },
				"west": { "uv": [ 13, 4, 14, 7 ], "texture": "#texture" },
				"east": { "uv": [ 2, 4, 3, 7 ], "texture": "#texture" }
			}
		},
		{
			"__comment": "Sphere",
			"from": [ 2, 6.5, 14 ],
			"to": [ 14, 8.5, 15 ],
			"faces": {
				"down": { "uv": [ 14, 15, 2, 14 ], "texture": "#texture" },
				"south": { "uv": [ 2, 7, 14, 9 ], "texture": "#texture" },
				"west": { "uv": [ 14, 7, 15, 9 ], "texture": "#texture" },
				"east": { "uv": [ 1, 7, 2, 9 ], "texture": "#texture" }
			}
		},
		{
			"__comment": "Sphere",
			"from": [ 3, 3.5, 1 ],
			"to": [ 13, 6.5, 2 ],
			"faces": {
				"down": { "uv": [ 13, 2, 3, 1 ], "texture": "#texture" },
				"north": { "uv": [ 3, 9, 13, 12 ], "texture": "#texture" },
				"west": { "uv": [ 1, 9, 2, 12 ], "texture": "#texture" },
				"east": { "uv": [ 14, 9, 15, 12 ], "texture": "#texture" }
			}
		},
		{
			"__comment": "Sphere",
			"from": [ 3, 8.5, 1 ],
			"to": [ 13, 11.5, 2 ],
			"faces": {
				"up": { "uv": [ 3, 1, 13, 2 ], "texture": "#texture" },
				"north": { "uv": [ 3, 4, 13, 7 ], "texture": "#texture" },
				"west": { "uv": [ 1, 4, 2, 7 ], "texture": "#texture" },
				"east": { "uv": [ 14, 4, 15, 7 ], "texture": "#texture" }
			}
		},
		{
			"__comment": "Sphere",
			"from": [ 3, 2.5, 2 ],
			"to": [ 13, 3.5, 3 ],
			"faces": {
				"down": { "uv": [ 13, 3, 3, 2 ], "texture": "#texture" },
				"north": { "uv": [ 3, 12, 13, 13 ], "texture": "#texture" },
				"west": { "uv": [ 2, 12, 3, 13 ], "texture": "#texture" },
				"east": { "uv": [ 13, 12, 14, 13 ], "texture": "#texture" }
			}
		},
		{
			"__comment": "Sphere",
			"from": [ 3, 11.5, 2 ],
			"to": [ 13, 12.5, 3 ],
			"faces": {
				"up": { "uv": [ 3, 2, 13, 3 ], "texture": "#texture" },
				"north": { "uv": [ 3, 3, 13, 4 ], "texture": "#texture" },
				"west": { "uv": [ 2, 3, 3, 4 ], "texture": "#texture" },
				"east": { "uv": [ 13, 3, 14, 4 ], "texture": "#texture" }
			}
		},
		{
			"__comment": "Sphere",
			"from": [ 3, 1.5, 3 ],
			"to": [ 13, 2.5, 4 ],
			"faces": {
				"down": { "uv": [ 13, 4, 3, 3 ], "texture": "#texture" },
				"north": { "uv": [ 3, 13, 13, 14 ], "texture": "#texture" },
				"west": { "uv": [ 3, 13, 4, 14 ], "texture": "#texture" },
				"east": { "uv": [ 12, 13, 13, 14 ], "texture": "#texture" }
			}
		},
		{
			"__comment": "Sphere",
			"from": [ 3, 12.5, 3 ],
			"to": [ 13, 13.5, 4 ],
			"faces": {
				"up": { "uv": [ 3, 3, 13, 4 ], "texture": "#texture" },
				"north": { "uv": [ 3, 2, 13, 3 ], "texture": "#texture" },
				"west": { "uv": [ 3, 2, 4, 3 ], "texture": "#texture" },
				"east": { "uv": [ 12, 2, 13, 3 ], "texture": "#texture" }
			}
		},
		{
			"__comment": "Sphere",
			"from": [ 3, 0.5, 4 ],
			"to": [ 13, 1.5, 7 ],
			"faces": {
				"down": { "uv": [ 13, 7, 3, 4 ], "texture": "#texture" },
				"north": { "uv": [ 3, 14, 13, 15 ], "texture": "#texture" },
				"west": { "uv": [ 4, 14, 7, 15 ], "texture": "#texture" },
				"east": { "uv": [ 9, 14, 12, 15 ], "texture": "#texture" }
			}
		},
		{
			"__comment": "Sphere",
			"from": [ 3, 13.5, 4 ],
			"to": [ 13, 14.5, 7 ],
			"faces": {
				"up": { "uv": [ 3, 4, 13, 7 ], "texture": "#texture" },
				"north": { "uv": [ 3, 1, 13, 2 ], "texture": "#texture" },
				"west": { "uv": [ 4, 1, 7, 2 ], "texture": "#texture" },
				"east": { "uv": [ 9, 1, 12, 2 ], "texture": "#texture" }
			}
		},
		{
			"__comment": "Sphere",
			"from": [ 3, 0.5, 9 ],
			"to": [ 13, 1.5, 12 ],
			"faces": {
				"down": { "uv": [ 13, 12, 3, 9 ], "texture": "#texture" },
				"south": { "uv": [ 3, 14, 13, 15 ], "texture": "#texture" },
				"west": { "uv": [ 9, 14, 12, 15 ], "texture": "#texture" },
				"east": { "uv": [ 4, 14, 7, 15 ], "texture": "#texture" }
			}
		},
		{
			"__comment": "Sphere",
			"from": [ 3, 13.5, 9 ],
			"to": [ 13, 14.5, 12 ],
			"faces": {
				"up": { "uv": [ 3, 9, 13, 12 ], "texture": "#texture" },
				"south": { "uv": [ 3, 1, 13, 2 ], "texture": "#texture" },
				"west": { "uv": [ 9, 1, 12, 2 ], "texture": "#texture" },
				"east": { "uv": [ 4, 1, 7, 2 ], "texture": "#texture" }
			}
		},
		{
			"__comment": "Sphere",
			"from": [ 3, 1.5, 12 ],
			"to": [ 13, 2.5, 13 ],
			"faces": {
				"down": { "uv": [ 13, 13, 3, 12 ], "texture": "#texture" },
				"south": { "uv": [ 3, 13, 13, 14 ], "texture": "#texture" },
				"west": { "uv": [ 12, 13, 13, 14 ], "texture": "#texture" },
				"east": { "uv": [ 3, 13, 4, 14 ], "texture": "#texture" }
			}
		},
		{
			"__comment": "Sphere",
			"from": [ 3, 12.5, 12 ],
			"to": [ 13, 13.5, 13 ],
			"faces": {
				"up": { "uv": [ 3, 12, 13, 13 ], "texture": "#texture" },
				"south": { "uv": [ 3, 2, 13, 3 ], "texture": "#texture" },
				"west": { "uv": [ 12, 2, 13, 3 ], "texture": "#texture" },
				"east": { "uv": [ 3, 2, 4, 3 ], "texture": "#texture" }
			}
		},
		{
			"__comment": "Sphere",
			"from": [ 3, 2.5, 13 ],
			"to": [ 13, 3.5, 14 ],
			"faces": {
				"down": { "uv": [ 13, 14, 3, 13 ], "texture": "#texture" },
				"south": { "uv": [ 3, 12, 13, 13 ], "texture": "#texture" },
				"west": { "uv": [ 13, 12, 14, 13 ], "texture": "#texture" },
				"east": { "uv": [ 2, 12, 3, 13 ], "texture": "#texture" }
			}
		},
		{
			"__comment": "Sphere",
			"from": [ 3, 11.5, 13 ],
			"to": [ 13, 12.5, 14 ],
			"faces": {
				"up": { "uv": [ 3, 13, 13, 14 ], "texture": "#texture" },
				"south": { "uv": [ 3, 3, 13, 4 ], "texture": "#texture" },
				"west": { "uv": [ 13, 3, 14, 4 ], "texture": "#texture" },
				"east": { "uv": [ 2, 3, 3, 4 ], "texture": "#texture" }
			}
		},
		{
			"__comment": "Sphere",
			"from": [ 3, 3.5, 14 ],
			"to": [ 13, 6.5, 15 ],
			"faces": {
				"down": { "uv": [ 13, 15, 3, 14 ], "texture": "#texture" },
				"south": { "uv": [ 3, 9, 13, 12 ], "texture": "#texture" },
				"west": { "uv": [ 14, 9, 15, 12 ], "texture": "#texture" },
				"east": { "uv": [ 1, 9, 2, 12 ], "texture": "#texture" }
			}
		},
		{
			"__comment": "Sphere",
			"from": [ 3, 8.5, 14 ],
			"to": [ 13, 11.5, 15 ],
			"faces": {
				"up": { "uv": [ 3, 14, 13, 15 ], "texture": "#texture" },
				"south": { "uv": [ 3, 4, 13, 7 ], "texture": "#texture" },
				"west": { "uv": [ 14, 4, 15, 7 ], "texture": "#texture" },
				"east": { "uv": [ 1, 4, 2, 7 ], "texture": "#texture" }
			}
		},
		{
			"__comment": "Sphere",
			"from": [ 4, 5.5, 0 ],
			"to": [ 12, 9.5, 1 ],
			"faces": {
				"down": { "uv": [ 12, 1, 4, 0 ], "texture": "#texture" },
				"up": { "uv": [ 4, 0, 12, 1 ], "texture": "#texture" },
				"north": { "uv": [ 4, 6, 12, 10 ], "texture": "#texture", "cullface": "north" },
				"south": { "uv": [ 4, 6, 12, 10 ], "texture": "#texture" },
				"west": { "uv": [ 0, 6, 1, 10 ], "texture": "#texture" },
				"east": { "uv": [ 15, 6, 16, 10 ], "texture": "#texture" }
			}
		},
		{
			"__comment": "Sphere",
			"from": [ 4, 2.5, 1 ],
			"to": [ 12, 3.5, 2 ],
			"faces": {
				"down": { "uv": [ 12, 2, 4, 1 ], "texture": "#texture" },
				"north": { "uv": [ 4, 12, 12, 13 ], "texture": "#texture" },
				"west": { "uv": [ 1, 12, 2, 13 ], "texture": "#texture" },
				"east": { "uv": [ 14, 12, 15, 13 ], "texture": "#texture" }
			}
		},
		{
			"__comment": "Sphere",
			"from": [ 4, 11.5, 1 ],
			"to": [ 12, 12.5, 2 ],
			"faces": {
				"up": { "uv": [ 4, 1, 12, 2 ], "texture": "#texture" },
				"north": { "uv": [ 4, 3, 12, 4 ], "texture": "#texture" },
				"west": { "uv": [ 1, 3, 2, 4 ], "texture": "#texture" },
				"east": { "uv": [ 14, 3, 15, 4 ], "texture": "#texture" }
			}
		},
		{
			"__comment": "Sphere",
			"from": [ 4, 1.5, 2 ],
			"to": [ 12, 2.5, 3 ],
			"faces": {
				"down": { "uv": [ 12, 3, 4, 2 ], "texture": "#texture" },
				"north": { "uv": [ 4, 13, 12, 14 ], "texture": "#texture" },
				"west": { "uv": [ 2, 13, 3, 14 ], "texture": "#texture" },
				"east": { "uv": [ 13, 13, 14, 14 ], "texture": "#texture" }
			}
		},
		{
			"__comment": "Sphere",
			"from": [ 4, 12.5, 2 ],
			"to": [ 12, 13.5, 3 ],
			"faces": {
				"up": { "uv": [ 4, 2, 12, 3 ], "texture": "#texture" },
				"north": { "uv": [ 4, 2, 12, 3 ], "texture": "#texture" },
				"west": { "uv": [ 2, 2, 3, 3 ], "texture": "#texture" },
				"east": { "uv": [ 13, 2, 14, 3 ], "texture": "#texture" }
			}
		},
		{
			"__comment": "Sphere",
			"from": [ 4, 0.5, 3 ],
			"to": [ 12, 1.5, 4 ],
			"faces": {
				"down": { "uv": [ 12, 4, 4, 3 ], "texture": "#texture" },
				"north": { "uv": [ 4, 14, 12, 15 ], "texture": "#texture" },
				"west": { "uv": [ 3, 14, 4, 15 ], "texture": "#texture" },
				"east": { "uv": [ 12, 14, 13, 15 ], "texture": "#texture" }
			}
		},
		{
			"__comment": "Sphere",
			"from": [ 4, 13.5, 3 ],
			"to": [ 12, 14.5, 4 ],
			"faces": {
				"up": { "uv": [ 4, 3, 12, 4 ], "texture": "#texture" },
				"north": { "uv": [ 4, 1, 12, 2 ], "texture": "#texture" },
				"west": { "uv": [ 3, 1, 4, 2 ], "texture": "#texture" },
				"east": { "uv": [ 12, 1, 13, 2 ], "texture": "#texture" }
			}
		},
		{
			"__comment": "Sphere",
			"from": [ 4, -0.5, 6 ],
			"to": [ 12, 0.5, 10 ],
			"faces": {
				"down": { "uv": [ 12, 10, 4, 6 ], "texture": "#texture", "cullface": "down" },
				"up": { "uv": [ 4, 6, 12, 10 ], "texture": "#texture" },
				"north": { "uv": [ 4, 15, 12, 16 ], "texture": "#texture" },
				"south": { "uv": [ 4, 15, 12, 16 ], "texture": "#texture" },
				"west": { "uv": [ 6, 15, 10, 16 ], "texture": "#texture" },
				"east": { "uv": [ 6, 15, 10, 16 ], "texture": "#texture" }
			}
		},
		{
			"__comment": "Sphere",
			"from": [ 4, 14.5, 6 ],
			"to": [ 12, 15.5, 10 ],
			"faces": {
				"down": { "uv": [ 12, 10, 4, 6 ], "texture": "#texture" },
				"up": { "uv": [ 4, 6, 12, 10 ], "texture": "#texture", "cullface": "up" },
				"north": { "uv": [ 4, 0, 12, 1 ], "texture": "#texture" },
				"south": { "uv": [ 4, 0, 12, 1 ], "texture": "#texture" },
				"west": { "uv": [ 6, 0, 10, 1 ], "texture": "#texture" },
				"east": { "uv": [ 6, 0, 10, 1 ], "texture": "#texture" }
			}
		},
		{
			"__comment": "Sphere",
			"from": [ 4, 0.5, 12 ],
			"to": [ 12, 1.5, 13 ],
			"faces": {
				"down": { "uv": [ 12, 13, 4, 12 ], "texture": "#texture" },
				"south": { "uv": [ 4, 14, 12, 15 ], "texture": "#texture" },
				"west": { "uv": [ 12, 14, 13, 15 ], "texture": "#texture" },
				"east": { "uv": [ 3, 14, 4, 15 ], "texture": "#texture" }
			}
		},
		{
			"__comment": "Sphere",
			"from": [ 4, 13.5, 12 ],
			"to": [ 12, 14.5, 13 ],
			"faces": {
				"up": { "uv": [ 4, 12, 12, 13 ], "texture": "#texture" },
				"south": { "uv": [ 4, 1, 12, 2 ], "texture": "#texture" },
				"west": { "uv": [ 12, 1, 13, 2 ], "texture": "#texture" },
				"east": { "uv": [ 3, 1, 4, 2 ], "texture": "#texture" }
			}
		},
		{
			"__comment": "Sphere",
			"from": [ 4, 1.5, 13 ],
			"to": [ 12, 2.5, 14 ],
			"faces": {
				"down": { "uv": [ 12, 14, 4, 13 ], "texture": "#texture" },
				"south": { "uv": [ 4, 13, 12, 14 ], "texture": "#texture" },
				"west": { "uv": [ 13, 13, 14, 14 ], "texture": "#texture" },
				"east": { "uv": [ 2, 13, 3, 14 ], "texture": "#texture" }
			}
		},
		{
			"__comment": "Sphere",
			"from": [ 4, 12.5, 13 ],
			"to": [ 12, 13.5, 14 ],
			"faces": {
				"up": { "uv": [ 4, 13, 12, 14 ], "texture": "#texture" },
				"south": { "uv": [ 4, 2, 12, 3 ], "texture": "#texture" },
				"west": { "uv": [ 13, 2, 14, 3 ], "texture": "#texture" },
				"east": { "uv": [ 2, 2, 3, 3 ], "texture": "#texture" }
			}
		},
		{
			"__comment": "Sphere",
			"from": [ 4, 2.5, 14 ],
			"to": [ 12, 3.5, 15 ],
			"faces": {
				"down": { "uv": [ 12, 15, 4, 14 ], "texture": "#texture" },
				"south": { "uv": [ 4, 12, 12, 13 ], "texture": "#texture" },
				"west": { "uv": [ 14, 12, 15, 13 ], "texture": "#texture" },
				"east": { "uv": [ 1, 12, 2, 13 ], "texture": "#texture" }
			}
		},
		{
			"__comment": "Sphere",
			"from": [ 4, 11.5, 14 ],
			"to": [ 12, 12.5, 15 ],
			"faces": {
				"up": { "uv": [ 4, 14, 12, 15 ], "texture": "#texture" },
				"south": { "uv": [ 4, 3, 12, 4 ], "texture": "#texture" },
				"west": { "uv": [ 14, 3, 15, 4 ], "texture": "#texture" },
				"east": { "uv": [ 1, 3, 2, 4 ], "texture": "#texture" }
			}
		},
		{
			"__comment": "Sphere",
			"from": [ 4, 5.5, 15 ],
			"to": [ 12, 9.5, 16 ],
			"faces": {
				"down": { "uv": [ 12, 16, 4, 15 ], "texture": "#texture" },
				"up": { "uv": [ 4, 15, 12, 16 ], "texture": "#texture" },
				"north": { "uv": [ 4, 6, 12, 10 ], "texture": "#texture" },
				"south": { "uv": [ 4, 6, 12, 10 ], "texture": "#texture", "cullface": "south" },
				"west": { "uv": [ 15, 6, 16, 10 ], "texture": "#texture" },
				"east": { "uv": [ 0, 6, 1, 10 ], "texture": "#texture" }
			}
		},
		{
			"__comment": "Sphere",
			"from": [ 5, 4.5, 0 ],
			"to": [ 11, 5.5, 1 ],
			"faces": {
				"down": { "uv": [ 11, 1, 5, 0 ], "texture": "#texture" },
				"north": { "uv": [ 5, 10, 11, 11 ], "texture": "#texture", "cullface": "north" },
				"west": { "uv": [ 0, 10, 1, 11 ], "texture": "#texture" },
				"east": { "uv": [ 15, 10, 16, 11 ], "texture": "#texture" }
			}
		},
		{
			"__comment": "Sphere",
			"from": [ 5, 9.5, 0 ],
			"to": [ 11, 10.5, 1 ],
			"faces": {
				"up": { "uv": [ 5, 0, 11, 1 ], "texture": "#texture" },
				"north": { "uv": [ 5, 5, 11, 6 ], "texture": "#texture", "cullface": "north" },
				"west": { "uv": [ 0, 5, 1, 6 ], "texture": "#texture" },
				"east": { "uv": [ 15, 5, 16, 6 ], "texture": "#texture" }
			}
		},
		{
			"__comment": "Sphere",
			"from": [ 5, -0.5, 5 ],
			"to": [ 11, 0.5, 6 ],
			"faces": {
				"down": { "uv": [ 11, 6, 5, 5 ], "texture": "#texture", "cullface": "down" },
				"north": { "uv": [ 5, 15, 11, 16 ], "texture": "#texture" },
				"west": { "uv": [ 5, 15, 6, 16 ], "texture": "#texture" },
				"east": { "uv": [ 10, 15, 11, 16 ], "texture": "#texture" }
			}
		},
		{
			"__comment": "Sphere",
			"from": [ 5, 14.5, 5 ],
			"to": [ 11, 15.5, 6 ],
			"faces": {
				"up": { "uv": [ 5, 5, 11, 6 ], "texture": "#texture", "cullface": "up" },
				"north": { "uv": [ 5, 0, 11, 1 ], "texture": "#texture" },
				"west": { "uv": [ 5, 0, 6, 1 ], "texture": "#texture" },
				"east": { "uv": [ 10, 0, 11, 1 ], "texture": "#texture" }
			}
		},
		{
			"__comment": "Sphere",
			"from": [ 5, -0.5, 10 ],
			"to": [ 11, 0.5, 11 ],
			"faces": {
				"down": { "uv": [ 11, 11, 5, 10 ], "texture": "#texture", "cullface": "down" },
				"south": { "uv": [ 5, 15, 11, 16 ], "texture": "#texture" },
				"west": { "uv": [ 10, 15, 11, 16 ], "texture": "#texture" },
				"east": { "uv": [ 5, 15, 6, 16 ], "texture": "#texture" }
			}
		},
		{
			"__comment": "Sphere",
			"from": [ 5, 14.5, 10 ],
			"to": [ 11, 15.5, 11 ],
			"faces": {
				"up": { "uv": [ 5, 10, 11, 11 ], "texture": "#texture", "cullface": "up" },
				"south": { "uv": [ 5, 0, 11, 1 ], "texture": "#texture" },
				"west": { "uv": [ 10, 0, 11, 1 ], "texture": "#texture" },
				"east": { "uv": [ 5, 0, 6, 1 ], "texture": "#texture" }
			}
		},
		{
			"__comment": "Sphere",
			"from": [ 5, 4.5, 15 ],
			"to": [ 11, 5.5, 16 ],
			"faces": {
				"down": { "uv": [ 11, 16, 5, 15 ], "texture": "#texture" },
				"south": { "uv": [ 5, 10, 11, 11 ], "texture": "#texture", "cullface": "south" },
				"west": { "uv": [ 15, 10, 16, 11 ], "texture": "#texture" },
				"east": { "uv": [ 0, 10, 1, 11 ], "texture": "#texture" }
			}
		},
		{
			"__comment": "Sphere",
			"from": [ 5, 9.5, 15 ],
			"to": [ 11, 10.5, 16 ],
			"faces": {
				"up": { "uv": [ 5, 15, 11, 16 ], "texture": "#texture" },
				"south": { "uv": [ 5, 5, 11, 6 ], "texture": "#texture", "cullface": "south" },
				"west": { "uv": [ 15, 5, 16, 6 ], "texture": "#texture" },
				"east": { "uv": [ 0, 5, 1, 6 ], "texture": "#texture" }
			}
		},
		{
			"__comment": "Sphere",
			"from": [ 6, 3.5, 0 ],
			"to": [ 10, 4.5, 1 ],
			"faces": {
				"down": { "uv": [ 10, 1, 6, 0 ], "texture": "#texture" },
				"north": { "uv": [ 6, 11, 10, 12 ], "texture": "#texture", "cullface": "north" },
				"west": { "uv": [ 0, 11, 1, 12 ], "texture": "#texture" },
				"east": { "uv": [ 15, 11, 16, 12 ], "texture": "#texture" }
			}
		},
		{
			"__comment": "Sphere",
			"from": [ 6, 10.5, 0 ],
			"to": [ 10, 11.5, 1 ],
			"faces": {
				"up": { "uv": [ 6, 0, 10, 1 ], "texture": "#texture" },
				"north": { "uv": [ 6, 4, 10, 5 ], "texture": "#texture", "cullface": "north" },
				"west": { "uv": [ 0, 4, 1, 5 ], "texture": "#texture" },
				"east": { "uv": [ 15, 4, 16, 5 ], "texture": "#texture" }
			}
		},
		{
			"__comment": "Sphere",
			"from": [ 6, -0.5, 4 ],
			"to": [ 10, 0.5, 5 ],
			"faces": {
				"down": { "uv": [ 10, 5, 6, 4 ], "texture": "#texture", "cullface": "down" },
				"north": { "uv": [ 6, 15, 10, 16 ], "texture": "#texture" },
				"west": { "uv": [ 4, 15, 5, 16 ], "texture": "#texture" },
				"east": { "uv": [ 11, 15, 12, 16 ], "texture": "#texture" }
			}
		},
		{
			"__comment": "Sphere",
			"from": [ 6, 14.5, 4 ],
			"to": [ 10, 15.5, 5 ],
			"faces": {
				"up": { "uv": [ 6, 4, 10, 5 ], "texture": "#texture", "cullface": "up" },
				"north": { "uv": [ 6, 0, 10, 1 ], "texture": "#texture" },
				"west": { "uv": [ 4, 0, 5, 1 ], "texture": "#texture" },
				"east": { "uv": [ 11, 0, 12, 1 ], "texture": "#texture" }
			}
		},
		{
			"__comment": "Sphere",
			"from": [ 6, -0.5, 11 ],
			"to": [ 10, 0.5, 12 ],
			"faces": {
				"down": { "uv": [ 10, 12, 6, 11 ], "texture": "#texture", "cullface": "down" },
				"south": { "uv": [ 6, 15, 10, 16 ], "texture": "#texture" },
				"west": { "uv": [ 11, 15, 12, 16 ], "texture": "#texture" },
				"east": { "uv": [ 4, 15, 5, 16 ], "texture": "#texture" }
			}
		},
		{
			"__comment": "Sphere",
			"from": [ 6, 14.5, 11 ],
			"to": [ 10, 15.5, 12 ],
			"faces": {
				"up": { "uv": [ 6, 11, 10, 12 ], "texture": "#texture", "cullface": "up" },
				"south": { "uv": [ 6, 0, 10, 1 ], "texture": "#texture" },
				"west": { "uv": [ 11, 0, 12, 1 ], "texture": "#texture" },
				"east": { "uv": [ 4, 0, 5, 1 ], "texture": "#texture" }
			}
		},
		{
			"__comment": "Sphere",
			"from": [ 6, 3.5, 15 ],
			"to": [ 10, 4.5, 16 ],
			"faces": {
				"down": { "uv": [ 10, 16, 6, 15 ], "texture": "#texture" },
				"south": { "uv": [ 6, 11, 10, 12 ], "texture": "#texture", "cullface": "south" },
				"west": { "uv": [ 15, 11, 16, 12 ], "texture": "#texture" },
				"east": { "uv": [ 0, 11, 1, 12 ], "texture": "#texture" }
			}
		},
		{
			"__comment": "Sphere",
			"from": [ 6, 10.5, 15 ],
			"to": [ 10, 11.5, 16 ],
			"faces": {
				"up": { "uv": [ 6, 15, 10, 16 ], "texture": "#texture" },
				"south": { "uv": [ 6, 4, 10, 5 ], "texture": "#texture", "cullface": "south" },
				"west": { "uv": [ 15, 4, 16, 5 ], "texture": "#texture" },
				"east": { "uv": [ 0, 4, 1, 5 ], "texture": "#texture" }
			}
		},
		{
			"__comment": "Sphere",
			"from": [ 7, 1.5, 1 ],
			"to": [ 9, 2.5, 2 ],
			"faces": {
				"down": { "uv": [ 9, 2, 7, 1 ], "texture": "#texture" },
				"north": { "uv": [ 7, 13, 9, 14 ], "texture": "#texture" },
				"west": { "uv": [ 1, 13, 2, 14 ], "texture": "#texture" },
				"east": { "uv": [ 14, 13, 15, 14 ], "texture": "#texture" }
			}
		},
		{
			"__comment": "Sphere",
			"from": [ 7, 12.5, 1 ],
			"to": [ 9, 13.5, 2 ],
			"faces": {
				"up": { "uv": [ 7, 1, 9, 2 ], "texture": "#texture" },
				"north": { "uv": [ 7, 2, 9, 3 ], "texture": "#texture" },
				"west": { "uv": [ 1, 2, 2, 3 ], "texture": "#texture" },
				"east": { "uv": [ 14, 2, 15, 3 ], "texture": "#texture" }
			}
		},
		{
			"__comment": "Sphere",
			"from": [ 7, 0.5, 2 ],
			"to": [ 9, 1.5, 3 ],
			"faces": {
				"down": { "uv": [ 9, 3, 7, 2 ], "texture": "#texture" },
				"north": { "uv": [ 7, 14, 9, 15 ], "texture": "#texture" },
				"west": { "uv": [ 2, 14, 3, 15 ], "texture": "#texture" },
				"east": { "uv": [ 13, 14, 14, 15 ], "texture": "#texture" }
			}
		},
		{
			"__comment": "Sphere",
			"from": [ 7, 13.5, 2 ],
			"to": [ 9, 14.5, 3 ],
			"faces": {
				"up": { "uv": [ 7, 2, 9, 3 ], "texture": "#texture" },
				"north": { "uv": [ 7, 1, 9, 2 ], "texture": "#texture" },
				"west": { "uv": [ 2, 1, 3, 2 ], "texture": "#texture" },
				"east": { "uv": [ 13, 1, 14, 2 ], "texture": "#texture" }
			}
		},
		{
			"__comment": "Sphere",
			"from": [ 7, 0.5, 13 ],
			"to": [ 9, 1.5, 14 ],
			"faces": {
				"down": { "uv": [ 9, 14, 7, 13 ], "texture": "#texture" },
				"south": { "uv": [ 7, 14, 9, 15 ], "texture": "#texture" },
				"west": { "uv": [ 13, 14, 14, 15 ], "texture": "#texture" },
				"east": { "uv": [ 2, 14, 3, 15 ], "texture": "#texture" }
			}
		},
		{
			"__comment": "Sphere",
			"from": [ 7, 13.5, 13 ],
			"to": [ 9, 14.5, 14 ],
			"faces": {
				"up": { "uv": [ 7, 13, 9, 14 ], "texture": "#texture" },
				"south": { "uv": [ 7, 1, 9, 2 ], "texture": "#texture" },
				"west": { "uv": [ 13, 1, 14, 2 ], "texture": "#texture" },
				"east": { "uv": [ 2, 1, 3, 2 ], "texture": "#texture" }
			}
		},
		{
			"__comment": "Sphere",
			"from": [ 7, 1.5, 14 ],
			"to": [ 9, 2.5, 15 ],
			"faces": {
				"down": { "uv": [ 9, 15, 7, 14 ], "texture": "#texture" },
				"south": { "uv": [ 7, 13, 9, 14 ], "texture": "#texture" },
				"west": { "uv": [ 14, 13, 15, 14 ], "texture": "#texture" },
				"east": { "uv": [ 1, 13, 2, 14 ], "texture": "#texture" }
			}
		},
		{
			"__comment": "Sphere",
			"from": [ 7, 12.5, 14 ],
			"to": [ 9, 13.5, 15 ],
			"faces": {
				"up": { "uv": [ 7, 14, 9, 15 ], "texture": "#texture" },
				"south": { "uv": [ 7, 2, 9, 3 ], "texture": "#texture" },
				"west": { "uv": [ 14, 2, 15, 3 ], "texture": "#texture" },
				"east": { "uv": [ 1, 2, 2, 3 ], "texture": "#texture" }
			}
		},
		{
			"from": [ 2.25, 5, -0.25 ],
			"to": [ 13.75, 11.5, -0.1875 ],
			"faces": {
				"north": { "uv": [ 3, 5, 12.5, 10 ], "texture": "#eyes", "cullface": "north" },
				"south": { "uv": [ 0, 0, 4, 2 ], "texture": "#eyes", "cullface": "north" }
			}
		},
		{
			"from": [ -2, -2.5, 8 ],
			"to": [ 18, 17.5, 8.0625 ],
			"faces": {
				"north": { "uv": [ 0, 0, 16, 16 ], "texture": "#sootball" },
				"south": { "uv": [ 0, 0, 16, 16 ], "texture": "#sootball" }
			}
		},
		{
			"from": [ 0.5, -2.5, 15.5 ],
			"to": [ 21.75, 17.5, 15.5625 ],
			"rotation": { "origin": [ 0.5, -2.5, 15.5 ], "axis": "y", "angle": 45 },
			"faces": {
				"north": { "uv": [ 0, 0, 16, 16 ], "texture": "#sootball", "cullface": "up" },
				"south": { "uv": [ 0, 0, 16, 16 ], "texture": "#sootball", "cullface": "up" }
			}
		},
		{
			"from": [ 0.5, -2.5, 0.5 ],
			"to": [ 21.75, 17.5, 0.5625 ],
			"rotation": { "origin": [ 0.5, -2.5, 0.5000005 ], "axis": "y", "angle": -45 },
			"faces": {
				"north": { "uv": [ 0, 0, 16, 16 ], "texture": "#sootball", "cullface": "up" },
				"south": { "uv": [ 0, 0, 16, 16 ], "texture": "#sootball", "cullface": "up" }
			}
		},
		{
			"from": [ 8, -2.5, 8 ],
			"to": [ 8.0625, 17.5, 18 ],
			"faces": {
				"west": { "uv": [ 8, 0, 16, 16 ], "texture": "#sootball" },
				"east": { "uv": [ 0, 0, 8, 16 ], "texture": "#sootball" }
			}
		}
	],
	"display": {
		"gui": {
			"rotation":  [ 30, 225, 0 ],
			"scale":  [ 0.625, 0.625, 0.625 ]
		},
		"head": {
			"translation":  [ 0, -24, 0 ],
			"scale":  [ 0.5, 0.5, 0.5 ]
		}
	}
}