{
  "parent": "minecraft:item/handheld",
  "textures": {
    "layer0": "minecraft:item/stick"
  },
	
		  "overrides": [
		{"predicate": {"custom_model_data":1}, "model": "item/flauta"},
		{"predicate": {"custom_model_data":2}, "model": "item/guitarra"},
		{"predicate": {"custom_model_data":3}, "model": "item/caramelo"},
		{"predicate": {"custom_model_data":4}, "model": "item/sombrero1"},
		{"predicate": {"custom_model_data":5}, "model": "item/sombrero2"},
		{"predicate": {"custom_model_data":6}, "model": "item/sombrero3"}
  ]
}