{
    "__comment": "Model generated using MrCrayfish's Model Creator (https://mrcrayfish.com/tools?id=mc)",
    "textures": {
        "glass": "minecraft:block/glass",
        "planta": "minecraft:item/esencias/planta",
        "smithing_table_top": "minecraft:block/smithing_table_top",
        "stripped_birch_log": "minecraft:block/stripped_birch_log",
        "fuego": "minecraft:item/esencias/fuego",
        "purple_wool": "minecraft:block/purple_wool",
        "nether_star": "minecraft:item/nether_star",
        "lime_wool": "minecraft:block/lime_wool",
        "light_blue_wool": "minecraft:block/light_blue_wool",
        "singular": "minecraft:item/esencias/singular",
        "orange_wool": "minecraft:block/orange_wool",
        "spruce_log": "minecraft:block/spruce_log",
        "stripped_spruce_log": "minecraft:block/stripped_spruce_log",
        "agua": "minecraft:item/esencias/agua"
    },
	"display": {
        "ground": {
            "rotation": [ 0, 0, 0 ],
            "translation": [ 0, 2.5, 0 ],
            "scale": [ 0.5, 0.5, 0.5 ]
        },	
        "firstperson_lefthand": {
            "rotation": [ 75, 0, 0 ],
            "translation": [ 0, 2.5, 0 ],
            "scale": [ 0.4, 0.4, 0.4 ]
        },	
        "firstperson_righthand": {
            "rotation": [ 75, 0, 0 ],
            "translation": [ 0, 2.5, 0 ],
            "scale": [ 0.4, 0.4, 0.4 ]
        },		
        "thirdperson_lefthand": {
            "rotation": [ 75, 0, 0 ],
            "translation": [ 0, 2.5, 0 ],
            "scale": [ 0.4, 0.4, 0.4 ]
        },	
        "thirdperson_righthand": {
            "rotation": [ 75, 0, 0 ],
            "translation": [ 0, 2.5, 0 ],
            "scale": [ 0.4, 0.4, 0.4 ]
        },	
        "gui": {
            "rotation": [ 60, 45, 0 ],
            "translation": [ 0, 2, 0 ],
            "scale": [ 0.625, 0.625, 0.625 ]
        },	
        "fixed": {
            "rotation": [ 90, 180, 180 ],
            "translation": [ 0, 0, -7 ],
            "scale": [ 1, 1, 1 ]
        },	
        "head": {
            "rotation": [ -30, 180, 0 ],
            "translation": [ 0, -30.75, -7.25 ],
            "scale": [  3.0125,  3.0125,  3.0125 ]
        }	
	},
    "elements": [
        {
            "name": "tabla",
            "from": [ -1, 11, -1 ], 
            "to": [ 17, 13, 17 ], 
            "faces": {
                "north": { "texture": "#spruce_log", "uv": [ 0, 0, 16, 4 ] },
                "east": { "texture": "#spruce_log", "uv": [ 0, 0, 16, 4 ] },
                "south": { "texture": "#spruce_log", "uv": [ 0, 0, 16, 4 ] },
                "west": { "texture": "#spruce_log", "uv": [ 0, 0, 16, 4 ] },
                "up": { "texture": "#spruce_log", "uv": [ 0, 0, 16, 16 ] },
                "down": { "texture": "#spruce_log", "uv": [ 0, 0, 16, 16 ] }
            }
        },
        {
            "name": "pata",
            "from": [ 0, 0, 14 ], 
            "to": [ 2, 11, 16 ], 
            "faces": {
                "north": { "texture": "#stripped_spruce_log", "uv": [ 4, 0, 16, 16 ] },
                "east": { "texture": "#stripped_spruce_log", "uv": [ 16, 0, 4, 16 ] },
                "south": { "texture": "#stripped_spruce_log", "uv": [ 16, 0, 4, 16 ] },
                "west": { "texture": "#stripped_spruce_log", "uv": [ 16, 0, 4, 16 ] }
            }
        },
        {
            "name": "frasco",
            "from": [ 1, 13, 5 ], 
            "to": [ 1.5, 16.5, 8 ], 
            "faces": {
                "north": { "texture": "#glass", "uv": [ 13, 0, 16, 16 ] },
                "east": { "texture": "#glass", "uv": [ 1, 1, 15, 14.5 ] },
                "south": { "texture": "#glass", "uv": [ 0, 0, 2, 16 ] },
                "west": { "texture": "#glass", "uv": [ 0, 0, 16, 16 ] },
                "up": { "texture": "#glass", "uv": [ 0, 0.3, 5, 15.7 ] }
            }
        },
        {
            "name": "tapon",
            "from": [ 1.75, 16.5, 5.75 ], 
            "to": [ 3.25, 17.2, 7.25 ], 
            "faces": {
                "north": { "texture": "#stripped_birch_log", "uv": [ 0, 0, 15.5, 15.7 ] },
                "east": { "texture": "#stripped_birch_log", "uv": [ 0, 0, 15.5, 15.7 ] },
                "south": { "texture": "#stripped_birch_log", "uv": [ 0, 0, 15.5, 15.7 ] },
                "west": { "texture": "#stripped_birch_log", "uv": [ 0, 0, 15.5, 15.7 ] },
                "up": { "texture": "#stripped_birch_log", "uv": [ 0, 0, 15.5, 15.5 ] }
            }
        },
        {
            "name": "pata",
            "from": [ 14, 0, 14 ], 
            "to": [ 16, 11, 16 ], 
            "faces": {
                "north": { "texture": "#stripped_spruce_log", "uv": [ 4, 0, 16, 16 ] },
                "east": { "texture": "#stripped_spruce_log", "uv": [ 16, 0, 4, 16 ] },
                "south": { "texture": "#stripped_spruce_log", "uv": [ 16, 0, 4, 16 ] },
                "west": { "texture": "#stripped_spruce_log", "uv": [ 16, 0, 4, 16 ] }
            }
        },
        {
            "name": "pata",
            "from": [ 14, 0, 0 ], 
            "to": [ 16, 11, 2 ], 
            "faces": {
                "north": { "texture": "#stripped_spruce_log", "uv": [ 4, 0, 16, 16 ] },
                "east": { "texture": "#stripped_spruce_log", "uv": [ 16, 0, 4, 16 ] },
                "south": { "texture": "#stripped_spruce_log", "uv": [ 16, 0, 4, 16 ] },
                "west": { "texture": "#stripped_spruce_log", "uv": [ 16, 0, 4, 16 ] }
            }
        },
        {
            "name": "pata",
            "from": [ 0, 0, 0 ], 
            "to": [ 2, 11, 2 ], 
            "faces": {
                "north": { "texture": "#stripped_spruce_log", "uv": [ 4, 0, 16, 16 ] },
                "east": { "texture": "#stripped_spruce_log", "uv": [ 16, 0, 4, 16 ] },
                "south": { "texture": "#stripped_spruce_log", "uv": [ 16, 0, 4, 16 ] },
                "west": { "texture": "#stripped_spruce_log", "uv": [ 16, 0, 4, 16 ] }
            }
        },
        {
            "name": "frasco",
            "from": [ 3.5, 13, 5 ], 
            "to": [ 4, 16.5, 8 ], 
            "faces": {
                "north": { "texture": "#glass", "uv": [ 0, 0, 3, 16 ] },
                "east": { "texture": "#glass", "uv": [ 0, 0, 16, 16 ] },
                "south": { "texture": "#glass", "uv": [ 12, 0, 16, 16 ] },
                "west": { "texture": "#glass", "uv": [ 1, 1, 15, 14.5 ] },
                "up": { "texture": "#glass", "uv": [ 10.5, 0.3, 16, 15.6 ] }
            }
        },
        {
            "name": "frasco",
            "from": [ 1.5, 13, 7.5 ], 
            "to": [ 3.5, 16.5, 8 ], 
            "faces": {
                "north": { "texture": "#glass", "uv": [ 1, 1, 15, 15 ] },
                "south": { "texture": "#glass", "uv": [ 1, 0, 15, 16 ] },
                "up": { "texture": "#glass", "uv": [ 1, 12, 15, 16 ] }
            }
        },
        {
            "name": "frasco",
            "from": [ 1.5, 13, 5 ], 
            "to": [ 3.5, 16.5, 5.5 ], 
            "faces": {
                "north": { "texture": "#glass", "uv": [ 1, 0, 15, 16 ] },
                "south": { "texture": "#glass", "uv": [ 1, 1, 15, 14.5 ] },
                "up": { "texture": "#glass", "uv": [ 1, 0, 15, 4 ] }
            }
        },
        {
            "name": "esencia",
            "from": [ 1.6, 13, 5.6 ], 
            "to": [ 3.4, 14.3, 7.4 ], 
            "faces": {
                "north": { "texture": "#lime_wool", "uv": [ 0, 0, 15.8, 16 ] },
                "east": { "texture": "#lime_wool", "uv": [ 0, 0, 15.8, 16 ] },
                "south": { "texture": "#lime_wool", "uv": [ 0, 0, 15.8, 16 ] },
                "west": { "texture": "#lime_wool", "uv": [ 0, 0, 15.8, 16 ] },
                "up": { "texture": "#lime_wool", "uv": [ 0, 0, 15.8, 15.8 ] }
            }
        },
        {
            "name": "frasco",
            "from": [ 5, 13, 0 ], 
            "to": [ 5.5, 16.5, 3 ], 
            "faces": {
                "north": { "texture": "#glass", "uv": [ 13, 0, 16, 16 ] },
                "east": { "texture": "#glass", "uv": [ 1, 1, 15, 14.5 ] },
                "south": { "texture": "#glass", "uv": [ 0, 0, 2, 16 ] },
                "west": { "texture": "#glass", "uv": [ 0, 0, 16, 16 ] },
                "up": { "texture": "#glass", "uv": [ 0, 0.3, 5, 15.7 ] }
            }
        },
        {
            "name": "frasco",
            "from": [ 5.5, 13, 2.5 ], 
            "to": [ 7.5, 16.5, 3 ], 
            "faces": {
                "north": { "texture": "#glass", "uv": [ 1, 1, 15, 15 ] },
                "south": { "texture": "#glass", "uv": [ 1, 0, 15, 16 ] },
                "up": { "texture": "#glass", "uv": [ 1, 12, 15, 16 ] }
            }
        },
        {
            "name": "frasco",
            "from": [ 5.5, 13, 0 ], 
            "to": [ 7.5, 16.5, 0.5 ], 
            "faces": {
                "north": { "texture": "#glass", "uv": [ 1, 0, 15, 16 ] },
                "south": { "texture": "#glass", "uv": [ 1, 1, 15, 14.5 ] },
                "up": { "texture": "#glass", "uv": [ 1, 0, 15, 4 ] }
            }
        },
        {
            "name": "esencia",
            "from": [ 5.6, 13, 0.6 ], 
            "to": [ 7.4, 13.5, 2.4 ], 
            "faces": {
                "north": { "texture": "#purple_wool", "uv": [ 0, 0, 15.8, 16 ] },
                "east": { "texture": "#purple_wool", "uv": [ 0, 0, 15.8, 16 ] },
                "south": { "texture": "#purple_wool", "uv": [ 0, 0, 15.8, 16 ] },
                "west": { "texture": "#purple_wool", "uv": [ 0, 0, 15.8, 16 ] },
                "up": { "texture": "#purple_wool", "uv": [ 0, 0, 15.8, 15.8 ] }
            }
        },
        {
            "name": "tapon",
            "from": [ 5.75, 16.5, 0.75 ], 
            "to": [ 7.25, 17.2, 2.25 ], 
            "faces": {
                "north": { "texture": "#stripped_birch_log", "uv": [ 0, 0, 15.5, 15.7 ] },
                "east": { "texture": "#stripped_birch_log", "uv": [ 0, 0, 15.5, 15.7 ] },
                "south": { "texture": "#stripped_birch_log", "uv": [ 0, 0, 15.5, 15.7 ] },
                "west": { "texture": "#stripped_birch_log", "uv": [ 0, 0, 15.5, 15.7 ] },
                "up": { "texture": "#stripped_birch_log", "uv": [ 0, 0, 15.5, 15.5 ] }
            }
        },
        {
            "name": "frasco",
            "from": [ 7.5, 13, 0 ], 
            "to": [ 8, 16.5, 3 ], 
            "faces": {
                "north": { "texture": "#glass", "uv": [ 0, 0, 3, 16 ] },
                "east": { "texture": "#glass", "uv": [ 0, 0, 16, 16 ] },
                "south": { "texture": "#glass", "uv": [ 12, 0, 16, 16 ] },
                "west": { "texture": "#glass", "uv": [ 1, 1, 15, 14.5 ] },
                "up": { "texture": "#glass", "uv": [ 10.5, 0.3, 16, 15.6 ] }
            }
        },
        {
            "name": "frasco",
            "from": [ 4, 13, 10 ], 
            "to": [ 4.5, 16.5, 13 ], 
            "faces": {
                "north": { "texture": "#glass", "uv": [ 13, 0, 16, 16 ] },
                "east": { "texture": "#glass", "uv": [ 1, 1, 15, 14.5 ] },
                "south": { "texture": "#glass", "uv": [ 0, 0, 2, 16 ] },
                "west": { "texture": "#glass", "uv": [ 0, 0, 16, 16 ] },
                "up": { "texture": "#glass", "uv": [ 0, 0.3, 5, 15.7 ] }
            }
        },
        {
            "name": "tapon",
            "from": [ 4.75, 16.5, 10.75 ], 
            "to": [ 6.25, 17.2, 12.25 ], 
            "faces": {
                "north": { "texture": "#stripped_birch_log", "uv": [ 0, 0, 15.5, 15.7 ] },
                "east": { "texture": "#stripped_birch_log", "uv": [ 0, 0, 15.5, 15.7 ] },
                "south": { "texture": "#stripped_birch_log", "uv": [ 0, 0, 15.5, 15.7 ] },
                "west": { "texture": "#stripped_birch_log", "uv": [ 0, 0, 15.5, 15.7 ] },
                "up": { "texture": "#stripped_birch_log", "uv": [ 0, 0, 15.5, 15.5 ] }
            }
        },
        {
            "name": "frasco",
            "from": [ 6.5, 13, 10 ], 
            "to": [ 7, 16.5, 13 ], 
            "faces": {
                "north": { "texture": "#glass", "uv": [ 0, 0, 3, 16 ] },
                "east": { "texture": "#glass", "uv": [ 0, 0, 16, 16 ] },
                "south": { "texture": "#glass", "uv": [ 12, 0, 16, 16 ] },
                "west": { "texture": "#glass", "uv": [ 1, 1, 15, 14.5 ] },
                "up": { "texture": "#glass", "uv": [ 10.5, 0.3, 16, 15.6 ] }
            }
        },
        {
            "name": "frasco",
            "from": [ 4.5, 13, 12.5 ], 
            "to": [ 6.5, 16.5, 13 ], 
            "faces": {
                "north": { "texture": "#glass", "uv": [ 1, 1, 15, 15 ] },
                "south": { "texture": "#glass", "uv": [ 1, 0, 15, 16 ] },
                "up": { "texture": "#glass", "uv": [ 1, 12, 15, 16 ] }
            }
        },
        {
            "name": "frasco",
            "from": [ 4.5, 13, 10 ], 
            "to": [ 6.5, 16.5, 10.5 ], 
            "faces": {
                "north": { "texture": "#glass", "uv": [ 1, 0, 15, 16 ] },
                "south": { "texture": "#glass", "uv": [ 1, 1, 15, 14.5 ] },
                "up": { "texture": "#glass", "uv": [ 1, 0, 15, 4 ] }
            }
        },
        {
            "name": "esencia",
            "from": [ 4.6, 13, 10.6 ], 
            "to": [ 6.4, 14.7, 12.4 ], 
            "faces": {
                "north": { "texture": "#light_blue_wool", "uv": [ 0, 0, 15.8, 16 ] },
                "east": { "texture": "#light_blue_wool", "uv": [ 0, 0, 15.8, 16 ] },
                "south": { "texture": "#light_blue_wool", "uv": [ 0, 0, 15.8, 16 ] },
                "west": { "texture": "#light_blue_wool", "uv": [ 0, 0, 15.8, 16 ] },
                "up": { "texture": "#light_blue_wool", "uv": [ 0, 0, 15.8, 15.8 ] }
            }
        },
        {
            "name": "frasco",
            "from": [ 8, 13, 13 ], 
            "to": [ 8.5, 16.5, 16 ], 
            "faces": {
                "north": { "texture": "#glass", "uv": [ 13, 0, 16, 16 ] },
                "east": { "texture": "#glass", "uv": [ 1, 1, 15, 14.5 ] },
                "south": { "texture": "#glass", "uv": [ 0, 0, 2, 16 ] },
                "west": { "texture": "#glass", "uv": [ 0, 0, 16, 16 ] },
                "up": { "texture": "#glass", "uv": [ 0, 0.3, 5, 15.7 ] }
            }
        },
        {
            "name": "esencia",
            "from": [ 8.6, 13, 13.6 ], 
            "to": [ 10.4, 14, 15.4 ], 
            "faces": {
                "north": { "texture": "#orange_wool", "uv": [ 0, 0, 15.8, 16 ] },
                "east": { "texture": "#orange_wool", "uv": [ 0, 0, 15.8, 16 ] },
                "south": { "texture": "#orange_wool", "uv": [ 0, 0, 15.8, 16 ] },
                "west": { "texture": "#orange_wool", "uv": [ 0, 0, 15.8, 16 ] },
                "up": { "texture": "#orange_wool", "uv": [ 0, 0, 15.8, 15.8 ] }
            }
        },
        {
            "name": "frasco",
            "from": [ 8.5, 13, 13 ], 
            "to": [ 10.5, 16.5, 13.5 ], 
            "faces": {
                "north": { "texture": "#glass", "uv": [ 1, 0, 15, 16 ] },
                "south": { "texture": "#glass", "uv": [ 1, 1, 15, 14.5 ] },
                "up": { "texture": "#glass", "uv": [ 1, 0, 15, 4 ] }
            }
        },
        {
            "name": "frasco",
            "from": [ 8.5, 13, 15.5 ], 
            "to": [ 10.5, 16.5, 16 ], 
            "faces": {
                "north": { "texture": "#glass", "uv": [ 1, 1, 15, 15 ] },
                "south": { "texture": "#glass", "uv": [ 1, 0, 15, 16 ] },
                "up": { "texture": "#glass", "uv": [ 1, 12, 15, 16 ] }
            }
        },
        {
            "name": "frasco",
            "from": [ 10.5, 13, 13 ], 
            "to": [ 11, 16.5, 16 ], 
            "faces": {
                "north": { "texture": "#glass", "uv": [ 0, 0, 3, 16 ] },
                "east": { "texture": "#glass", "uv": [ 0, 0, 16, 16 ] },
                "south": { "texture": "#glass", "uv": [ 12, 0, 16, 16 ] },
                "west": { "texture": "#glass", "uv": [ 1, 1, 15, 14.5 ] },
                "up": { "texture": "#glass", "uv": [ 10.5, 0.3, 16, 15.6 ] }
            }
        },
        {
            "name": "tapon",
            "from": [ 8.75, 16.5, 13.75 ], 
            "to": [ 10.25, 17.2, 15.25 ], 
            "faces": {
                "north": { "texture": "#stripped_birch_log", "uv": [ 0, 0, 15.5, 15.7 ] },
                "east": { "texture": "#stripped_birch_log", "uv": [ 0, 0, 15.5, 15.7 ] },
                "south": { "texture": "#stripped_birch_log", "uv": [ 0, 0, 15.5, 15.7 ] },
                "west": { "texture": "#stripped_birch_log", "uv": [ 0, 0, 15.5, 15.7 ] },
                "up": { "texture": "#stripped_birch_log", "uv": [ 0, 0, 15.5, 15.5 ] }
            }
        },
        {
            "name": "pegatina",
            "from": [ 11, 14.8, 13.9 ], 
            "to": [ 11.001, 16, 15.1 ], 
            "faces": {
                "east": { "texture": "#fuego", "uv": [ 0, 0, 16, 16 ] }
            }
        },
        {
            "name": "pegatina",
            "from": [ 7, 14.8, 10.9 ], 
            "to": [ 7.001, 16, 12.1 ], 
            "faces": {
                "east": { "texture": "#agua", "uv": [ 0, 0, 16, 16 ] }
            }
        },
        {
            "name": "pegatina",
            "from": [ 4, 14.8, 5.9 ], 
            "to": [ 4.001, 16, 7.1 ], 
            "faces": {
                "east": { "texture": "#planta", "uv": [ 0, 0, 16, 16 ] }
            }
        },
        {
            "name": "pegatina",
            "from": [ 8, 14.8, 0.9 ], 
            "to": [ 8.001, 16, 2.1 ], 
            "faces": {
                "east": { "texture": "#singular", "uv": [ 0, 0, 16, 16 ] }
            }
        },
        {
            "name": "Cube",
            "from": [ 9, 13, 4 ], 
            "to": [ 14, 13.2, 9 ], 
            "faces": {
                "north": { "texture": "#smithing_table_top", "uv": [ 4, 6, 11, 7.2 ] },
                "east": { "texture": "#smithing_table_top", "uv": [ 3, 6, 11, 7.2 ] },
                "south": { "texture": "#smithing_table_top", "uv": [ 4, 4, 11, 5.2 ] },
                "west": { "texture": "#smithing_table_top", "uv": [ 4, 6, 11, 7.2 ] },
                "up": { "texture": "#smithing_table_top", "uv": [ 0, 0, 16, 16 ] }
            }
        },
        {
            "name": "Cube",
            "from": [ 7, 13, 2 ], 
            "to": [ 12, 13.3, 7 ], 
            "rotation": { "origin": [ 8, 8, 8 ], "axis": "y", "angle": -45.0 },
            "faces": {
                "north": { "texture": "#smithing_table_top", "uv": [ 4, 6, 11, 7.3 ] },
                "east": { "texture": "#smithing_table_top", "uv": [ 3, 8, 10, 9.3 ] },
                "south": { "texture": "#smithing_table_top", "uv": [ 5, 5, 12, 6.3 ] },
                "west": { "texture": "#smithing_table_top", "uv": [ 4, 5, 12, 6.3 ] },
                "up": { "texture": "#smithing_table_top", "uv": [ 0, 0, 16, 16 ] }
            }
        },
        {
            "name": "Cube",
            "from": [ 8, 13.3, 3 ], 
            "to": [ 11, 13.301, 6 ], 
            "rotation": { "origin": [ 8, 8, 8 ], "axis": "y", "angle": -45.0 },
            "faces": {
                "up": { "texture": "#nether_star", "uv": [ 0, 0, 16, 16 ] }
            }
        }
    ]
}