{
	"credit": "Made with Blockbench",
	"textures": {
		"0": "block/lava_still",
		"1": "block/nether_bricks",
		"2": "block/gold_block",
		"3": "block/fire_0",
		"particle": "block/lava_still"
	},
	"elements": [
		{
			"from": [6.8, -0.2, 6.8],
			"to": [8.2, 1.2, 8.2],
			"faces": {
				"north": {"uv": [1, 1, 15, 15], "texture": "#2"},
				"east": {"uv": [1, 1, 15, 15], "texture": "#2"},
				"south": {"uv": [1, 1, 15, 15], "texture": "#2"},
				"west": {"uv": [1, 1, 15, 15], "texture": "#2"},
				"up": {"uv": [1, 1, 15, 15], "texture": "#2"},
				"down": {"uv": [1, 1, 15, 15], "texture": "#2"}
			}
		},
		{
			"from": [6.8, -6.2, 6.8],
			"to": [8.2, -3.8, 8.2],
			"faces": {
				"north": {"uv": [1, 1, 15, 15], "texture": "#2"},
				"east": {"uv": [1, 1, 15, 15], "texture": "#2"},
				"south": {"uv": [1, 1, 15, 15], "texture": "#2"},
				"west": {"uv": [1, 1, 15, 15], "texture": "#2"},
				"up": {"uv": [0, 0, 1, 1], "texture": "#2"},
				"down": {"uv": [1, 1, 15, 15], "texture": "#2"}
			}
		},
		{
			"from": [6, 9.5, 7],
			"to": [7, 10, 8],
			"faces": {
				"north": {"uv": [1, 15, 15, 1.5], "texture": "#2"},
				"east": {"uv": [1, 15, 15, 1.5], "texture": "#2"},
				"south": {"uv": [1, 15, 15, 1.5], "texture": "#2"},
				"west": {"uv": [1, 15, 15, 1.5], "texture": "#2"},
				"up": {"uv": [0, 0, 1, 1], "texture": "#2"},
				"down": {"uv": [0, 0, 1, 1], "texture": "#2"}
			}
		},
		{
			"from": [7, 9.5, 8],
			"to": [8, 10, 9],
			"faces": {
				"north": {"uv": [1, 1, 15, 14.5], "texture": "#2"},
				"east": {"uv": [1, 1, 15, 14.5], "texture": "#2"},
				"south": {"uv": [1, 1, 15, 14.5], "texture": "#2"},
				"west": {"uv": [1, 1, 15, 14.5], "texture": "#2"},
				"up": {"uv": [0, 0, 1, 1], "texture": "#2"},
				"down": {"uv": [0, 0, 1, 1], "texture": "#2"}
			}
		},
		{
			"from": [7, 10, 7],
			"to": [8, 11, 8],
			"faces": {
				"north": {"uv": [0, 0, 16, 16], "texture": "#3"},
				"east": {"uv": [0, 0, 16, 16], "texture": "#3"},
				"south": {"uv": [0, 0, 16, 16], "texture": "#3"},
				"west": {"uv": [0, 0, 16, 16], "texture": "#3"},
				"up": {"uv": [0, 0, 1, 1], "texture": "#3"},
				"down": {"uv": [0, 0, 1, 1], "texture": "#3"}
			}
		},
		{
			"from": [5, 10, 7],
			"to": [6, 11, 8],
			"faces": {
				"north": {"uv": [1, 1, 15, 15], "texture": "#2"},
				"east": {"uv": [1, 1, 15, 15], "texture": "#2"},
				"south": {"uv": [1, 1, 15, 15], "texture": "#2"},
				"west": {"uv": [1, 1, 15, 15], "texture": "#2"},
				"up": {"uv": [0, 0, 1, 1], "texture": "#2"},
				"down": {"uv": [0, 0, 1, 1], "texture": "#2"}
			}
		},
		{
			"from": [8, 9.5, 7],
			"to": [9, 10, 8],
			"faces": {
				"north": {"uv": [1, 1, 15, 14.5], "texture": "#2"},
				"east": {"uv": [1, 1, 15, 14.5], "texture": "#2"},
				"south": {"uv": [1, 1, 15, 14.5], "texture": "#2"},
				"west": {"uv": [1, 1, 15, 14.5], "texture": "#2"},
				"up": {"uv": [0, 0, 1, 1], "texture": "#2"},
				"down": {"uv": [0, 0, 1, 1], "texture": "#2"}
			}
		},
		{
			"from": [7, 9.5, 6],
			"to": [8, 10, 7],
			"faces": {
				"north": {"uv": [1, 1, 15, 14.5], "texture": "#2"},
				"east": {"uv": [1, 1, 15, 14.5], "texture": "#2"},
				"south": {"uv": [1, 1, 15, 14.5], "texture": "#2"},
				"west": {"uv": [1, 1, 15, 14.5], "texture": "#2"},
				"up": {"uv": [0, 0, 1, 1], "texture": "#2"},
				"down": {"uv": [0, 0, 1, 1], "texture": "#2"}
			}
		},
		{
			"from": [9, 10, 7],
			"to": [10, 11, 8],
			"faces": {
				"north": {"uv": [1, 1, 15, 15], "texture": "#2"},
				"east": {"uv": [1, 1, 15, 15], "texture": "#2"},
				"south": {"uv": [1, 1, 15, 15], "texture": "#2"},
				"west": {"uv": [1, 1, 15, 15], "texture": "#2"},
				"up": {"uv": [0, 0, 1, 1], "texture": "#2"},
				"down": {"uv": [0, 0, 1, 1], "texture": "#2"}
			}
		},
		{
			"from": [7, 10, 9],
			"to": [8, 11, 10],
			"faces": {
				"north": {"uv": [1, 1, 15, 15], "texture": "#2"},
				"east": {"uv": [1, 1, 15, 15], "texture": "#2"},
				"south": {"uv": [1, 1, 15, 15], "texture": "#2"},
				"west": {"uv": [1, 1, 15, 15], "texture": "#2"},
				"up": {"uv": [0, 0, 1, 1], "texture": "#2"},
				"down": {"uv": [0, 0, 1, 1], "texture": "#2"}
			}
		},
		{
			"from": [7, 10, 5],
			"to": [8, 11, 6],
			"faces": {
				"north": {"uv": [1, 1, 15, 15], "texture": "#2"},
				"east": {"uv": [1, 1, 15, 15], "texture": "#2"},
				"south": {"uv": [1, 1, 15, 15], "texture": "#2"},
				"west": {"uv": [1, 1, 15, 15], "texture": "#2"},
				"up": {"uv": [0, 0, 1, 1], "texture": "#2"},
				"down": {"uv": [0, 0, 1, 1], "texture": "#2"}
			}
		},
		{
			"from": [4.5, 11, 7],
			"to": [5, 15, 8],
			"faces": {
				"north": {"uv": [1, 1, 14.5, 15], "texture": "#2"},
				"east": {"uv": [1, 1, 15, 15], "texture": "#2"},
				"south": {"uv": [1, 1, 14.5, 15], "texture": "#2"},
				"west": {"uv": [1, 1, 15, 15], "texture": "#2"},
				"up": {"uv": [0, 0, 0.5, 1], "texture": "#2"},
				"down": {"uv": [0, 0, 0.5, 1], "texture": "#2"}
			}
		},
		{
			"from": [10, 11, 7],
			"to": [10.5, 15, 8],
			"faces": {
				"north": {"uv": [8, 1, 14.5, 15], "texture": "#2"},
				"east": {"uv": [1, 1, 15, 15], "texture": "#2"},
				"south": {"uv": [1, 1, 8.5, 15], "texture": "#2"},
				"west": {"uv": [1, 1, 15, 15], "texture": "#2"},
				"up": {"uv": [0, 0, 0.5, 1], "texture": "#2"},
				"down": {"uv": [0, 0, 0.5, 1], "texture": "#2"}
			}
		},
		{
			"from": [10.5, 12, 7],
			"to": [11, 14, 8],
			"faces": {
				"north": {"uv": [8, 1, 14.5, 15], "texture": "#2"},
				"east": {"uv": [1, 1, 15, 15], "texture": "#2"},
				"south": {"uv": [1, 1, 8.5, 15], "texture": "#2"},
				"west": {"uv": [1, 1, 15, 15], "texture": "#2"},
				"up": {"uv": [0, 0, 0.5, 1], "texture": "#2"},
				"down": {"uv": [0, 0, 0.5, 1], "texture": "#2"}
			}
		},
		{
			"from": [4, 12, 7],
			"to": [4.5, 14, 8],
			"faces": {
				"north": {"uv": [8, 1, 14.5, 15], "texture": "#2"},
				"east": {"uv": [1, 1, 15, 15], "texture": "#2"},
				"south": {"uv": [1, 1, 8.5, 15], "texture": "#2"},
				"west": {"uv": [1, 1, 15, 15], "texture": "#2"},
				"up": {"uv": [0, 0, 0.5, 1], "texture": "#2"},
				"down": {"uv": [0, 0, 0.5, 1], "texture": "#2"}
			}
		},
		{
			"from": [7, 11, 10],
			"to": [8, 15, 10.5],
			"faces": {
				"north": {"uv": [8, 1, 15, 15], "texture": "#2"},
				"east": {"uv": [1, 1, 8.5, 15], "texture": "#2"},
				"south": {"uv": [1, 1, 15, 15], "texture": "#2"},
				"west": {"uv": [1, 1, 14.5, 15], "texture": "#2"},
				"up": {"uv": [0, 0, 1, 0.5], "texture": "#2"},
				"down": {"uv": [0, 0, 1, 0.5], "texture": "#2"}
			}
		},
		{
			"from": [7, 12, 10.5],
			"to": [8, 14, 11],
			"faces": {
				"north": {"uv": [8, 1, 15, 15], "texture": "#2"},
				"east": {"uv": [1, 1, 8.5, 15], "texture": "#2"},
				"south": {"uv": [1, 1, 15, 15], "texture": "#2"},
				"west": {"uv": [1, 1, 14.5, 15], "texture": "#2"},
				"up": {"uv": [0, 0, 1, 0.5], "texture": "#2"},
				"down": {"uv": [0, 0, 1, 0.5], "texture": "#2"}
			}
		},
		{
			"from": [7, 12, 4],
			"to": [8, 14, 4.5],
			"faces": {
				"north": {"uv": [8, 1, 15, 15], "texture": "#2"},
				"east": {"uv": [1, 1, 8.5, 15], "texture": "#2"},
				"south": {"uv": [1, 1, 15, 15], "texture": "#2"},
				"west": {"uv": [1, 1, 14.5, 15], "texture": "#2"},
				"up": {"uv": [0, 0, 1, 0.5], "texture": "#2"},
				"down": {"uv": [0, 0, 1, 0.5], "texture": "#2"}
			}
		},
		{
			"from": [7, 11, 4.5],
			"to": [8, 15, 5],
			"faces": {
				"north": {"uv": [1, 1, 15, 15], "texture": "#2"},
				"east": {"uv": [1, 1, 8.5, 15], "texture": "#2"},
				"south": {"uv": [1, 1, 15, 15], "texture": "#2"},
				"west": {"uv": [8, 1, 14.5, 15], "texture": "#2"},
				"up": {"uv": [0, 0, 1, 0.5], "texture": "#2"},
				"down": {"uv": [0, 0, 1, 0.5], "texture": "#2"}
			}
		},
		{
			"from": [7, 1, 7],
			"to": [8, 4, 8],
			"faces": {
				"north": {"uv": [4, 0, 13, 16], "texture": "#1"},
				"east": {"uv": [4, 0, 13, 16], "texture": "#1"},
				"south": {"uv": [4, 0, 13, 16], "texture": "#1"},
				"west": {"uv": [4, 0, 13, 16], "texture": "#1"},
				"up": {"uv": [0, 0, 1, 1], "texture": "#1"},
				"down": {"uv": [0, 0, 1, 1], "texture": "#1"}
			}
		},
		{
			"from": [7, 4, 7],
			"to": [8, 7, 8],
			"faces": {
				"north": {"uv": [4, 0, 13, 16], "texture": "#1"},
				"east": {"uv": [4, 0, 13, 16], "texture": "#1"},
				"south": {"uv": [4, 0, 13, 16], "texture": "#1"},
				"west": {"uv": [4, 0, 13, 16], "texture": "#1"},
				"up": {"uv": [0, 0, 1, 1], "texture": "#1"},
				"down": {"uv": [0, 0, 1, 1], "texture": "#1"}
			}
		},
		{
			"from": [7, 7, 7],
			"to": [8, 10, 8],
			"faces": {
				"north": {"uv": [4, 0, 13, 16], "texture": "#1"},
				"east": {"uv": [4, 0, 13, 16], "texture": "#1"},
				"south": {"uv": [4, 0, 13, 16], "texture": "#1"},
				"west": {"uv": [4, 0, 13, 16], "texture": "#1"},
				"up": {"uv": [0, 0, 1, 1], "texture": "#1"},
				"down": {"uv": [0, 0, 1, 1], "texture": "#1"}
			}
		},
		{
			"from": [7, -4, 7],
			"to": [8, 0, 8],
			"faces": {
				"north": {"uv": [4, 0, 13, 16], "texture": "#1"},
				"east": {"uv": [4, 0, 13, 16], "texture": "#1"},
				"south": {"uv": [4, 0, 13, 16], "texture": "#1"},
				"west": {"uv": [4, 0, 13, 16], "texture": "#1"},
				"up": {"uv": [0, 0, 1, 1], "texture": "#1"},
				"down": {"uv": [0, 0, 1, 1], "texture": "#1"}
			}
		},
		{
			"from": [6, 11.5, 7],
			"to": [7, 13.25, 8],
			"faces": {
				"north": {"uv": [13, 12, 16, 15.75], "texture": "#0"},
				"east": {"uv": [13, 12, 16, 16], "texture": "#0"},
				"south": {"uv": [13, 12.25, 16, 16], "texture": "#0"},
				"west": {"uv": [13, 12, 16, 16], "texture": "#0"},
				"up": {"uv": [13, 12, 16, 16], "texture": "#0"},
				"down": {"uv": [13, 12, 16, 16], "texture": "#0"}
			}
		},
		{
			"from": [7, 11, 7],
			"to": [8, 12, 8],
			"faces": {
				"north": {"uv": [13, 12, 16, 16], "texture": "#0"},
				"east": {"uv": [13, 12, 16, 16], "texture": "#0"},
				"south": {"uv": [13, 12, 16, 16], "texture": "#0"},
				"west": {"uv": [13, 12, 16, 16], "texture": "#0"},
				"up": {"uv": [0, 0, 1, 1], "texture": "#0"},
				"down": {"uv": [7, 9, 12, 13], "texture": "#0"}
			}
		},
		{
			"from": [7, 13.25, 6.5],
			"to": [8, 14.25, 7],
			"faces": {
				"north": {"uv": [13, 12, 16, 16], "texture": "#0"},
				"east": {"uv": [16, 12, 13.5, 16], "texture": "#0"},
				"south": {"uv": [0, 0, 1, 1], "texture": "#0"},
				"west": {"uv": [13, 12, 16, 16], "texture": "#0"},
				"up": {"uv": [13, 12, 16, 16], "texture": "#0"},
				"down": {"uv": [0, 0, 1, 0.5], "texture": "#0"}
			}
		},
		{
			"from": [7, 13.25, 8],
			"to": [8, 14.25, 8.5],
			"faces": {
				"north": {"uv": [13, 13, 16, 16], "texture": "#0"},
				"east": {"uv": [13, 13, 16, 16], "texture": "#0"},
				"south": {"uv": [13, 13, 16, 16], "texture": "#0"},
				"west": {"uv": [13, 13, 16, 16], "texture": "#0"},
				"up": {"uv": [13, 13, 16, 16], "texture": "#0"},
				"down": {"uv": [0, 0, 1, 0.5], "texture": "#0"}
			}
		},
		{
			"from": [6.5, 13.25, 7],
			"to": [7, 14.25, 8],
			"faces": {
				"north": {"uv": [13, 12, 16, 16], "texture": "#0"},
				"east": {"uv": [0, 0, 1, 1], "texture": "#0"},
				"south": {"uv": [13, 12, 16, 16], "texture": "#0"},
				"west": {"uv": [13, 12, 16, 16], "texture": "#0"},
				"up": {"uv": [13, 12, 16, 16], "texture": "#0"},
				"down": {"uv": [0, 0, 0.5, 1], "texture": "#0"}
			}
		},
		{
			"from": [8, 13.25, 7],
			"to": [8.5, 14.25, 8],
			"faces": {
				"north": {"uv": [13, 12, 16, 16], "texture": "#0"},
				"east": {"uv": [13, 12, 16, 16], "texture": "#0"},
				"south": {"uv": [13, 12, 16, 16], "texture": "#0"},
				"west": {"uv": [0, 0, 1, 1], "texture": "#0"},
				"up": {"uv": [13, 12, 16, 16], "texture": "#0"},
				"down": {"uv": [0, 0, 0.5, 1], "texture": "#0"}
			}
		},
		{
			"from": [7, 13, 7],
			"to": [8, 15, 8],
			"faces": {
				"north": {"uv": [13, 12, 16, 16], "texture": "#0"},
				"east": {"uv": [13, 12, 16, 16], "texture": "#0"},
				"south": {"uv": [13, 12, 16, 16], "texture": "#0"},
				"west": {"uv": [13, 12, 16, 16], "texture": "#0"},
				"up": {"uv": [0, 0, 6, 5], "texture": "#0"},
				"down": {"uv": [0, 0, 1, 1], "texture": "#0"}
			}
		},
		{
			"from": [6.5, 12.25, 6.5],
			"to": [7, 13.25, 7],
			"faces": {
				"north": {"uv": [0, 0, 2.5, 4], "texture": "#0"},
				"east": {"uv": [0, 0, 2.5, 4], "texture": "#0"},
				"south": {"uv": [0, 0, 2.5, 4], "texture": "#0"},
				"west": {"uv": [13.5, 13, 16, 16], "texture": "#0"},
				"up": {"uv": [12, 2, 14.5, 5.5], "texture": "#0"},
				"down": {"uv": [3, 4, 0.5, 0.5], "texture": "#0"}
			}
		},
		{
			"from": [8, 12.25, 8],
			"to": [8.5, 13.25, 8.5],
			"faces": {
				"north": {"uv": [13, 13, 16, 16], "texture": "#0"},
				"east": {"uv": [13, 13, 16, 16], "texture": "#0"},
				"south": {"uv": [13.5, 13, 16, 16], "texture": "#0"},
				"west": {"uv": [13, 13, 16, 16], "texture": "#0"},
				"up": {"uv": [0, 0, 2.5, 3.5], "texture": "#0"},
				"down": {"uv": [0, 0, 2.5, 3.5], "texture": "#0"}
			}
		},
		{
			"from": [8, 12.25, 6.5],
			"to": [8.5, 13.25, 7],
			"faces": {
				"north": {"uv": [13.5, 13, 16, 16], "texture": "#0"},
				"east": {"uv": [13, 13, 16, 16], "texture": "#0"},
				"south": {"uv": [13, 13, 16, 16], "texture": "#0"},
				"west": {"uv": [13, 13, 16, 16], "texture": "#0"},
				"up": {"uv": [0, 0, 2.5, 3.5], "texture": "#0"},
				"down": {"uv": [0, 0, 0.5, 0.5], "texture": "#0"}
			}
		},
		{
			"from": [6.5, 12.25, 8],
			"to": [7, 13.25, 8.5],
			"faces": {
				"north": {"uv": [0, 0, 0.5, 1], "texture": "#0"},
				"east": {"uv": [0, 0, 0.5, 1], "texture": "#0"},
				"south": {"uv": [0, 0, 2.5, 3], "texture": "#0"},
				"west": {"uv": [13.5, 13, 16, 16], "texture": "#0"},
				"up": {"uv": [0, 0, 2.5, 3.5], "texture": "#0"},
				"down": {"uv": [14, 13, 16, 16], "texture": "#0"}
			}
		},
		{
			"from": [7, 11.5, 8],
			"to": [8, 13.25, 9],
			"faces": {
				"north": {"uv": [13, 12, 16, 16], "texture": "#0"},
				"east": {"uv": [13, 12, 16, 16], "texture": "#0"},
				"south": {"uv": [13, 12.25, 16, 16], "texture": "#0"},
				"west": {"uv": [13, 12, 16, 16], "texture": "#0"},
				"up": {"uv": [13, 12, 16, 16], "texture": "#0"},
				"down": {"uv": [13, 12, 16, 16], "texture": "#0"}
			}
		},
		{
			"from": [7, 11.5, 6],
			"to": [8, 13.25, 7],
			"faces": {
				"north": {"uv": [13, 12.25, 16, 16], "texture": "#0"},
				"east": {"uv": [13, 12, 16, 16], "texture": "#0"},
				"south": {"uv": [13, 12, 16, 15.75], "texture": "#0"},
				"west": {"uv": [13, 12, 16, 16], "texture": "#0"},
				"up": {"uv": [13, 12, 16, 16], "texture": "#0"},
				"down": {"uv": [13, 12, 16, 16], "texture": "#0"}
			}
		},
		{
			"from": [8, 11.5, 7],
			"to": [9, 13.25, 8],
			"faces": {
				"north": {"uv": [13, 12, 16, 16], "texture": "#0"},
				"east": {"uv": [13, 12.25, 16, 16], "texture": "#0"},
				"south": {"uv": [13, 12, 16, 16], "texture": "#0"},
				"west": {"uv": [13, 12, 16, 16], "texture": "#0"},
				"up": {"uv": [13, 12, 16, 16], "texture": "#0"},
				"down": {"uv": [13, 12, 16, 16], "texture": "#0"}
			}
		},
		{
			"from": [7, 12, 7],
			"to": [8, 13, 8],
			"faces": {
				"north": {"uv": [0, 0, 1, 1], "texture": "#0"},
				"east": {"uv": [0, 0, 1, 1], "texture": "#0"},
				"south": {"uv": [0, 0, 1, 1], "texture": "#0"},
				"west": {"uv": [0, 0, 1, 1], "texture": "#0"},
				"up": {"uv": [0, 0, 1, 1], "texture": "#0"},
				"down": {"uv": [0, 0, 1, 1], "texture": "#0"}
			}
		},
		{
			"from": [6.75, 3, 7.35],
			"to": [7, 7, 7.6],
			"faces": {
				"north": {"uv": [11.75, 0, 16, 16], "texture": "#0"},
				"east": {"uv": [11.75, 0, 16, 16], "texture": "#0"},
				"south": {"uv": [11.75, 0, 16, 16], "texture": "#0"},
				"west": {"uv": [11.75, 0, 16, 16], "texture": "#0"},
				"up": {"uv": [0, 0, 0.25, 0.25], "texture": "#0"},
				"down": {"uv": [0, 0, 0.25, 0.25], "texture": "#0"}
			}
		},
		{
			"from": [7.3, 3, 6.75],
			"to": [7.55, 7, 7],
			"faces": {
				"north": {"uv": [16, 0, 13.25, 16], "texture": "#0"},
				"east": {"uv": [12.75, 0, 16, 16], "texture": "#0"},
				"south": {"uv": [12.75, 0, 16, 16], "texture": "#0"},
				"west": {"uv": [12.75, 0, 16, 16], "texture": "#0"},
				"up": {"uv": [0, 0, 0.25, 0.25], "texture": "#0"},
				"down": {"uv": [0, 0, 0.25, 0.25], "texture": "#0"}
			}
		},
		{
			"from": [8, 3, 7.35],
			"to": [8.25, 7, 7.6],
			"faces": {
				"north": {"uv": [11.75, 0, 16, 16], "texture": "#0"},
				"east": {"uv": [11.75, 0, 16, 16], "texture": "#0"},
				"south": {"uv": [11.75, 0, 16, 16], "texture": "#0"},
				"west": {"uv": [11.75, 0, 16, 16], "texture": "#0"},
				"up": {"uv": [0, 0, 0.25, 0.25], "texture": "#0"},
				"down": {"uv": [0, 0, 0.25, 0.25], "texture": "#0"}
			}
		},
		{
			"from": [7.3, 3, 8],
			"to": [7.55, 7, 8.25],
			"faces": {
				"north": {"uv": [11.75, 0, 16, 16], "texture": "#0"},
				"east": {"uv": [11.75, 0, 16, 16], "texture": "#0"},
				"south": {"uv": [11.75, 0, 16, 16], "texture": "#0"},
				"west": {"uv": [11.75, 0, 16, 16], "texture": "#0"},
				"up": {"uv": [0, 0, 0.25, 0.25], "texture": "#0"},
				"down": {"uv": [0, 0, 0.25, 0.25], "texture": "#0"}
			}
		}
	],
	"display": {
		"thirdperson_righthand": {
			"translation": [0.5, 7.75, 0]
		},
		"thirdperson_lefthand": {
			"translation": [0.5, 7.75, 0]
		},
		"firstperson_righthand": {
			"rotation": [-10, 0, 0],
			"translation": [0, 1.5, 0]
		},
		"firstperson_lefthand": {
			"rotation": [-10, 0, 0],
			"translation": [0, 1.5, 0]
		},
		"ground": {
			"translation": [0, 8, 0]
		},
		"gui": {
			"rotation": [0, 0, 48],
			"translation": [-1.5, 1.5, 0],
			"scale": [0.77, 0.76, 1]
		},
		"head": {
			"translation": [0, 20, 0]
		},
		"fixed": {
			"rotation": [0, 0, -48],
			"translation": [1.5, 0.25, 0],
			"scale": [0.77, 0.76, 1]
		}
	},
	"groups": [
		{
			"name": "extensiones",
			"origin": [0, 0, 0],
			"color": 0,
			"children": [0, 1, 2, 3, 4, 5, 6, 7, 8, 9, 10, 11, 12, 13, 14, 15, 16, 17, 18]
		},
		{
			"name": "cuerpo",
			"origin": [0, 0, 0],
			"color": 0,
			"children": [19, 20, 21, 22]
		},
		{
			"name": "runa",
			"origin": [0, 0, 0],
			"color": 0,
			"children": [23, 24, 25, 26, 27, 28, 29, 30, 31, 32, 33, 34, 35, 36, 37, 38, 39, 40, 41]
		}
	]
}