{
    "parent": "item/handheld_rod",
    "textures": {
        "layer0": "item/fishing_rod"
    },
    "overrides": [	
        {
            "predicate": {
                "cast": 1
            },
            "model": "item/fishing_rod_cast"
        },	
        {
            "predicate": {
                "damaged": 0,
				"damage": 0.98461
            },
            "model": "item/caniaamatista"
        },		
		{
            "predicate": {
                "damaged": 0,
				"damage": 0.98461,
				"cast": 1
            },
            "model": "item/caniaamatista_cast"
        },
        {
            "predicate": {
                "damaged": 1,
				"damage": 0.0
            },
            "model": "item/fishing_rod"
        },	
        {
            "predicate": {
                "damaged": 1,
				"damage": 0.0,
				"cast": 1
            },
            "model": "item/fishing_rod_cast"
        }		
    ]
}
