{"parent":"item/handheld","textures":{"layer0":"item/iron_hoe"},"overrides":[{"predicate":{"damage":0.648,"damaged":0},"model":"item/fish/83"},{"predicate":{"damage":0.652,"damaged":0},"model":"item/fish/3"},{"predicate":{"damage":0.656,"damaged":0},"model":"item/fish/4"},{"predicate":{"damage":0.66,"damaged":0},"model":"item/fish/2"},{"predicate":{"damage":0.664,"damaged":0},"model":"item/fish/1"},{"predicate":{"damage":0.668,"damaged":0},"model":"item/fish/64"},{"predicate":{"damage":0.672,"damaged":0},"model":"item/fish/80"},{"predicate":{"damage":0.676,"damaged":0},"model":"item/fish/63"},{"predicate":{"damage":0.68,"damaged":0},"model":"item/fish/24"},{"predicate":{"damage":0.684,"damaged":0},"model":"item/fish/14"},{"predicate":{"damage":0.688,"damaged":0},"model":"item/fish/12"},{"predicate":{"damage":0.692,"damaged":0},"model":"item/fish/5"},{"predicate":{"damage":0.696,"damaged":0},"model":"item/fish/29"},{"predicate":{"damage":0.7,"damaged":0},"model":"item/fish/81"},{"predicate":{"damage":0.704,"damaged":0},"model":"item/fish/22"},{"predicate":{"damage":0.708,"damaged":0},"model":"item/fish/21"},{"predicate":{"damage":0.712,"damaged":0},"model":"item/fish/52"},{"predicate":{"damage":0.716,"damaged":0},"model":"item/fish/40"},{"predicate":{"damage":0.72,"damaged":0},"model":"item/fish/10"},{"predicate":{"damage":0.724,"damaged":0},"model":"item/fish/65"},{"predicate":{"damage":0.728,"damaged":0},"model":"item/fish/48"},{"predicate":{"damage":0.732,"damaged":0},"model":"item/fish/66"},{"predicate":{"damage":0.736,"damaged":0},"model":"item/fish/79"},{"predicate":{"damage":0.74,"damaged":0},"model":"item/fish/62"},{"predicate":{"damage":0.744,"damaged":0},"model":"item/fish/82"},{"predicate":{"damage":0.748,"damaged":0},"model":"item/fish/9"},{"predicate":{"damage":0.752,"damaged":0},"model":"item/fish/56"},{"predicate":{"damage":0.756,"damaged":0},"model":"item/fish/pezglobo"},{"predicate":{"damage":0.76,"damaged":0},"model":"item/fish/pezpayaso"},{"predicate":{"damage":0.764,"damaged":0},"model":"item/fish/salmon"},{"predicate":{"damage":0.768,"damaged":0},"model":"item/fish/bacalao"},{"predicate":{"damage":0.772,"damaged":0},"model":"item/fish/41"},{"predicate":{"damage":0.776,"damaged":0},"model":"item/fish/50"},{"predicate":{"damage":0.78,"damaged":0},"model":"item/fish/46"},{"predicate":{"damage":0.784,"damaged":0},"model":"item/fish/61"},{"predicate":{"damage":0.788,"damaged":0},"model":"item/fish/34"},{"predicate":{"damage":0.792,"damaged":0},"model":"item/fish/33"},{"predicate":{"damage":0.796,"damaged":0},"model":"item/fish/20"},{"predicate":{"damage":0.8,"damaged":0},"model":"item/fish/49"},{"predicate":{"damage":0.804,"damaged":0},"model":"item/fish/11"},{"predicate":{"damage":0.808,"damaged":0},"model":"item/fish/75"},{"predicate":{"damage":0.812,"damaged":0},"model":"item/fish/36"},{"predicate":{"damage":0.816,"damaged":0},"model":"item/fish/71"},{"predicate":{"damage":0.82,"damaged":0},"model":"item/fish/59"},{"predicate":{"damage":0.824,"damaged":0},"model":"item/fish/30"},{"predicate":{"damage":0.828,"damaged":0},"model":"item/fish/54"},{"predicate":{"damage":0.832,"damaged":0},"model":"item/fish/8"},{"predicate":{"damage":0.836,"damaged":0},"model":"item/fish/7"},{"predicate":{"damage":0.84,"damaged":0},"model":"item/fish/6"},{"predicate":{"damage":0.844,"damaged":0},"model":"item/fish/69"},{"predicate":{"damage":0.848,"damaged":0},"model":"item/fish/16"},{"predicate":{"damage":0.852,"damaged":0},"model":"item/fish/15"},{"predicate":{"damage":0.856,"damaged":0},"model":"item/fish/27"},{"predicate":{"damage":0.86,"damaged":0},"model":"item/fish/43"},{"predicate":{"damage":0.864,"damaged":0},"model":"item/fish/32"},{"predicate":{"damage":0.868,"damaged":0},"model":"item/fish/42"},{"predicate":{"damage":0.872,"damaged":0},"model":"item/fish/28"},{"predicate":{"damage":0.876,"damaged":0},"model":"item/fish/23"},{"predicate":{"damage":0.88,"damaged":0},"model":"item/fish/35"},{"predicate":{"damage":0.884,"damaged":0},"model":"item/fish/55"},{"predicate":{"damage":0.888,"damaged":0},"model":"item/fish/58"},{"predicate":{"damage":0.892,"damaged":0},"model":"item/fish/60"},{"predicate":{"damage":0.896,"damaged":0},"model":"item/fish/51"},{"predicate":{"damage":0.9,"damaged":0},"model":"item/fish/25"},{"predicate":{"damage":0.904,"damaged":0},"model":"item/fish/13"},{"predicate":{"damage":0.908,"damaged":0},"model":"item/fish/38"},{"predicate":{"damage":0.912,"damaged":0},"model":"item/fish/39"},{"predicate":{"damage":0.916,"damaged":0},"model":"item/fish/37"},{"predicate":{"damage":0.92,"damaged":0},"model":"item/fish/26"},{"predicate":{"damage":0.924,"damaged":0},"model":"item/fish/68"},{"predicate":{"damage":0.928,"damaged":0},"model":"item/fish/74"},{"predicate":{"damage":0.932,"damaged":0},"model":"item/fish/47"},{"predicate":{"damage":0.936,"damaged":0},"model":"item/fish/17"},{"predicate":{"damage":0.94,"damaged":0},"model":"item/fish/44"},{"predicate":{"damage":0.944,"damaged":0},"model":"item/fish/45"},{"predicate":{"damage":0.948,"damaged":0},"model":"item/fish/67"},{"predicate":{"damage":0.952,"damaged":0},"model":"item/fish/72"},{"predicate":{"damage":0.956,"damaged":0},"model":"item/fish/73"},{"predicate":{"damage":0.96,"damaged":0},"model":"item/fish/57"},{"predicate":{"damage":0.964,"damaged":0},"model":"item/fish/70"},{"predicate":{"damage":0.968,"damaged":0},"model":"item/fish/77"},{"predicate":{"damage":0.972,"damaged":0},"model":"item/fish/76"},{"predicate":{"damage":0.976,"damaged":0},"model":"item/fish/78"},{"predicate":{"damage":0.98,"damaged":0},"model":"item/fish/31"},{"predicate":{"damage":0.984,"damaged":0},"model":"item/fish/53"},{"predicate":{"damage":0.988,"damaged":0},"model":"item/fish/0"},{"predicate":{"damage":0.992,"damaged":0},"model":"item/fish/18"},{"predicate":{"damage":0.996,"damaged":0},"model":"item/fish/19"},{"predicate":{"damage":0.0,"damaged":1},"model":"item/iron_hoe"}]}