{
	"credit": "Made with Blockbench",
	"textures": {
		"0": "item/alas1",
		"particle": "item/alas1"
	},
	"elements": [
		{
			"from": [1, 0, 10],
			"to": [1, 13, 17],
			"rotation": {"angle": 45, "axis": "y", "origin": [0, 0, 0]},
			"faces": {
				"north": {"uv": [0, 0, 0, 9], "texture": "#0"},
				"east": {"uv": [2, 3, 7.66667, 13], "texture": "#0"},
				"south": {"uv": [0, 0, 0, 9], "texture": "#0"},
				"west": {"uv": [8.66667, 3, 14.33333, 13], "texture": "#0"},
				"up": {"uv": [0, 0, 0, 6], "texture": "#0"},
				"down": {"uv": [0, 0, 0, 6], "texture": "#0"}
			}
		},
		{
			"from": [9, 0, 0],
			"to": [9, 13, 7],
			"rotation": {"angle": -45, "axis": "y", "origin": [0, 0, 0]},
			"faces": {
				"north": {"uv": [0, 0, 0, 9], "texture": "#0"},
				"east": {"uv": [2, 3, 7.66667, 13], "texture": "#0"},
				"south": {"uv": [0, 0, 0, 9], "texture": "#0"},
				"west": {"uv": [8.66667, 3, 14.33333, 13], "texture": "#0"},
				"up": {"uv": [0, 0, 0, 6], "texture": "#0"},
				"down": {"uv": [0, 0, 0, 6], "texture": "#0"}
			}
		},
		{
			"from": [5, 17, 3],
			"to": [10, 17, 7.5],
			"faces": {
				"north": {"uv": [0, 0, 2, 0], "texture": "#0"},
				"east": {"uv": [3, 1, 4, 2.66667], "texture": "#0"},
				"south": {"uv": [0, 1.33333, 2, 3], "texture": "#0"},
				"west": {"uv": [0, 0, 2, 1.66667], "texture": "#0"},
				"up": {"uv": [6.66667, 0.33333, 9.66667, 2.66667], "texture": "#0"},
				"down": {"uv": [6.66667, 0.33333, 9.66667, 2.66667], "texture": "#0"}
			}
		}
	],
	"display": {
		"thirdperson_righthand": {
			"rotation": [-100, -1.5, 0],
			"translation": [0.5, 1.75, 0.5],
			"scale": [0.6, 0.6, 0.9]
		},
		"thirdperson_lefthand": {
			"rotation": [-100, -1.5, -180],
			"translation": [0.5, 1.75, 0.5],
			"scale": [0.6, 0.6, 0.9]
		},
		"firstperson_righthand": {
			"translation": [0, 4.5, 0],
			"scale": [0, 0, 0]
		},
		"firstperson_lefthand": {
			"scale": [0, 0, 0]
		},
		"gui": {
			"rotation": [0, 180, 0],
			"translation": [-0.25, 1, 0]
		},
		"head": {
			"rotation": [-1, 0, 0],
			"translation": [1.75, -12, 11],
			"scale": [4, 2.52, 4]
		},
		"fixed": {
			"rotation": [0, 180, 0],
			"translation": [0, 0, -3.75]
		}
	}
}