{
	"__comment": "Designed by Alanbecker with Cubik Studio - https://cubik.studio",
	"textures": {
		"particle": "item/hats/teto1",
		"texture": "item/hats/teto2"
	},
	"elements": [
		{
			"__comment": "torso",
			"from": [ 2, 6, 5 ],
			"to": [ 10.5, 9, 10 ],
			"rotation": { "origin": [ 2, 6, 5 ], "axis": "z", "angle": -22.5 },
			"faces": {
				"down": { "uv": [ 8, 8, 16, 13 ], "texture": "#particle" },
				"up": { "uv": [ 8, 0, 16, 5 ], "texture": "#particle" },
				"north": { "uv": [ 8, 5, 16, 8 ], "texture": "#particle" },
				"south": { "uv": [ 8, 5, 16, 8 ], "texture": "#particle" },
				"west": { "uv": [ 3, 5, 8, 8 ], "texture": "#particle" },
				"east": { "uv": [ 3, 5, 8, 8 ], "texture": "#particle" }
			}
		},
		{
			"__comment": "collar",
			"from": [ 0.5, 3.875, 4.5 ],
			"to": [ 5, 7.875, 10.5 ],
			"rotation": { "origin": [ 0.5, 3.875, 4.5 ], "axis": "z", "angle": 22.5 },
			"faces": {
				"down": { "uv": [ 10, 10, 14.5, 16 ], "texture": "#texture" },
				"up": { "uv": [ 10, 10, 14.5, 16 ], "texture": "#texture" },
				"north": { "uv": [ 10, 0, 14.5, 4 ], "texture": "#texture" },
				"south": { "uv": [ 10, 0, 14.5, 4 ], "texture": "#texture" },
				"west": { "uv": [ 8.5, 6, 14.5, 10 ], "texture": "#texture" },
				"east": { "uv": [ 8.5, 6, 14.5, 10 ], "texture": "#texture" }
			}
		},
		{
			"__comment": "leg_back_left",
			"from": [ 10, -0.5, 4.5 ],
			"to": [ 12, 5.5, 6.5 ],
			"rotation": { "origin": [ 10, -0.5, 4.5 ], "axis": "z", "angle": 22.5 },
			"faces": {
				"down": { "uv": [ 4, 8, 6, 10 ], "texture": "#particle" },
				"up": { "uv": [ 4, 8, 6, 10 ], "texture": "#particle" },
				"north": { "uv": [ 2, 10, 4, 16 ], "texture": "#particle" },
				"south": { "uv": [ 2, 10, 4, 16 ], "texture": "#particle" },
				"west": { "uv": [ 0, 10, 2, 16 ], "texture": "#particle" },
				"east": { "uv": [ 4, 10, 6, 16 ], "texture": "#particle" }
			}
		},
		{
			"__comment": "tail",
			"from": [ 8.125, 5.5, 6 ],
			"to": [ 11.125, 15.5, 9 ],
			"rotation": { "origin": [ 8.125, 5.5, 6 ], "axis": "z", "angle": -22.5 },
			"faces": {
				"down": { "uv": [ 0, 8, 3, 10 ], "texture": "#particle" },
				"up": { "uv": [ 0, 0, 3, 3 ], "texture": "#particle", "rotation": 270 },
				"north": { "uv": [ 0, 0, 3, 10 ], "texture": "#particle" },
				"south": { "uv": [ 0, 0, 3, 10 ], "texture": "#particle" },
				"west": { "uv": [ 0, 0, 3, 10 ], "texture": "#particle" },
				"east": { "uv": [ 0, 0, 3, 10 ], "texture": "#particle" }
			}
		},
		{
			"__comment": "leg_front_right",
			"from": [ 1, 0, 8 ],
			"to": [ 3, 6, 10 ],
			"faces": {
				"down": { "uv": [ 4, 8, 6, 10 ], "texture": "#particle" },
				"up": { "uv": [ 4, 8, 6, 10 ], "texture": "#particle" },
				"north": { "uv": [ 2, 10, 4, 16 ], "texture": "#particle" },
				"south": { "uv": [ 2, 10, 4, 16 ], "texture": "#particle" },
				"west": { "uv": [ 0, 10, 2, 16 ], "texture": "#particle" },
				"east": { "uv": [ 4, 10, 6, 16 ], "texture": "#particle" }
			}
		},
		{
			"__comment": "head",
			"from": [ -1, 7.5, 5.5 ],
			"to": [ 3, 11.5, 9.5 ],
			"faces": {
				"down": { "uv": [ 4, 8, 8, 12 ], "texture": "#texture" },
				"up": { "uv": [ 0, 8, 4, 12 ], "texture": "#texture", "rotation": 90 },
				"north": { "uv": [ 8, 12, 4, 16 ], "texture": "#texture" },
				"south": { "uv": [ 4, 12, 8, 16 ], "texture": "#texture" },
				"west": { "uv": [ 0, 12, 4, 16 ], "texture": "#texture" },
				"east": { "uv": [ 4, 8, 8, 12 ], "texture": "#texture" }
			}
		},
		{
			"__comment": "leg_back_right",
			"from": [ 10, -0.5, 8.5 ],
			"to": [ 12, 5.5, 10.5 ],
			"rotation": { "origin": [ 10, -0.5, 8.5 ], "axis": "z", "angle": 22.5 },
			"faces": {
				"down": { "uv": [ 4, 8, 6, 10 ], "texture": "#particle" },
				"up": { "uv": [ 4, 8, 6, 10 ], "texture": "#particle" },
				"north": { "uv": [ 2, 10, 4, 16 ], "texture": "#particle" },
				"south": { "uv": [ 2, 10, 4, 16 ], "texture": "#particle" },
				"west": { "uv": [ 0, 10, 2, 16 ], "texture": "#particle" },
				"east": { "uv": [ 4, 10, 6, 16 ], "texture": "#particle" }
			}
		},
		{
			"__comment": "leg_front_left",
			"from": [ 1, 0, 5 ],
			"to": [ 3, 6, 7 ],
			"faces": {
				"down": { "uv": [ 4, 8, 6, 10 ], "texture": "#particle" },
				"up": { "uv": [ 4, 8, 6, 10 ], "texture": "#particle" },
				"north": { "uv": [ 2, 10, 4, 16 ], "texture": "#particle" },
				"south": { "uv": [ 2, 10, 4, 16 ], "texture": "#particle" },
				"west": { "uv": [ 0, 10, 2, 16 ], "texture": "#particle" },
				"east": { "uv": [ 4, 10, 6, 16 ], "texture": "#particle" }
			}
		},
		{
			"__comment": "ear_left",
			"from": [ 1, 10.5, 2 ],
			"to": [ 1.001, 16.5, 7 ],
			"rotation": { "origin": [ 1, 10.5, 7 ], "axis": "y", "angle": -45 },
			"faces": {
				"west": { "uv": [ 10, 0, 5, 6 ], "texture": "#texture" },
				"east": { "uv": [ 5, 0, 0, 6 ], "texture": "#texture" }
			}
		},
		{
			"__comment": "ear_right",
			"from": [ 1, 10.5, 8 ],
			"to": [ 1.001, 16.5, 13 ],
			"rotation": { "origin": [ 1, 10.5, 8 ], "axis": "y", "angle": 45 },
			"faces": {
				"west": { "uv": [ 5, 0, 10, 6 ], "texture": "#texture" },
				"east": { "uv": [ 0, 0, 5, 6 ], "texture": "#texture" }
			}
		}
	],
	"display": {
		"thirdperson_righthand": {
			"rotation":  [ 57, -91, 2 ],
			"translation":  [ 0, -0.195, 14.695 ],
			"scale":  [ 0.5, 0.5, 0.5 ]
		},
		"thirdperson_lefthand": {
			"rotation":  [ 57, 84, 2 ],
			"translation":  [ 0.6956, -0.195, 14.695 ],
			"scale":  [ 0.5, 0.5, 0.5 ]
		},
		"firstperson_righthand": {
			"rotation":  [ 0, -69, 0 ],
			"translation":  [ 8.3478, 4.1739, 7.6521 ]
		},
		"firstperson_lefthand": {
			"rotation":  [ 0, 106, 0 ],
			"translation":  [ 8.3478, 4.1739, 7.6521 ]
		},
		"gui": {
			"rotation":  [ 19, 36, 0 ],
			"translation":  [ 2.0869, 0, 3.4782 ]
		},
		"head": {
			"rotation":  [ 0, -88, 0 ],
			"translation":  [ 0, -25, 0 ]
		},
		"ground": {
			"scale":  [ 0.5, 0.5, 0.5 ]
		},
		"fixed": {
			"rotation":  [ -18, -90, 10 ],
			"translation":  [ -0.695, 2.7826, 12.521 ],
			"scale":  [ 2, 2, 2 ]
		}
	}
}