{
    "parent": "item/handheld_rod",
    "textures": {
        "layer0": "item/fishing_rod"
    },
    "overrides": [	
        {"predicate": {"cast": 1},"model": "item/fishing_rod_cast"},	
        {"predicate": {"damaged": 0,"damage": 0.98461},"model": "item/caniaamatista"},		
		{"predicate": {"damaged": 0,"damage": 0.98461,"cast": 1},"model": "item/caniaamatista_cast"},
        {"predicate": {"damaged": 1,"damage": 0.0},"model": "item/fishing_rod"},	
        {"predicate": {"damaged": 1,"damage": 0.0,"cast": 1},"model": "item/fishing_rod_cast"},
        {"predicate": {"custom_model_data": 1},"model": "item/canianetherite"},	
        {"predicate": {"custom_model_data": 1,"cast": 1},"model": "item/canianetherite_cast"},
        {"predicate": {"custom_model_data": 2},"model": "item/caniaamatista"},	
        {"predicate": {"custom_model_data": 2,"cast": 1},"model": "item/caniaamatista_cast"},	
        {"predicate": {"custom_model_data": 3},"model": "item/caniaevento"},	
        {"predicate": {"custom_model_data": 3,"cast": 1},"model": "item/caniaevento_cast"}	
    ]
}
