{
    "parent": "item/handheld",
    "textures": {
        "layer0": "item/netherite_pickaxe"
    },
		  "overrides": [
		{ "predicate": { "damaged": 0, "damage": 0.116198 },"model": "item/navaja2" },
		{ "predicate": { "damaged": 0, "damage": 0.999507 },"model": "item/martillo2" },
		{ "predicate": { "damaged": 1, "damage": 0.0 }, "model": "item/netherite_pickaxe" },
		{ "predicate": { "custom_model_data": 1},"model": "item/canianetherite" },
		{ "predicate": { "custom_model_data": 2},"model": "item/caniaamatista" },
		{ "predicate": { "custom_model_data": 3},"model": "item/picorubi" },
		{ "predicate": { "custom_model_data": 4},"model": "item/picoesmeralda" }
  ]
}
