{
    "__comment": "Model generated using MrCrayfish's Model Creator (https://mrcrayfish.com/tools?id=mc)",
    "textures": {
        "green_glazed_terracotta": "minecraft:block/green_glazed_terracotta",
        "purple_glazed_terracotta": "minecraft:block/purple_glazed_terracotta",
        "smithing_table_top": "minecraft:block/smithing_table_top",
        "blue_glazed_terracotta": "minecraft:block/blue_glazed_terracotta",
        "red_glazed_terracotta": "minecraft:block/red_glazed_terracotta"
    },
    "display": {
        "gui": {
            "rotation": [ 0, 325, 330 ],
            "translation": [ -1.2, 0.7, 0 ],
            "scale": [ 0.6, 0.6, 0.6 ]
        },
        "ground": {
            "rotation": [ 0, 0, 0 ],
            "translation": [ 0, 2.087, 0 ],
            "scale": [ 0.4, 0.4, 0.4 ]
        },
        "head": {
            "rotation": [ 0, 0, 0 ],
            "translation": [ 0, 18.78, 0 ],
            "scale": [ 1, 1, 1 ]
        },
        "firstperson_righthand": {
            "rotation": [ 0, 0, 0 ],
            "translation": [ 0, 11.825, 2.783 ],
            "scale": [ 1, 1, 1 ]
        },
        "thirdperson_righthand": {
            "rotation": [ 86, 0, 4 ],
            "translation": [ 0, 1.509, 17.386 ],
            "scale": [ 1, 1, 1 ]
        }
    },
    "elements": [
        {
            "name": "Cube11",
            "from": [ 7.5, -8, 7.5 ], 
            "to": [ 8, 15.5, 8 ], 
            "faces": {
                "north": { "texture": "#smithing_table_top", "uv": [ 7, 0.5, 10.5, 15.5 ] },
                "east": { "texture": "#smithing_table_top", "uv": [ 7, 0.5, 10.5, 13.5 ] },
                "south": { "texture": "#smithing_table_top", "uv": [ 6, 0.5, 11.5, 15.5 ] },
                "west": { "texture": "#smithing_table_top", "uv": [ 6, 0.5, 10.5, 13.5 ] }
            }
        },
        {
            "name": "Cube12",
            "from": [ 7, -8, 7 ], 
            "to": [ 8.5, -6.5, 8.5 ], 
            "faces": {
                "north": { "texture": "#smithing_table_top", "uv": [ 11.5, 15, 12, 15.5 ] },
                "east": { "texture": "#smithing_table_top", "uv": [ 11.5, 15, 12, 15.5 ] },
                "south": { "texture": "#smithing_table_top", "uv": [ 11.5, 15, 12, 15.5 ] },
                "west": { "texture": "#smithing_table_top", "uv": [ 11.5, 15, 12, 15.5 ] },
                "up": { "texture": "#smithing_table_top", "uv": [ 11.5, 15, 12, 15.5 ], "rotation": 180 },
                "down": { "texture": "#smithing_table_top", "uv": [ 11.5, 15, 12, 15.5 ], "rotation": 180 }
            }
        },
        {
            "name": "Cube",
            "from": [ 0, 13, 0 ], 
            "to": [ 16, 14, 16 ], 
            "rotation": { "origin": [ 8, 8, 8 ], "axis": "y", "angle": 45.0 },
            "faces": {
                "north": { "texture": "#purple_glazed_terracotta", "uv": [ 0, 0, 16, 1 ] },
                "east": { "texture": "#purple_glazed_terracotta", "uv": [ 0, 0, 16, 1 ] },
                "south": { "texture": "#purple_glazed_terracotta", "uv": [ 0, 0, 16, 1 ] },
                "west": { "texture": "#purple_glazed_terracotta", "uv": [ 0, 0, 16, 1 ] },
                "up": { "texture": "#purple_glazed_terracotta", "uv": [ 0, 0, 16, 16 ] },
                "down": { "texture": "#smithing_table_top", "uv": [ 0, 0, 16, 16 ] }
            }
        },
        {
            "name": "Cube",
            "from": [ 0, 13.01, 0 ], 
            "to": [ 16, 14.01, 16 ], 
            "faces": {
                "north": { "texture": "#purple_glazed_terracotta", "uv": [ 0, 0, 16, 1 ] },
                "east": { "texture": "#purple_glazed_terracotta", "uv": [ 0, 0, 16, 1 ] },
                "south": { "texture": "#purple_glazed_terracotta", "uv": [ 0, 0, 16, 1 ] },
                "west": { "texture": "#purple_glazed_terracotta", "uv": [ 0, 0, 16, 1 ] },
                "up": { "texture": "#purple_glazed_terracotta", "uv": [ 1, 0, 16, 16 ] },
                "down": { "texture": "#smithing_table_top", "uv": [ 0, 0, 16, 16 ] }
            }
        },
        {
            "name": "Cube",
            "from": [ 2, 14, 2 ], 
            "to": [ 14, 15, 14 ], 
            "rotation": { "origin": [ 8, 8, 8 ], "axis": "y", "angle": 45.0 },
            "faces": {
                "north": { "texture": "#green_glazed_terracotta", "uv": [ 4, 9, 16, 10 ] },
                "east": { "texture": "#green_glazed_terracotta", "uv": [ 4, 8, 16, 9 ] },
                "south": { "texture": "#green_glazed_terracotta", "uv": [ 4, 8, 16, 9 ] },
                "west": { "texture": "#green_glazed_terracotta", "uv": [ 3, 9, 15, 10 ] },
                "up": { "texture": "#green_glazed_terracotta", "uv": [ 5, 5, 15, 15 ] },
                "down": { "texture": "#green_glazed_terracotta", "uv": [ 5, 5, 15, 15 ] }
            }
        },
        {
            "name": "Cube",
            "from": [ 2, 14.01, 2 ], 
            "to": [ 14, 15.01, 14 ], 
            "faces": {
                "north": { "texture": "#green_glazed_terracotta", "uv": [ 4, 8, 16, 9 ] },
                "east": { "texture": "#green_glazed_terracotta", "uv": [ 4, 9, 16, 10 ] },
                "south": { "texture": "#green_glazed_terracotta", "uv": [ 4, 7, 16, 8 ] },
                "west": { "texture": "#green_glazed_terracotta", "uv": [ 4, 8, 16, 9 ] },
                "up": { "texture": "#green_glazed_terracotta", "uv": [ 6, 6, 15, 15 ] }
            }
        },
        {
            "name": "Cube",
            "from": [ 4, 15.01, 4 ], 
            "to": [ 12, 16.01, 12 ], 
            "faces": {
                "north": { "texture": "#red_glazed_terracotta", "uv": [ 4, 9, 12, 10 ] },
                "east": { "texture": "#red_glazed_terracotta", "uv": [ 4, 9, 12, 10 ] },
                "south": { "texture": "#red_glazed_terracotta", "uv": [ 3, 8, 11, 9 ] },
                "west": { "texture": "#red_glazed_terracotta", "uv": [ 4, 9, 12, 10 ] },
                "up": { "texture": "#red_glazed_terracotta", "uv": [ 1, 1, 13, 13 ] }
            }
        },
        {
            "name": "Cube",
            "from": [ 4, 15, 4 ], 
            "to": [ 12, 16, 12 ], 
            "rotation": { "origin": [ 8, 8, 8 ], "axis": "y", "angle": 45.0 },
            "faces": {
                "north": { "texture": "#red_glazed_terracotta", "uv": [ 3, 8, 11, 9 ] },
                "east": { "texture": "#red_glazed_terracotta", "uv": [ 3, 9, 11, 10 ] },
                "south": { "texture": "#red_glazed_terracotta", "uv": [ 3, 7, 11, 8 ] },
                "west": { "texture": "#red_glazed_terracotta", "uv": [ 4, 8, 12, 9 ] },
                "up": { "texture": "#red_glazed_terracotta", "uv": [ 1, 0, 13, 13 ] },
                "down": { "texture": "#red_glazed_terracotta", "uv": [ 0, 0, 12, 12 ] }
            }
        },
        {
            "name": "Cube",
            "from": [ 6, 16.01, 6 ], 
            "to": [ 10, 17.01, 10 ], 
            "faces": {
                "north": { "texture": "#blue_glazed_terracotta", "uv": [ 2, 5, 6, 6 ] },
                "east": { "texture": "#blue_glazed_terracotta", "uv": [ 1, 5, 5, 6 ] },
                "south": { "texture": "#blue_glazed_terracotta", "uv": [ 1, 4, 5, 5 ] },
                "west": { "texture": "#blue_glazed_terracotta", "uv": [ 2, 4, 6, 5 ] },
                "up": { "texture": "#blue_glazed_terracotta", "uv": [ 0, 0, 7, 8 ] },
                "down": { "texture": "#blue_glazed_terracotta", "uv": [ 0, 0, 7, 8 ] }
            }
        },
        {
            "name": "Cube",
            "from": [ 6, 16, 6 ], 
            "to": [ 10, 17, 10 ], 
            "rotation": { "origin": [ 8, 8, 8 ], "axis": "y", "angle": 45.0 },
            "faces": {
                "north": { "texture": "#blue_glazed_terracotta", "uv": [ 2, 4, 6, 5 ] },
                "east": { "texture": "#blue_glazed_terracotta", "uv": [ 1, 4, 5, 5 ] },
                "south": { "texture": "#blue_glazed_terracotta", "uv": [ 1, 5, 5, 6 ] },
                "west": { "texture": "#blue_glazed_terracotta", "uv": [ 1, 3, 5, 4 ] },
                "up": { "texture": "#blue_glazed_terracotta", "uv": [ 0, 0, 7, 7 ] },
                "down": { "texture": "#blue_glazed_terracotta", "uv": [ 0, 0, 7, 7 ] }
            }
        }
    ]
}