{
  "parent": "minecraft:item/generated",
  "textures": {
    "layer0": "minecraft:item/apple"
  },
		  "overrides": [
		{ "predicate": { "custom_model_data": 1},"model": "item/pienso/pienso1" },
		{ "predicate": { "custom_model_data": 2},"model": "item/pienso/pienso2" },
		{ "predicate": { "custom_model_data": 3},"model": "item/pienso/pienso3" },
		{ "predicate": { "custom_model_data": 4},"model": "item/pienso/pienso4" },
		{ "predicate": { "custom_model_data": 5},"model": "item/pienso/pienso5" }
  ]
}