{
	"credit": "Made with Blockbench",
	"parent": "diamond_pickaxe",
	"textures": {
		"0": "block/gray_wool",
		"1": "block/oak_planks",
		"2": "block/iron_block",
		"particle": "block/gray_wool"
	},
	"elements": [
		{
			"from": [7.7, -0.3, 6.7],
			"to": [9.3, 1.3, 8.3],
			"rotation": {"angle": 0, "axis": "y", "origin": [8, 0, 7]},
			"faces": {
				"north": {"uv": [0, 0, 16, 16], "texture": "#0"},
				"east": {"uv": [0, 0, 16, 16], "texture": "#0"},
				"south": {"uv": [0, 0, 16, 16], "texture": "#0"},
				"west": {"uv": [0, 0, 16, 16], "texture": "#0"},
				"up": {"uv": [0, 0, 16, 16], "texture": "#0"},
				"down": {"uv": [0, 0, 16, 16], "texture": "#0"}
			}
		},
		{
			"from": [7.7, 3.7, 6.7],
			"to": [9.3, 5.3, 8.3],
			"rotation": {"angle": 0, "axis": "y", "origin": [8, 4, 7]},
			"faces": {
				"north": {"uv": [0, 0, 16, 16], "texture": "#0"},
				"east": {"uv": [0, 0, 16, 16], "texture": "#0"},
				"south": {"uv": [0, 0, 16, 16], "texture": "#0"},
				"west": {"uv": [0, 0, 16, 16], "texture": "#0"},
				"up": {"uv": [0, 0, 16, 16], "texture": "#0"},
				"down": {"uv": [0, 0, 16, 16], "texture": "#0"}
			}
		},
		{
			"from": [7.9, 0.9, 6.9],
			"to": [9.1, 4.1, 8.1],
			"rotation": {"angle": 0, "axis": "y", "origin": [8, 1, 7]},
			"faces": {
				"north": {"uv": [0, 0, 8, 16], "texture": "#1"},
				"east": {"uv": [0, 0, 8, 16], "texture": "#1"},
				"south": {"uv": [0, 0, 8, 16], "texture": "#1"},
				"west": {"uv": [0, 0, 8, 16], "texture": "#1"},
				"up": {"uv": [0, 0, 16, 16], "texture": "#1"},
				"down": {"uv": [0, 0, 16, 16], "texture": "#1"}
			}
		},
		{
			"from": [7.6, 13.1, 6.6],
			"to": [9.4, 14.9, 8.4],
			"rotation": {"angle": 0, "axis": "y", "origin": [8, 13, 7]},
			"faces": {
				"north": {"uv": [1, 1, 15, 15], "texture": "#2"},
				"east": {"uv": [1, 1, 15, 15], "texture": "#2"},
				"south": {"uv": [1, 1, 15, 15], "texture": "#2"},
				"west": {"uv": [1, 1, 15, 15], "texture": "#2"},
				"up": {"uv": [0, 0, 1, 1], "texture": "#2"},
				"down": {"uv": [0, 0, 1, 1], "texture": "#2"}
			}
		},
		{
			"from": [9.5, 14.5, 5.5],
			"to": [12.5, 17.5, 9.5],
			"rotation": {"angle": 0, "axis": "y", "origin": [11, 17, 7]},
			"faces": {
				"north": {"uv": [0, 0, 0, 0], "texture": "#2"},
				"east": {"uv": [0, 0, 16, 16], "texture": "#2"},
				"south": {"uv": [0, 0, 10, 1], "texture": "#2"},
				"west": {"uv": [0, 0, 10, 1], "texture": "#2"},
				"up": {"uv": [0, 0, 10, 1], "texture": "#2"},
				"down": {"uv": [0, 0, 10, 1], "texture": "#2"}
			}
		},
		{
			"from": [5.5, 14.5, 6.5],
			"to": [11.5, 17.5, 10.5],
			"rotation": {"angle": 0, "axis": "y", "origin": [9, 17, 8]},
			"faces": {
				"north": {"uv": [0, 0, 3, 0], "texture": "#2"},
				"east": {"uv": [0, 0, 11, 1], "texture": "#2"},
				"south": {"uv": [0, 0, 16, 16], "texture": "#2"},
				"west": {"uv": [0, 0, 12, 1], "texture": "#2"},
				"up": {"uv": [0, 0, 12, 1], "texture": "#2"},
				"down": {"uv": [0, 0, 12, 1], "texture": "#2"}
			}
		},
		{
			"from": [4.5, 14.5, 5.5],
			"to": [7.5, 17.5, 9.5],
			"rotation": {"angle": 0, "axis": "y", "origin": [6, 17, 7]},
			"faces": {
				"north": {"uv": [0, 0, 0, 0], "texture": "#2"},
				"east": {"uv": [0, 0, 1, 0], "texture": "#2"},
				"south": {"uv": [0, 0, 0, 0], "texture": "#2"},
				"west": {"uv": [0, 0, 16, 16], "texture": "#2"},
				"up": {"uv": [0, 0, 0, 1], "texture": "#2"},
				"down": {"uv": [0, 0, 0, 1], "texture": "#2"}
			}
		},
		{
			"from": [5.5, 14.5, 4.5],
			"to": [11.5, 17.5, 8.5],
			"rotation": {"angle": 0, "axis": "y", "origin": [9, 17, 6]},
			"faces": {
				"north": {"uv": [0, 0, 16, 16], "texture": "#2"},
				"east": {"uv": [0, 0, 1, 0], "texture": "#2"},
				"south": {"uv": [0, 0, 3, 0], "texture": "#2"},
				"west": {"uv": [0, 0, 1, 0], "texture": "#2"},
				"up": {"uv": [0, 0, 3, 1], "texture": "#2"},
				"down": {"uv": [0, 0, 3, 1], "texture": "#2"}
			}
		},
		{
			"from": [8, 4.5, 7],
			"to": [9, 13.5, 8],
			"rotation": {"angle": 0, "axis": "y", "origin": [8, 5, 7]},
			"faces": {
				"north": {"uv": [0, 0, 1, 16], "texture": "#2"},
				"east": {"uv": [0, 0, 1, 16], "texture": "#2"},
				"south": {"uv": [0, 0, 1, 16], "texture": "#2"},
				"west": {"uv": [0, 0, 1, 9], "texture": "#2"},
				"up": {"uv": [0, 0, 1, 1], "texture": "#2"},
				"down": {"uv": [0, 0, 1, 1], "texture": "#2"}
			}
		},
		{
			"from": [5, 14, 5],
			"to": [12, 18, 10],
			"rotation": {"angle": 0, "axis": "y", "origin": [8, 15, 7]},
			"faces": {
				"north": {"uv": [0, 0, 16, 16], "texture": "#2"},
				"east": {"uv": [0, 0, 16, 16], "texture": "#2"},
				"south": {"uv": [0, 0, 16, 16], "texture": "#2"},
				"west": {"uv": [0, 0, 16, 16], "texture": "#2"},
				"up": {"uv": [0, 0, 16, 16], "texture": "#2"},
				"down": {"uv": [0, 0, 16, 16], "texture": "#2"}
			}
		},
		{
			"from": [6.5, 15.5, 5.5],
			"to": [10.5, 18.5, 9.5],
			"rotation": {"angle": 0, "axis": "y", "origin": [8, 18, 7]},
			"faces": {
				"north": {"uv": [0, 0, 1, 0], "texture": "#2"},
				"east": {"uv": [0, 0, 1, 0], "texture": "#2"},
				"south": {"uv": [0, 0, 1, 0], "texture": "#2"},
				"west": {"uv": [0, 0, 1, 0], "texture": "#2"},
				"up": {"uv": [0, 0, 16, 16], "texture": "#2"},
				"down": {"uv": [0, 0, 1, 1], "texture": "#2"}
			}
		}
	],
	"display": {
		"thirdperson_righthand": {
			"rotation": [0, 90, 0],
			"translation": [1, 3.5, 0]
		},
		"thirdperson_lefthand": {
			"rotation": [0, 88, 0],
			"translation": [0.75, 3.75, -0.75]
		},
		"firstperson_righthand": {
			"translation": [-1, 0, 0]
		},
		"ground": {
			"rotation": [90, 90, 0],
			"translation": [0.5, 4.75, 0],
			"scale": [0.96, 1, 1]
		},
		"gui": {
			"rotation": [0, 0, 45],
			"translation": [1.25, -2, 0]
		},
		"head": {
			"translation": [0, 14.75, 0]
		},
		"fixed": {
			"translation": [0, -1, -0.25]
		}
	},
	"groups": [
		0,
		1,
		2,
		{
			"name": "mazo",
			"origin": [8, 0, 7],
			"color": 0,
			"children": [3, 4, 5, 6, 7, 8, 9, 10]
		}
	]
}