{
    "parent": "item/handheld",
    "textures": {
        "layer0": "items/diamond_hoe"
    },
	
		  "overrides": [
	    { "predicate": { "damaged": 0, "damage": 0.991672 },"model": "item/geokeyover" },				  
	    { "predicate": { "damaged": 0, "damage": 0.992312 },"model": "item/geokeynether" },		  
	    { "predicate": { "damaged": 0, "damage": 0.992953 },"model": "item/geokeyend" },
	    { "predicate": { "damaged": 0, "damage": 0.993593 },"model": "item/shearsespecial" },
	    { "predicate": { "damaged": 0, "damage": 0.994234 },"model": "item/varitaflor" },
	    { "predicate": { "damaged": 0, "damage": 0.994875 },"model": "item/varitacultivo" },
	    { "predicate": { "damaged": 0, "damage": 0.995515 },"model": "item/varitacamino" },
	    { "predicate": { "damaged": 0, "damage": 0.996156 },"model": "item/varitahielo" },
        { "predicate": { "damaged": 0, "damage": 0.996796 },"model": "item/insignia" },
        { "predicate": { "damaged": 0, "damage": 0.997437 },"model": "item/cascara_fortalecida" },
        { "predicate": { "damaged": 0, "damage": 0.998078 },"model": "item/cascara" },
        { "predicate": { "damaged": 0, "damage": 0.998718 },"model": "item/geokeydorada" },
	    { "predicate": { "damaged": 0, "damage": 0.999359 },"model": "item/geokeyvoto" },
		{ "predicate": { "damaged": 1, "damage": 0.0 }, "model": "item/diamond_hoe" }
  ]
}
