{
	"credit": "Made with Blockbench",
	"parent": "minecraft:block/template_chorus_flower",
	"textures": {
		"particle": "block/chorus_plant_flower_petal",
		"texture": "block/chorus_plant_flower_petal",
		"center": "block/chorus_plant_flower_center",
		"texture1": "block/chorus_plant_flower_fur"
	},
	"elements": [
		{
			"name": "Box1",
			"from": [4, 0, 4],
			"to": [12, 2, 12],
			"faces": {
				"north": {"uv": [8, 14, 16, 16], "texture": "#center"},
				"east": {"uv": [8, 14, 16, 16], "texture": "#center"},
				"south": {"uv": [8, 14, 16, 16], "texture": "#center"},
				"west": {"uv": [8, 14, 16, 16], "texture": "#center"},
				"up": {"uv": [0, 0, 8, 8], "texture": "#center"},
				"down": {"uv": [0, 8, 8, 16], "texture": "#center"}
			}
		},
		{
			"name": "PlaneY2",
			"from": [4.5, 1.125, 16],
			"to": [20.5, 1.126, 32],
			"shade": false,
			"rotation": {"angle": 45, "axis": "y", "origin": [4.5, 1.125, 16]},
			"faces": {
				"up": {"uv": [0, 0, 16, 16], "rotation": 180, "texture": "#texture"},
				"down": {"uv": [0, 0, 16, 16], "texture": "#texture"}
			}
		},
		{
			"name": "PlaneY2",
			"from": [0, 1.25, 4.5],
			"to": [16, 1.251, 20.5],
			"shade": false,
			"rotation": {"angle": -45, "axis": "y", "origin": [0, 1.25, 4.5]},
			"faces": {
				"up": {"uv": [0, 0, 16, 16], "rotation": 180, "texture": "#texture"},
				"down": {"uv": [0, 0, 16, 16], "texture": "#texture"}
			}
		},
		{
			"name": "PlaneY2",
			"from": [-4.5, 1.375, -16],
			"to": [11.5, 1.376, 0],
			"shade": false,
			"rotation": {"angle": 45, "axis": "y", "origin": [11.5, 1.375, 0]},
			"faces": {
				"up": {"uv": [0, 0, 16, 16], "texture": "#texture"},
				"down": {"uv": [0, 0, 16, 16], "rotation": 180, "texture": "#texture"}
			}
		},
		{
			"name": "PlaneY2",
			"from": [0, 1, -4.5],
			"to": [16, 1.001, 11.5],
			"shade": false,
			"rotation": {"angle": -45, "axis": "y", "origin": [16, 1, 11.5]},
			"faces": {
				"up": {"uv": [0, 0, 16, 16], "texture": "#texture"},
				"down": {"uv": [0, 0, 16, 16], "rotation": 180, "texture": "#texture"}
			}
		},
		{
			"name": "PlaneX6",
			"from": [11, 0.999, 0.5],
			"to": [20, 1, 16.5],
			"shade": false,
			"rotation": {"angle": 22.5, "axis": "z", "origin": [11, 1, 0.5]},
			"faces": {
				"up": {"uv": [16, 16, 0, 7], "rotation": 270, "texture": "#texture"},
				"down": {"uv": [0, 7, 16, 16], "rotation": 90, "texture": "#texture"}
			}
		},
		{
			"name": "PlaneX6",
			"from": [19.25, 4.374, 0.5],
			"to": [28.25, 4.375, 16.5],
			"shade": false,
			"faces": {
				"up": {"uv": [16, 9, 0, 0], "rotation": 270, "texture": "#texture"},
				"down": {"uv": [0, 0, 16, 9], "rotation": 90, "texture": "#texture"}
			}
		},
		{
			"name": "PlaneY11",
			"from": [-3, 0.999, 0],
			"to": [5, 1, 16],
			"shade": false,
			"rotation": {"angle": -22.5, "axis": "z", "origin": [5, 1, 0]},
			"faces": {
				"up": {"uv": [0, 8, 16, 16], "rotation": 270, "texture": "#texture"},
				"down": {"uv": [0, 8, 16, 16], "rotation": 270, "texture": "#texture"}
			}
		},
		{
			"name": "PlaneY11",
			"from": [-10.375, 3.999, 0],
			"to": [-2.375, 4, 16],
			"shade": false,
			"faces": {
				"up": {"uv": [0, 0, 16, 8], "rotation": 270, "texture": "#texture"},
				"down": {"uv": [0, 0, 16, 8], "rotation": 270, "texture": "#texture"}
			}
		},
		{
			"name": "PlaneY13",
			"from": [-0.5, 1, 11],
			"to": [15.5, 1.001, 20],
			"shade": false,
			"rotation": {"angle": -22.5, "axis": "x", "origin": [-0.5, 1, 11]},
			"faces": {
				"up": {"uv": [0, 7, 16, 16], "rotation": 180, "texture": "#texture"},
				"down": {"uv": [0, 7, 16, 16], "texture": "#texture"}
			}
		},
		{
			"name": "PlaneY13",
			"from": [-0.5, 4.5, 19.25],
			"to": [15.5, 4.501, 28.25],
			"shade": false,
			"faces": {
				"up": {"uv": [0, 0, 16, 9], "rotation": 180, "texture": "#texture"},
				"down": {"uv": [0, 0, 16, 9], "texture": "#texture"}
			}
		},
		{
			"name": "PlaneY18",
			"from": [1, 0.999, -4],
			"to": [17, 1, 5],
			"shade": false,
			"rotation": {"angle": 22.5, "axis": "x", "origin": [1, 1, 5]},
			"faces": {
				"up": {"uv": [0, 8, 16, 16], "texture": "#texture"},
				"down": {"uv": [0, 8, 16, 16], "rotation": 180, "texture": "#texture"}
			}
		},
		{
			"name": "PlaneY18",
			"from": [1, 4.374, -12.25],
			"to": [17, 4.375, -3.25],
			"shade": false,
			"rotation": {"angle": 0, "axis": "y", "origin": [1, 4.375, -3.25]},
			"faces": {
				"up": {"uv": [0, 0, 16, 8], "texture": "#texture"},
				"down": {"uv": [0, 0, 16, 8], "rotation": 180, "texture": "#texture"}
			}
		},
		{
			"name": "PlaneX20",
			"from": [2, 1, 2],
			"to": [2.001, 8, 18],
			"shade": false,
			"rotation": {"angle": 45, "axis": "y", "origin": [2, 1, 2]},
			"faces": {
				"east": {"uv": [0, 9, 16, 16], "texture": "#texture1"},
				"west": {"uv": [0, 9, 16, 16], "texture": "#texture1"}
			}
		},
		{
			"name": "PlaneX20",
			"from": [14, 1, 2],
			"to": [14.001, 8, 18],
			"shade": false,
			"rotation": {"angle": -45, "axis": "y", "origin": [14, 1, 2]},
			"faces": {
				"east": {"uv": [0, 9, 16, 16], "texture": "#texture1"},
				"west": {"uv": [0, 9, 16, 16], "texture": "#texture1"}
			}
		}
	]
}