{
    "__comment": "Model generated using MrCrayfish's Model Creator (https://mrcrayfish.com/tools?id=mc)",
    "textures": {
        "1": "minecraft:block/yellow_terracotta",
        "2": "minecraft:block/brown_wool",
        "3": "minecraft:block/lime_terracotta",
        "4": "minecraft:block/red_wool",
        "5": "minecraft:block/sandstone_top",
        "quartz_block_side": "minecraft:block/quartz_block_side"
    },
	"display": {
        "ground": {
            "rotation": [ 0, 0, 0 ],
            "translation": [ 0, 2.5, 0 ],
            "scale": [ 0.5, 0.5, 0.5 ]
        },	
        "firstperson_lefthand": {
            "rotation": [ 75, 0, 0 ],
            "translation": [ 0, 2.5, 0 ],
            "scale": [ 0.4, 0.4, 0.4 ]
        },	
        "firstperson_righthand": {
            "rotation": [ 75, 0, 0 ],
            "translation": [ 0, 2.5, 0 ],
            "scale": [ 0.4, 0.4, 0.4 ]
        },		
        "thirdperson_lefthand": {
            "rotation": [ 75, 0, 0 ],
            "translation": [ 0, 2.5, 0 ],
            "scale": [ 0.4, 0.4, 0.4 ]
        },	
        "thirdperson_righthand": {
            "rotation": [ 75, 0, 0 ],
            "translation": [ 0, 2.5, 0 ],
            "scale": [ 0.4, 0.4, 0.4 ]
        },	
        "gui": {
            "rotation": [ 60, 45, 0 ],
            "translation": [ 0, 2, 0 ],
            "scale": [ 0.625, 0.625, 0.625 ]
        },	
        "fixed": {
            "rotation": [ 90, 180, 180 ],
            "translation": [ 0, 0, -7 ],
            "scale": [ 1, 1, 1 ]
        },	
        "head": {
            "rotation": [ -30, 0, 0 ],
            "translation": [ 0, -30.75, -7.25 ],
            "scale": [  3.0125,  3.0125,  3.0125 ]
        }
	},		

    "elements": [
        {
            "name": "Cube",
            "from": [ 0, 0.1, 2 ], 
            "to": [ 16, 0.6, 14 ], 
            "faces": {
                "north": { "texture": "#quartz_block_side", "uv": [ 0, 0, 16, 0.5 ] },
                "east": { "texture": "#quartz_block_side", "uv": [ 0, 0, 12, 0.5 ] },
                "south": { "texture": "#quartz_block_side", "uv": [ 0, 0, 16, 0.5 ] },
                "west": { "texture": "#quartz_block_side", "uv": [ 0, 0, 12, 0.5 ] },
                "up": { "texture": "#quartz_block_side", "uv": [ 0, 3, 16, 15 ] },
                "down": { "texture": "#quartz_block_side", "uv": [ 9, 5, 10, 6 ] }
            }
        },
        {
            "name": "Cube",
            "from": [ 1, 0.6, 4 ], 
            "to": [ 3, 1.1, 12 ], 
            "faces": {
                "north": { "texture": "#1", "uv": [ 0, 0, 2, 0.5 ] },
                "east": { "texture": "#1", "uv": [ 0, 0, 8, 0.5 ] },
                "south": { "texture": "#1", "uv": [ 0, 0, 2, 0.5 ] },
                "west": { "texture": "#1", "uv": [ 0, 0, 8, 0.5 ] },
                "up": { "texture": "#1", "uv": [ 0, 0, 2, 8 ] },
                "down": { "texture": "#1", "uv": [ 0, 0, 2, 8 ] }
            }
        },
        {
            "name": "Cube",
            "from": [ 5, 0.6, 4 ], 
            "to": [ 7, 1.1, 12 ], 
            "faces": {
                "north": { "texture": "#1", "uv": [ 0, 0, 2, 0.5 ] },
                "east": { "texture": "#1", "uv": [ 0, 0, 8, 0.5 ] },
                "south": { "texture": "#1", "uv": [ 0, 0, 2, 0.5 ] },
                "west": { "texture": "#1", "uv": [ 0, 0, 8, 0.5 ] },
                "up": { "texture": "#1", "uv": [ 0, 0, 2, 8 ] },
                "down": { "texture": "#1", "uv": [ 0, 0, 2, 8 ] }
            }
        },
        {
            "name": "Cube",
            "from": [ 9, 0.6, 4 ], 
            "to": [ 11, 1.1, 12 ], 
            "faces": {
                "north": { "texture": "#1", "uv": [ 0, 0, 2, 0.5 ] },
                "east": { "texture": "#1", "uv": [ 0, 0, 8, 0.5 ] },
                "south": { "texture": "#1", "uv": [ 0, 0, 2, 0.5 ] },
                "west": { "texture": "#1", "uv": [ 0, 0, 8, 0.5 ] },
                "up": { "texture": "#1", "uv": [ 0, 0, 2, 8 ] },
                "down": { "texture": "#1", "uv": [ 0, 0, 2, 8 ] }
            }
        },
        {
            "name": "Cube",
            "from": [ 13, 0.6, 4 ], 
            "to": [ 15, 1.1, 12 ], 
            "faces": {
                "north": { "texture": "#1", "uv": [ 0, 0, 2, 0.5 ] },
                "east": { "texture": "#1", "uv": [ 0, 0, 8, 0.5 ] },
                "south": { "texture": "#1", "uv": [ 0, 0, 2, 0.5 ] },
                "west": { "texture": "#1", "uv": [ 0, 0, 8, 0.5 ] },
                "up": { "texture": "#1", "uv": [ 0, 0, 2, 8 ] },
                "down": { "texture": "#1", "uv": [ 0, 0, 2, 8 ] }
            }
        },
        {
            "name": "Cube",
            "from": [ 0.5, 1, 4 ], 
            "to": [ 1, 2, 12 ], 
            "faces": {
                "north": { "texture": "#1", "uv": [ 0, 0, 0.5, 1 ] },
                "east": { "texture": "#1", "uv": [ 0, 0, 8, 1 ] },
                "south": { "texture": "#1", "uv": [ 0, 0, 0.5, 1 ] },
                "west": { "texture": "#1", "uv": [ 0, 0, 8, 1 ] },
                "up": { "texture": "#1", "uv": [ 0, 0, 0.5, 8 ] },
                "down": { "texture": "#1", "uv": [ 0, 0, 0.5, 8 ] }
            }
        },
        {
            "name": "Cube",
            "from": [ 0.5, 2, 5 ], 
            "to": [ 1, 3, 11 ], 
            "faces": {
                "north": { "texture": "#1", "uv": [ 0, 0, 0.5, 1 ] },
                "east": { "texture": "#1", "uv": [ 0, 0, 6, 1 ] },
                "south": { "texture": "#1", "uv": [ 0, 0, 0.5, 1 ] },
                "west": { "texture": "#1", "uv": [ 0, 0, 6, 1 ] },
                "up": { "texture": "#1", "uv": [ 0, 0, 0.5, 6 ] },
                "down": { "texture": "#1", "uv": [ 0, 0, 0.5, 6 ] }
            }
        },
        {
            "name": "Cube",
            "from": [ 0.5, 3, 6 ], 
            "to": [ 1, 4, 10 ], 
            "faces": {
                "north": { "texture": "#1", "uv": [ 0, 0, 0.5, 1 ] },
                "east": { "texture": "#1", "uv": [ 0, 0, 4, 1 ] },
                "south": { "texture": "#1", "uv": [ 0, 0, 0.5, 1 ] },
                "west": { "texture": "#1", "uv": [ 0, 0, 4, 1 ] },
                "up": { "texture": "#1", "uv": [ 0, 0, 0.5, 4 ] },
                "down": { "texture": "#1", "uv": [ 0, 0, 0.5, 4 ] }
            }
        },
        {
            "name": "Cube",
            "from": [ 3, 1, 4 ], 
            "to": [ 3.5, 2, 12 ], 
            "faces": {
                "north": { "texture": "#1", "uv": [ 0, 0, 0.5, 1 ] },
                "east": { "texture": "#1", "uv": [ 0, 0, 8, 1 ] },
                "south": { "texture": "#1", "uv": [ 0, 0, 0.5, 1 ] },
                "west": { "texture": "#1", "uv": [ 0, 0, 8, 1 ] },
                "up": { "texture": "#1", "uv": [ 0, 0, 0.5, 8 ] },
                "down": { "texture": "#1", "uv": [ 0, 0, 0.5, 8 ] }
            }
        },
        {
            "name": "Cube",
            "from": [ 3, 2, 5 ], 
            "to": [ 3.5, 3, 11 ], 
            "faces": {
                "north": { "texture": "#1", "uv": [ 0, 0, 0.5, 1 ] },
                "east": { "texture": "#1", "uv": [ 0, 0, 6, 1 ] },
                "south": { "texture": "#1", "uv": [ 0, 0, 0.5, 1 ] },
                "west": { "texture": "#1", "uv": [ 0, 0, 6, 1 ] },
                "up": { "texture": "#1", "uv": [ 0, 0, 0.5, 6 ] },
                "down": { "texture": "#1", "uv": [ 0, 0, 0.5, 6 ] }
            }
        },
        {
            "name": "Cube",
            "from": [ 3, 3, 6 ], 
            "to": [ 3.5, 4, 10 ], 
            "faces": {
                "north": { "texture": "#1", "uv": [ 0, 0, 0.5, 1 ] },
                "east": { "texture": "#1", "uv": [ 0, 0, 4, 1 ] },
                "south": { "texture": "#1", "uv": [ 0, 0, 0.5, 1 ] },
                "west": { "texture": "#1", "uv": [ 0, 0, 4, 1 ] },
                "up": { "texture": "#1", "uv": [ 0, 0, 0.5, 4 ] },
                "down": { "texture": "#1", "uv": [ 0, 0, 0.5, 4 ] }
            }
        },
        {
            "name": "Cube",
            "from": [ 4.5, 1, 4 ], 
            "to": [ 5, 2, 12 ], 
            "faces": {
                "north": { "texture": "#1", "uv": [ 0, 0, 0.5, 1 ] },
                "east": { "texture": "#1", "uv": [ 0, 0, 8, 1 ] },
                "south": { "texture": "#1", "uv": [ 0, 0, 0.5, 1 ] },
                "west": { "texture": "#1", "uv": [ 0, 0, 8, 1 ] },
                "up": { "texture": "#1", "uv": [ 0, 0, 0.5, 8 ] },
                "down": { "texture": "#1", "uv": [ 0, 0, 0.5, 8 ] }
            }
        },
        {
            "name": "Cube",
            "from": [ 4.5, 2, 5 ], 
            "to": [ 5, 3, 11 ], 
            "faces": {
                "north": { "texture": "#1", "uv": [ 0, 0, 0.5, 1 ] },
                "east": { "texture": "#1", "uv": [ 0, 0, 6, 1 ] },
                "south": { "texture": "#1", "uv": [ 0, 0, 0.5, 1 ] },
                "west": { "texture": "#1", "uv": [ 0, 0, 6, 1 ] },
                "up": { "texture": "#1", "uv": [ 0, 0, 0.5, 6 ] },
                "down": { "texture": "#1", "uv": [ 0, 0, 0.5, 6 ] }
            }
        },
        {
            "name": "Cube",
            "from": [ 4.5, 3, 6 ], 
            "to": [ 5, 4, 10 ], 
            "faces": {
                "north": { "texture": "#1", "uv": [ 0, 0, 0.5, 1 ] },
                "east": { "texture": "#1", "uv": [ 0, 0, 4, 1 ] },
                "south": { "texture": "#1", "uv": [ 0, 0, 0.5, 1 ] },
                "west": { "texture": "#1", "uv": [ 0, 0, 4, 1 ] },
                "up": { "texture": "#1", "uv": [ 0, 0, 0.5, 4 ] },
                "down": { "texture": "#1", "uv": [ 0, 0, 0.5, 4 ] }
            }
        },
        {
            "name": "Cube",
            "from": [ 7, 1, 4 ], 
            "to": [ 7.5, 2, 12 ], 
            "faces": {
                "north": { "texture": "#1", "uv": [ 0, 0, 0.5, 1 ] },
                "east": { "texture": "#1", "uv": [ 0, 0, 8, 1 ] },
                "south": { "texture": "#1", "uv": [ 0, 0, 0.5, 1 ] },
                "west": { "texture": "#1", "uv": [ 0, 0, 8, 1 ] },
                "up": { "texture": "#1", "uv": [ 0, 0, 0.5, 8 ] },
                "down": { "texture": "#1", "uv": [ 0, 0, 0.5, 8 ] }
            }
        },
        {
            "name": "Cube",
            "from": [ 7, 2, 5 ], 
            "to": [ 7.5, 3, 11 ], 
            "faces": {
                "north": { "texture": "#1", "uv": [ 0, 0, 0.5, 1 ] },
                "east": { "texture": "#1", "uv": [ 0, 0, 6, 1 ] },
                "south": { "texture": "#1", "uv": [ 0, 0, 0.5, 1 ] },
                "west": { "texture": "#1", "uv": [ 0, 0, 6, 1 ] },
                "up": { "texture": "#1", "uv": [ 0, 0, 0.5, 6 ] },
                "down": { "texture": "#1", "uv": [ 0, 0, 0.5, 6 ] }
            }
        },
        {
            "name": "Cube",
            "from": [ 7, 3, 6 ], 
            "to": [ 7.5, 4, 10 ], 
            "faces": {
                "north": { "texture": "#1", "uv": [ 0, 0, 0.5, 1 ] },
                "east": { "texture": "#1", "uv": [ 0, 0, 4, 1 ] },
                "south": { "texture": "#1", "uv": [ 0, 0, 0.5, 1 ] },
                "west": { "texture": "#1", "uv": [ 0, 0, 4, 1 ] },
                "up": { "texture": "#1", "uv": [ 0, 0, 0.5, 4 ] },
                "down": { "texture": "#1", "uv": [ 0, 0, 0.5, 4 ] }
            }
        },
        {
            "name": "Cube",
            "from": [ 8.5, 1, 4 ], 
            "to": [ 9, 2, 12 ], 
            "faces": {
                "north": { "texture": "#1", "uv": [ 0, 0, 0.5, 1 ] },
                "east": { "texture": "#1", "uv": [ 0, 0, 8, 1 ] },
                "south": { "texture": "#1", "uv": [ 0, 0, 0.5, 1 ] },
                "west": { "texture": "#1", "uv": [ 0, 0, 8, 1 ] },
                "up": { "texture": "#1", "uv": [ 0, 0, 0.5, 8 ] },
                "down": { "texture": "#1", "uv": [ 0, 0, 0.5, 8 ] }
            }
        },
        {
            "name": "Cube",
            "from": [ 8.5, 2, 5 ], 
            "to": [ 9, 3, 11 ], 
            "faces": {
                "north": { "texture": "#1", "uv": [ 0, 0, 0.5, 1 ] },
                "east": { "texture": "#1", "uv": [ 0, 0, 6, 1 ] },
                "south": { "texture": "#1", "uv": [ 0, 0, 0.5, 1 ] },
                "west": { "texture": "#1", "uv": [ 0, 0, 6, 1 ] },
                "up": { "texture": "#1", "uv": [ 0, 0, 0.5, 6 ] },
                "down": { "texture": "#1", "uv": [ 0, 0, 0.5, 6 ] }
            }
        },
        {
            "name": "Cube",
            "from": [ 8.5, 3, 6 ], 
            "to": [ 9, 4, 10 ], 
            "faces": {
                "north": { "texture": "#1", "uv": [ 0, 0, 0.5, 1 ] },
                "east": { "texture": "#1", "uv": [ 0, 0, 4, 1 ] },
                "south": { "texture": "#1", "uv": [ 0, 0, 0.5, 1 ] },
                "west": { "texture": "#1", "uv": [ 0, 0, 4, 1 ] },
                "up": { "texture": "#1", "uv": [ 0, 0, 0.5, 4 ] },
                "down": { "texture": "#1", "uv": [ 0, 0, 0.5, 4 ] }
            }
        },
        {
            "name": "Cube",
            "from": [ 11, 1, 4 ], 
            "to": [ 11.5, 2, 12 ], 
            "faces": {
                "north": { "texture": "#1", "uv": [ 0, 0, 0.5, 1 ] },
                "east": { "texture": "#1", "uv": [ 0, 0, 8, 1 ] },
                "south": { "texture": "#1", "uv": [ 0, 0, 0.5, 1 ] },
                "west": { "texture": "#1", "uv": [ 0, 0, 8, 1 ] },
                "up": { "texture": "#1", "uv": [ 0, 0, 0.5, 8 ] },
                "down": { "texture": "#1", "uv": [ 0, 0, 0.5, 8 ] }
            }
        },
        {
            "name": "Cube",
            "from": [ 11, 2, 5 ], 
            "to": [ 11.5, 3, 11 ], 
            "faces": {
                "north": { "texture": "#1", "uv": [ 0, 0, 0.5, 1 ] },
                "east": { "texture": "#1", "uv": [ 0, 0, 6, 1 ] },
                "south": { "texture": "#1", "uv": [ 0, 0, 0.5, 1 ] },
                "west": { "texture": "#1", "uv": [ 0, 0, 6, 1 ] },
                "up": { "texture": "#1", "uv": [ 0, 0, 0.5, 6 ] },
                "down": { "texture": "#1", "uv": [ 0, 0, 0.5, 6 ] }
            }
        },
        {
            "name": "Cube",
            "from": [ 11, 3, 6 ], 
            "to": [ 11.5, 4, 10 ], 
            "faces": {
                "north": { "texture": "#1", "uv": [ 0, 0, 0.5, 1 ] },
                "east": { "texture": "#1", "uv": [ 0, 0, 4, 1 ] },
                "south": { "texture": "#1", "uv": [ 0, 0, 0.5, 1 ] },
                "west": { "texture": "#1", "uv": [ 0, 0, 4, 1 ] },
                "up": { "texture": "#1", "uv": [ 0, 0, 0.5, 4 ] },
                "down": { "texture": "#1", "uv": [ 0, 0, 0.5, 4 ] }
            }
        },
        {
            "name": "Cube",
            "from": [ 12.5, 1, 4 ], 
            "to": [ 13, 2, 12 ], 
            "faces": {
                "north": { "texture": "#1", "uv": [ 0, 0, 0.5, 1 ] },
                "east": { "texture": "#1", "uv": [ 0, 0, 8, 1 ] },
                "south": { "texture": "#1", "uv": [ 0, 0, 0.5, 1 ] },
                "west": { "texture": "#1", "uv": [ 0, 0, 8, 1 ] },
                "up": { "texture": "#1", "uv": [ 0, 0, 0.5, 8 ] },
                "down": { "texture": "#1", "uv": [ 0, 0, 0.5, 8 ] }
            }
        },
        {
            "name": "Cube",
            "from": [ 12.5, 2, 5 ], 
            "to": [ 13, 3, 11 ], 
            "faces": {
                "north": { "texture": "#1", "uv": [ 0, 0, 0.5, 1 ] },
                "east": { "texture": "#1", "uv": [ 0, 0, 6, 1 ] },
                "south": { "texture": "#1", "uv": [ 0, 0, 0.5, 1 ] },
                "west": { "texture": "#1", "uv": [ 0, 0, 6, 1 ] },
                "up": { "texture": "#1", "uv": [ 0, 0, 0.5, 6 ] },
                "down": { "texture": "#1", "uv": [ 0, 0, 0.5, 6 ] }
            }
        },
        {
            "name": "Cube",
            "from": [ 12.5, 3, 6 ], 
            "to": [ 13, 4, 10 ], 
            "faces": {
                "north": { "texture": "#1", "uv": [ 0, 0, 0.5, 1 ] },
                "east": { "texture": "#1", "uv": [ 0, 0, 4, 1 ] },
                "south": { "texture": "#1", "uv": [ 0, 0, 0.5, 1 ] },
                "west": { "texture": "#1", "uv": [ 0, 0, 4, 1 ] },
                "up": { "texture": "#1", "uv": [ 0, 0, 0.5, 4 ] },
                "down": { "texture": "#1", "uv": [ 0, 0, 0.5, 4 ] }
            }
        },
        {
            "name": "Cube",
            "from": [ 15, 1, 4 ], 
            "to": [ 15.5, 2, 12 ], 
            "faces": {
                "north": { "texture": "#1", "uv": [ 0, 0, 0.5, 1 ] },
                "east": { "texture": "#1", "uv": [ 0, 0, 8, 1 ] },
                "south": { "texture": "#1", "uv": [ 0, 0, 0.5, 1 ] },
                "west": { "texture": "#1", "uv": [ 0, 0, 8, 1 ] },
                "up": { "texture": "#1", "uv": [ 0, 0, 0.5, 8 ] },
                "down": { "texture": "#1", "uv": [ 0, 0, 0.5, 8 ] }
            }
        },
        {
            "name": "Cube",
            "from": [ 15, 2, 5 ], 
            "to": [ 15.5, 3, 11 ], 
            "faces": {
                "north": { "texture": "#1", "uv": [ 0, 0, 0.5, 1 ] },
                "east": { "texture": "#1", "uv": [ 0, 0, 6, 1 ] },
                "south": { "texture": "#1", "uv": [ 0, 0, 0.5, 1 ] },
                "west": { "texture": "#1", "uv": [ 0, 0, 6, 1 ] },
                "up": { "texture": "#1", "uv": [ 0, 0, 0.5, 6 ] },
                "down": { "texture": "#1", "uv": [ 0, 0, 0.5, 6 ] }
            }
        },
        {
            "name": "Cube",
            "from": [ 15, 3, 6 ], 
            "to": [ 15.5, 4, 10 ], 
            "faces": {
                "north": { "texture": "#1", "uv": [ 0, 0, 0.5, 1 ] },
                "east": { "texture": "#1", "uv": [ 0, 0, 4, 1 ] },
                "south": { "texture": "#1", "uv": [ 0, 0, 0.5, 1 ] },
                "west": { "texture": "#1", "uv": [ 0, 0, 4, 1 ] },
                "up": { "texture": "#1", "uv": [ 0, 0, 0.5, 4 ] },
                "down": { "texture": "#1", "uv": [ 0, 0, 0.5, 4 ] }
            }
        },
        {
            "name": "Cube",
            "from": [ 1, 1.1, 5 ], 
            "to": [ 3, 2.1, 11 ], 
            "faces": {
                "north": { "texture": "#2", "uv": [ 0, 0, 2, 1 ] },
                "east": { "texture": "#2", "uv": [ 0, 0, 6, 1 ] },
                "south": { "texture": "#2", "uv": [ 0, 0, 2, 1 ] },
                "west": { "texture": "#2", "uv": [ 0, 0, 6, 1 ] },
                "up": { "texture": "#2", "uv": [ 0, 0, 2, 6 ] },
                "down": { "texture": "#2", "uv": [ 0, 0, 2, 6 ] }
            }
        },
        {
            "name": "Cube",
            "from": [ 5, 1.1, 5 ], 
            "to": [ 7, 2.1, 11 ], 
            "faces": {
                "north": { "texture": "#2", "uv": [ 0, 0, 2, 1 ] },
                "east": { "texture": "#2", "uv": [ 0, 0, 6, 1 ] },
                "south": { "texture": "#2", "uv": [ 0, 0, 2, 1 ] },
                "west": { "texture": "#2", "uv": [ 0, 0, 6, 1 ] },
                "up": { "texture": "#2", "uv": [ 0, 0, 2, 6 ] },
                "down": { "texture": "#2", "uv": [ 0, 0, 2, 6 ] }
            }
        },
        {
            "name": "Cube",
            "from": [ 9, 1.1, 5 ], 
            "to": [ 11, 2.1, 11 ], 
            "faces": {
                "north": { "texture": "#2", "uv": [ 0, 0, 2, 1 ] },
                "east": { "texture": "#2", "uv": [ 0, 0, 6, 1 ] },
                "south": { "texture": "#2", "uv": [ 0, 0, 2, 1 ] },
                "west": { "texture": "#2", "uv": [ 0, 0, 6, 1 ] },
                "up": { "texture": "#2", "uv": [ 0, 0, 2, 6 ] },
                "down": { "texture": "#2", "uv": [ 0, 0, 2, 6 ] }
            }
        },
        {
            "name": "Cube",
            "from": [ 13, 1.1, 5 ], 
            "to": [ 15, 2.1, 11 ], 
            "faces": {
                "north": { "texture": "#2", "uv": [ 0, 0, 2, 1 ] },
                "east": { "texture": "#2", "uv": [ 0, 0, 6, 1 ] },
                "south": { "texture": "#2", "uv": [ 0, 0, 2, 1 ] },
                "west": { "texture": "#2", "uv": [ 0, 0, 6, 1 ] },
                "up": { "texture": "#2", "uv": [ 0, 0, 2, 6 ] },
                "down": { "texture": "#2", "uv": [ 0, 0, 2, 6 ] }
            }
        },
        {
            "name": "Cube",
            "from": [ 14, 1.1, 4 ], 
            "to": [ 15, 2.1, 5 ], 
            "faces": {
                "north": { "texture": "#2", "uv": [ 0, 0, 1, 1 ] },
                "east": { "texture": "#2", "uv": [ 0, 0, 1, 1 ] },
                "south": { "texture": "#2", "uv": [ 0, 0, 1, 1 ] },
                "west": { "texture": "#2", "uv": [ 0, 0, 1, 1 ] },
                "up": { "texture": "#2", "uv": [ 0, 0, 1, 1 ] },
                "down": { "texture": "#2", "uv": [ 0, 0, 1, 1 ] }
            }
        },
        {
            "name": "Cube",
            "from": [ 13, 2.1, 8 ], 
            "to": [ 14, 3.1, 9 ], 
            "faces": {
                "north": { "texture": "#2", "uv": [ 0, 0, 1, 1 ] },
                "east": { "texture": "#2", "uv": [ 0, 0, 1, 1 ] },
                "south": { "texture": "#2", "uv": [ 0, 0, 1, 1 ] },
                "west": { "texture": "#2", "uv": [ 0, 0, 1, 1 ] },
                "up": { "texture": "#2", "uv": [ 0, 0, 1, 1 ] },
                "down": { "texture": "#2", "uv": [ 0, 0, 1, 1 ] }
            }
        },
        {
            "name": "Cube",
            "from": [ 14, 2.1, 6 ], 
            "to": [ 15, 3.1, 7 ], 
            "faces": {
                "north": { "texture": "#2", "uv": [ 0, 0, 1, 1 ] },
                "east": { "texture": "#2", "uv": [ 0, 0, 1, 1 ] },
                "south": { "texture": "#2", "uv": [ 0, 0, 1, 1 ] },
                "west": { "texture": "#2", "uv": [ 0, 0, 1, 1 ] },
                "up": { "texture": "#2", "uv": [ 0, 0, 1, 1 ] },
                "down": { "texture": "#2", "uv": [ 0, 0, 1, 1 ] }
            }
        },
        {
            "name": "Cube",
            "from": [ 13, 2.1, 7 ], 
            "to": [ 14, 3.1, 8 ], 
            "faces": {
                "north": { "texture": "#2", "uv": [ 0, 0, 1, 1 ] },
                "east": { "texture": "#2", "uv": [ 0, 0, 1, 1 ] },
                "south": { "texture": "#2", "uv": [ 0, 0, 1, 1 ] },
                "west": { "texture": "#2", "uv": [ 0, 0, 1, 1 ] },
                "up": { "texture": "#2", "uv": [ 0, 0, 1, 1 ] },
                "down": { "texture": "#2", "uv": [ 0, 0, 1, 1 ] }
            }
        },
        {
            "name": "Cube",
            "from": [ 13, 3.1, 7 ], 
            "to": [ 14, 4.1, 8 ], 
            "faces": {
                "north": { "texture": "#2", "uv": [ 0, 0, 1, 1 ] },
                "east": { "texture": "#2", "uv": [ 0, 0, 1, 1 ] },
                "south": { "texture": "#2", "uv": [ 0, 0, 1, 1 ] },
                "west": { "texture": "#2", "uv": [ 0, 0, 1, 1 ] },
                "up": { "texture": "#2", "uv": [ 0, 0, 1, 1 ] },
                "down": { "texture": "#2", "uv": [ 0, 0, 1, 1 ] }
            }
        },
        {
            "name": "Cube",
            "from": [ 14, 2.1, 10 ], 
            "to": [ 15, 3.1, 11 ], 
            "faces": {
                "north": { "texture": "#2", "uv": [ 0, 0, 1, 1 ] },
                "east": { "texture": "#2", "uv": [ 0, 0, 1, 1 ] },
                "south": { "texture": "#2", "uv": [ 0, 0, 1, 1 ] },
                "west": { "texture": "#2", "uv": [ 0, 0, 1, 1 ] },
                "up": { "texture": "#2", "uv": [ 0, 0, 1, 1 ] },
                "down": { "texture": "#2", "uv": [ 0, 0, 1, 1 ] }
            }
        },
        {
            "name": "Cube",
            "from": [ 10, 2.1, 6 ], 
            "to": [ 11, 3.1, 7 ], 
            "faces": {
                "north": { "texture": "#2", "uv": [ 0, 0, 1, 1 ] },
                "east": { "texture": "#2", "uv": [ 0, 0, 1, 1 ] },
                "south": { "texture": "#2", "uv": [ 0, 0, 1, 1 ] },
                "west": { "texture": "#2", "uv": [ 0, 0, 1, 1 ] },
                "up": { "texture": "#2", "uv": [ 0, 0, 1, 1 ] },
                "down": { "texture": "#2", "uv": [ 0, 0, 1, 1 ] }
            }
        },
        {
            "name": "Cube",
            "from": [ 10, 2.1, 7 ], 
            "to": [ 11, 3.1, 8 ], 
            "faces": {
                "north": { "texture": "#2", "uv": [ 0, 0, 1, 1 ] },
                "east": { "texture": "#2", "uv": [ 0, 0, 1, 1 ] },
                "south": { "texture": "#2", "uv": [ 0, 0, 1, 1 ] },
                "west": { "texture": "#2", "uv": [ 0, 0, 1, 1 ] },
                "up": { "texture": "#2", "uv": [ 0, 0, 1, 1 ] },
                "down": { "texture": "#2", "uv": [ 0, 0, 1, 1 ] }
            }
        },
        {
            "name": "Cube",
            "from": [ 9, 2.1, 9 ], 
            "to": [ 10, 3.1, 10 ], 
            "faces": {
                "north": { "texture": "#2", "uv": [ 0, 0, 1, 1 ] },
                "east": { "texture": "#2", "uv": [ 0, 0, 1, 1 ] },
                "south": { "texture": "#2", "uv": [ 0, 0, 1, 1 ] },
                "west": { "texture": "#2", "uv": [ 0, 0, 1, 1 ] },
                "up": { "texture": "#2", "uv": [ 0, 0, 1, 1 ] },
                "down": { "texture": "#2", "uv": [ 0, 0, 1, 1 ] }
            }
        },
        {
            "name": "Cube",
            "from": [ 5, 2.1, 10 ], 
            "to": [ 6, 3.1, 11 ], 
            "faces": {
                "north": { "texture": "#2", "uv": [ 0, 0, 1, 1 ] },
                "east": { "texture": "#2", "uv": [ 0, 0, 1, 1 ] },
                "south": { "texture": "#2", "uv": [ 0, 0, 1, 1 ] },
                "west": { "texture": "#2", "uv": [ 0, 0, 1, 1 ] },
                "up": { "texture": "#2", "uv": [ 0, 0, 1, 1 ] },
                "down": { "texture": "#2", "uv": [ 0, 0, 1, 1 ] }
            }
        },
        {
            "name": "Cube",
            "from": [ 5, 2.1, 9 ], 
            "to": [ 6, 3.1, 10 ], 
            "faces": {
                "north": { "texture": "#2", "uv": [ 0, 0, 1, 1 ] },
                "east": { "texture": "#2", "uv": [ 0, 0, 1, 1 ] },
                "south": { "texture": "#2", "uv": [ 0, 0, 1, 1 ] },
                "west": { "texture": "#2", "uv": [ 0, 0, 1, 1 ] },
                "up": { "texture": "#2", "uv": [ 0, 0, 1, 1 ] },
                "down": { "texture": "#2", "uv": [ 0, 0, 1, 1 ] }
            }
        },
        {
            "name": "Cube",
            "from": [ 6, 2.1, 8 ], 
            "to": [ 7, 3.1, 9 ], 
            "faces": {
                "north": { "texture": "#2", "uv": [ 0, 0, 1, 1 ] },
                "east": { "texture": "#2", "uv": [ 0, 0, 1, 1 ] },
                "south": { "texture": "#2", "uv": [ 0, 0, 1, 1 ] },
                "west": { "texture": "#2", "uv": [ 0, 0, 1, 1 ] },
                "up": { "texture": "#2", "uv": [ 0, 0, 1, 1 ] },
                "down": { "texture": "#2", "uv": [ 0, 0, 1, 1 ] }
            }
        },
        {
            "name": "Cube",
            "from": [ 6, 3.1, 8 ], 
            "to": [ 7, 4.1, 9 ], 
            "faces": {
                "north": { "texture": "#2", "uv": [ 0, 0, 1, 1 ] },
                "east": { "texture": "#2", "uv": [ 0, 0, 1, 1 ] },
                "south": { "texture": "#2", "uv": [ 0, 0, 1, 1 ] },
                "west": { "texture": "#2", "uv": [ 0, 0, 1, 1 ] },
                "up": { "texture": "#2", "uv": [ 0, 0, 1, 1 ] },
                "down": { "texture": "#2", "uv": [ 0, 0, 1, 1 ] }
            }
        },
        {
            "name": "Cube",
            "from": [ 6, 2.1, 7 ], 
            "to": [ 7, 3.1, 8 ], 
            "faces": {
                "north": { "texture": "#2", "uv": [ 0, 0, 1, 1 ] },
                "east": { "texture": "#2", "uv": [ 0, 0, 1, 1 ] },
                "south": { "texture": "#2", "uv": [ 0, 0, 1, 1 ] },
                "west": { "texture": "#2", "uv": [ 0, 0, 1, 1 ] },
                "up": { "texture": "#2", "uv": [ 0, 0, 1, 1 ] },
                "down": { "texture": "#2", "uv": [ 0, 0, 1, 1 ] }
            }
        },
        {
            "name": "Cube",
            "from": [ 6, 2.1, 5 ], 
            "to": [ 7, 3.1, 6 ], 
            "faces": {
                "north": { "texture": "#2", "uv": [ 0, 0, 1, 1 ] },
                "east": { "texture": "#2", "uv": [ 0, 0, 1, 1 ] },
                "south": { "texture": "#2", "uv": [ 0, 0, 1, 1 ] },
                "west": { "texture": "#2", "uv": [ 0, 0, 1, 1 ] },
                "up": { "texture": "#2", "uv": [ 0, 0, 1, 1 ] },
                "down": { "texture": "#2", "uv": [ 0, 0, 1, 1 ] }
            }
        },
        {
            "name": "Cube",
            "from": [ 5, 2.1, 6 ], 
            "to": [ 6, 3.1, 7 ], 
            "faces": {
                "north": { "texture": "#2", "uv": [ 0, 0, 1, 1 ] },
                "east": { "texture": "#2", "uv": [ 0, 0, 1, 1 ] },
                "south": { "texture": "#2", "uv": [ 0, 0, 1, 1 ] },
                "west": { "texture": "#2", "uv": [ 0, 0, 1, 1 ] },
                "up": { "texture": "#2", "uv": [ 0, 0, 1, 1 ] },
                "down": { "texture": "#2", "uv": [ 0, 0, 1, 1 ] }
            }
        },
        {
            "name": "Cube",
            "from": [ 1, 2.1, 7 ], 
            "to": [ 2, 3.1, 8 ], 
            "faces": {
                "north": { "texture": "#2", "uv": [ 0, 0, 1, 1 ] },
                "east": { "texture": "#2", "uv": [ 0, 0, 1, 1 ] },
                "south": { "texture": "#2", "uv": [ 0, 0, 1, 1 ] },
                "west": { "texture": "#2", "uv": [ 0, 0, 1, 1 ] },
                "up": { "texture": "#2", "uv": [ 0, 0, 1, 1 ] },
                "down": { "texture": "#2", "uv": [ 0, 0, 1, 1 ] }
            }
        },
        {
            "name": "Cube",
            "from": [ 1, 2.1, 8 ], 
            "to": [ 2, 3.1, 9 ], 
            "faces": {
                "north": { "texture": "#2", "uv": [ 0, 0, 1, 1 ] },
                "east": { "texture": "#2", "uv": [ 0, 0, 1, 1 ] },
                "south": { "texture": "#2", "uv": [ 0, 0, 1, 1 ] },
                "west": { "texture": "#2", "uv": [ 0, 0, 1, 1 ] },
                "up": { "texture": "#2", "uv": [ 0, 0, 1, 1 ] },
                "down": { "texture": "#2", "uv": [ 0, 0, 1, 1 ] }
            }
        },
        {
            "name": "Cube",
            "from": [ 2, 2.1, 8 ], 
            "to": [ 3, 3.1, 9 ], 
            "faces": {
                "north": { "texture": "#2", "uv": [ 0, 0, 1, 1 ] },
                "east": { "texture": "#2", "uv": [ 0, 0, 1, 1 ] },
                "south": { "texture": "#2", "uv": [ 0, 0, 1, 1 ] },
                "west": { "texture": "#2", "uv": [ 0, 0, 1, 1 ] },
                "up": { "texture": "#2", "uv": [ 0, 0, 1, 1 ] },
                "down": { "texture": "#2", "uv": [ 0, 0, 1, 1 ] }
            }
        },
        {
            "name": "Cube",
            "from": [ 2, 2.1, 6 ], 
            "to": [ 3, 3.1, 7 ], 
            "faces": {
                "north": { "texture": "#2", "uv": [ 0, 0, 1, 1 ] },
                "east": { "texture": "#2", "uv": [ 0, 0, 1, 1 ] },
                "south": { "texture": "#2", "uv": [ 0, 0, 1, 1 ] },
                "west": { "texture": "#2", "uv": [ 0, 0, 1, 1 ] },
                "up": { "texture": "#2", "uv": [ 0, 0, 1, 1 ] },
                "down": { "texture": "#2", "uv": [ 0, 0, 1, 1 ] }
            }
        },
        {
            "name": "Cube",
            "from": [ 2, 3.1, 6 ], 
            "to": [ 3, 4.1, 7 ], 
            "faces": {
                "north": { "texture": "#2", "uv": [ 0, 0, 1, 1 ] },
                "east": { "texture": "#2", "uv": [ 0, 0, 1, 1 ] },
                "south": { "texture": "#2", "uv": [ 0, 0, 1, 1 ] },
                "west": { "texture": "#2", "uv": [ 0, 0, 1, 1 ] },
                "up": { "texture": "#2", "uv": [ 0, 0, 1, 1 ] },
                "down": { "texture": "#2", "uv": [ 0, 0, 1, 1 ] }
            }
        },
        {
            "name": "Cube",
            "from": [ 1, 2.1, 5 ], 
            "to": [ 2, 3.1, 6 ], 
            "faces": {
                "north": { "texture": "#2", "uv": [ 0, 0, 1, 1 ] },
                "east": { "texture": "#2", "uv": [ 0, 0, 1, 1 ] },
                "south": { "texture": "#2", "uv": [ 0, 0, 1, 1 ] },
                "west": { "texture": "#2", "uv": [ 0, 0, 1, 1 ] },
                "up": { "texture": "#2", "uv": [ 0, 0, 1, 1 ] },
                "down": { "texture": "#2", "uv": [ 0, 0, 1, 1 ] }
            }
        },
        {
            "name": "Cube",
            "from": [ 1, 2.1, 10 ], 
            "to": [ 2, 3.1, 11 ], 
            "faces": {
                "north": { "texture": "#2", "uv": [ 0, 0, 1, 1 ] },
                "east": { "texture": "#2", "uv": [ 0, 0, 1, 1 ] },
                "south": { "texture": "#2", "uv": [ 0, 0, 1, 1 ] },
                "west": { "texture": "#2", "uv": [ 0, 0, 1, 1 ] },
                "up": { "texture": "#2", "uv": [ 0, 0, 1, 1 ] },
                "down": { "texture": "#2", "uv": [ 0, 0, 1, 1 ] }
            }
        },
        {
            "name": "Cube",
            "from": [ 14, 2.1, 8 ], 
            "to": [ 15, 3.1, 9 ], 
            "faces": {
                "north": { "texture": "#3", "uv": [ 0, 0, 1, 1 ] },
                "east": { "texture": "#3", "uv": [ 0, 0, 1, 1 ] },
                "south": { "texture": "#3", "uv": [ 0, 0, 1, 1 ] },
                "west": { "texture": "#3", "uv": [ 0, 1, 1, 2 ] },
                "up": { "texture": "#3", "uv": [ 0, 0, 1, 1 ] },
                "down": { "texture": "#3", "uv": [ 0, 0, 1, 1 ] }
            }
        },
        {
            "name": "Cube",
            "from": [ 14, 2.1, 9 ], 
            "to": [ 15, 3.1, 10 ], 
            "faces": {
                "north": { "texture": "#3", "uv": [ 0, 0, 1, 1 ] },
                "east": { "texture": "#3", "uv": [ 0, 0, 1, 1 ] },
                "south": { "texture": "#3", "uv": [ 0, 0, 1, 1 ] },
                "west": { "texture": "#3", "uv": [ 0, 1, 1, 2 ] },
                "up": { "texture": "#3", "uv": [ 0, 0, 1, 1 ] },
                "down": { "texture": "#3", "uv": [ 0, 0, 1, 1 ] }
            }
        },
        {
            "name": "Cube",
            "from": [ 13, 2.1, 9 ], 
            "to": [ 14, 3.1, 10 ], 
            "faces": {
                "north": { "texture": "#3", "uv": [ 0, 0, 1, 1 ] },
                "east": { "texture": "#3", "uv": [ 0, 0, 1, 1 ] },
                "south": { "texture": "#3", "uv": [ 0, 0, 1, 1 ] },
                "west": { "texture": "#3", "uv": [ 0, 1, 1, 2 ] },
                "up": { "texture": "#3", "uv": [ 0, 0, 1, 1 ] },
                "down": { "texture": "#3", "uv": [ 0, 0, 1, 1 ] }
            }
        },
        {
            "name": "Cube",
            "from": [ 13, 2.1, 5 ], 
            "to": [ 14, 3.1, 6 ], 
            "faces": {
                "north": { "texture": "#3", "uv": [ 0, 0, 1, 1 ] },
                "east": { "texture": "#3", "uv": [ 0, 0, 1, 1 ] },
                "south": { "texture": "#3", "uv": [ 0, 0, 1, 1 ] },
                "west": { "texture": "#3", "uv": [ 0, 1, 1, 2 ] },
                "up": { "texture": "#3", "uv": [ 0, 0, 1, 1 ] },
                "down": { "texture": "#3", "uv": [ 0, 0, 1, 1 ] }
            }
        },
        {
            "name": "Cube",
            "from": [ 10, 2.1, 5 ], 
            "to": [ 11, 3.1, 6 ], 
            "faces": {
                "north": { "texture": "#3", "uv": [ 0, 0, 1, 1 ] },
                "east": { "texture": "#3", "uv": [ 0, 0, 1, 1 ] },
                "south": { "texture": "#3", "uv": [ 0, 0, 1, 1 ] },
                "west": { "texture": "#3", "uv": [ 0, 1, 1, 2 ] },
                "up": { "texture": "#3", "uv": [ 0, 0, 1, 1 ] },
                "down": { "texture": "#3", "uv": [ 0, 0, 1, 1 ] }
            }
        },
        {
            "name": "Cube",
            "from": [ 9, 2.1, 7 ], 
            "to": [ 10, 3.1, 8 ], 
            "faces": {
                "north": { "texture": "#3", "uv": [ 0, 0, 1, 1 ] },
                "east": { "texture": "#3", "uv": [ 0, 0, 1, 1 ] },
                "south": { "texture": "#3", "uv": [ 0, 0, 1, 1 ] },
                "west": { "texture": "#3", "uv": [ 0, 1, 1, 2 ] },
                "up": { "texture": "#3", "uv": [ 0, 0, 1, 1 ] },
                "down": { "texture": "#3", "uv": [ 0, 0, 1, 1 ] }
            }
        },
        {
            "name": "Cube",
            "from": [ 9, 2.1, 8 ], 
            "to": [ 10, 3.1, 9 ], 
            "faces": {
                "north": { "texture": "#3", "uv": [ 0, 0, 1, 1 ] },
                "east": { "texture": "#3", "uv": [ 0, 0, 1, 1 ] },
                "south": { "texture": "#3", "uv": [ 0, 0, 1, 1 ] },
                "west": { "texture": "#3", "uv": [ 0, 1, 1, 2 ] },
                "up": { "texture": "#3", "uv": [ 0, 0, 1, 1 ] },
                "down": { "texture": "#3", "uv": [ 0, 0, 1, 1 ] }
            }
        },
        {
            "name": "Cube",
            "from": [ 10, 2.1, 10 ], 
            "to": [ 11, 3.1, 11 ], 
            "faces": {
                "north": { "texture": "#3", "uv": [ 0, 0, 1, 1 ] },
                "east": { "texture": "#3", "uv": [ 0, 0, 1, 1 ] },
                "south": { "texture": "#3", "uv": [ 0, 0, 1, 1 ] },
                "west": { "texture": "#3", "uv": [ 0, 1, 1, 2 ] },
                "up": { "texture": "#3", "uv": [ 0, 0, 1, 1 ] },
                "down": { "texture": "#3", "uv": [ 0, 0, 1, 1 ] }
            }
        },
        {
            "name": "Cube",
            "from": [ 6, 2.1, 10 ], 
            "to": [ 7, 3.1, 11 ], 
            "faces": {
                "north": { "texture": "#3", "uv": [ 0, 0, 1, 1 ] },
                "east": { "texture": "#3", "uv": [ 0, 0, 1, 1 ] },
                "south": { "texture": "#3", "uv": [ 0, 0, 1, 1 ] },
                "west": { "texture": "#3", "uv": [ 0, 1, 1, 2 ] },
                "up": { "texture": "#3", "uv": [ 0, 0, 1, 1 ] },
                "down": { "texture": "#3", "uv": [ 0, 0, 1, 1 ] }
            }
        },
        {
            "name": "Cube",
            "from": [ 6, 2.1, 6 ], 
            "to": [ 7, 3.1, 7 ], 
            "faces": {
                "north": { "texture": "#3", "uv": [ 0, 0, 1, 1 ] },
                "east": { "texture": "#3", "uv": [ 0, 0, 1, 1 ] },
                "south": { "texture": "#3", "uv": [ 0, 0, 1, 1 ] },
                "west": { "texture": "#3", "uv": [ 0, 1, 1, 2 ] },
                "up": { "texture": "#3", "uv": [ 0, 0, 1, 1 ] },
                "down": { "texture": "#3", "uv": [ 0, 0, 1, 1 ] }
            }
        },
        {
            "name": "Cube",
            "from": [ 5, 2.1, 7 ], 
            "to": [ 6, 3.1, 8 ], 
            "faces": {
                "north": { "texture": "#3", "uv": [ 0, 0, 1, 1 ] },
                "east": { "texture": "#3", "uv": [ 0, 0, 1, 1 ] },
                "south": { "texture": "#3", "uv": [ 0, 0, 1, 1 ] },
                "west": { "texture": "#3", "uv": [ 0, 1, 1, 2 ] },
                "up": { "texture": "#3", "uv": [ 0, 0, 1, 1 ] },
                "down": { "texture": "#3", "uv": [ 0, 0, 1, 1 ] }
            }
        },
        {
            "name": "Cube",
            "from": [ 5, 3.1, 7 ], 
            "to": [ 6, 4.1, 8 ], 
            "faces": {
                "north": { "texture": "#3", "uv": [ 0, 0, 1, 1 ] },
                "east": { "texture": "#3", "uv": [ 0, 0, 1, 1 ] },
                "south": { "texture": "#3", "uv": [ 0, 0, 1, 1 ] },
                "west": { "texture": "#3", "uv": [ 0, 1, 1, 2 ] },
                "up": { "texture": "#3", "uv": [ 0, 0, 1, 1 ] },
                "down": { "texture": "#3", "uv": [ 0, 0, 1, 1 ] }
            }
        },
        {
            "name": "Cube",
            "from": [ 5, 2.1, 5 ], 
            "to": [ 6, 3.1, 6 ], 
            "faces": {
                "north": { "texture": "#3", "uv": [ 0, 0, 1, 1 ] },
                "east": { "texture": "#3", "uv": [ 0, 0, 1, 1 ] },
                "south": { "texture": "#3", "uv": [ 0, 0, 1, 1 ] },
                "west": { "texture": "#3", "uv": [ 0, 1, 1, 2 ] },
                "up": { "texture": "#3", "uv": [ 0, 0, 1, 1 ] },
                "down": { "texture": "#3", "uv": [ 0, 0, 1, 1 ] }
            }
        },
        {
            "name": "Cube",
            "from": [ 1, 2.1, 6 ], 
            "to": [ 2, 3.1, 7 ], 
            "faces": {
                "north": { "texture": "#3", "uv": [ 0, 0, 1, 1 ] },
                "east": { "texture": "#3", "uv": [ 0, 0, 1, 1 ] },
                "south": { "texture": "#3", "uv": [ 0, 0, 1, 1 ] },
                "west": { "texture": "#3", "uv": [ 0, 1, 1, 2 ] },
                "up": { "texture": "#3", "uv": [ 0, 0, 1, 1 ] },
                "down": { "texture": "#3", "uv": [ 0, 0, 1, 1 ] }
            }
        },
        {
            "name": "Cube",
            "from": [ 1, 2.1, 9 ], 
            "to": [ 2, 3.1, 10 ], 
            "faces": {
                "north": { "texture": "#3", "uv": [ 0, 0, 1, 1 ] },
                "east": { "texture": "#3", "uv": [ 0, 0, 1, 1 ] },
                "south": { "texture": "#3", "uv": [ 0, 0, 1, 1 ] },
                "west": { "texture": "#3", "uv": [ 0, 1, 1, 2 ] },
                "up": { "texture": "#3", "uv": [ 0, 0, 1, 1 ] },
                "down": { "texture": "#3", "uv": [ 0, 0, 1, 1 ] }
            }
        },
        {
            "name": "Cube",
            "from": [ 2, 2.1, 9 ], 
            "to": [ 3, 3.1, 10 ], 
            "faces": {
                "north": { "texture": "#3", "uv": [ 0, 0, 1, 1 ] },
                "east": { "texture": "#3", "uv": [ 0, 0, 1, 1 ] },
                "south": { "texture": "#3", "uv": [ 0, 0, 1, 1 ] },
                "west": { "texture": "#3", "uv": [ 0, 1, 1, 2 ] },
                "up": { "texture": "#3", "uv": [ 0, 0, 1, 1 ] },
                "down": { "texture": "#3", "uv": [ 0, 0, 1, 1 ] }
            }
        },
        {
            "name": "Cube",
            "from": [ 2, 3.1, 8 ], 
            "to": [ 3, 4.1, 9 ], 
            "faces": {
                "north": { "texture": "#3", "uv": [ 0, 0, 1, 1 ] },
                "east": { "texture": "#3", "uv": [ 0, 0, 1, 1 ] },
                "south": { "texture": "#3", "uv": [ 0, 0, 1, 1 ] },
                "west": { "texture": "#3", "uv": [ 0, 1, 1, 2 ] },
                "up": { "texture": "#3", "uv": [ 0, 0, 1, 1 ] },
                "down": { "texture": "#3", "uv": [ 0, 0, 1, 1 ] }
            }
        },
        {
            "name": "Cube",
            "from": [ 1, 3.1, 8 ], 
            "to": [ 2, 4.1, 9 ], 
            "faces": {
                "north": { "texture": "#4", "uv": [ 0, 0, 1, 1 ] },
                "east": { "texture": "#4", "uv": [ 0, 0, 1, 1 ] },
                "south": { "texture": "#4", "uv": [ 0, 0, 1, 1 ] },
                "west": { "texture": "#4", "uv": [ 0, 1, 1, 2 ] },
                "up": { "texture": "#4", "uv": [ 0, 0, 1, 1 ] },
                "down": { "texture": "#4", "uv": [ 0, 0, 1, 1 ] }
            }
        },
        {
            "name": "Cube",
            "from": [ 2, 2.1, 7 ], 
            "to": [ 3, 3.1, 8 ], 
            "faces": {
                "north": { "texture": "#4", "uv": [ 0, 0, 1, 1 ] },
                "east": { "texture": "#4", "uv": [ 0, 0, 1, 1 ] },
                "south": { "texture": "#4", "uv": [ 0, 0, 1, 1 ] },
                "west": { "texture": "#4", "uv": [ 0, 1, 1, 2 ] },
                "up": { "texture": "#4", "uv": [ 0, 0, 1, 1 ] },
                "down": { "texture": "#4", "uv": [ 0, 0, 1, 1 ] }
            }
        },
        {
            "name": "Cube",
            "from": [ 5, 3.1, 8 ], 
            "to": [ 6, 4.1, 9 ], 
            "faces": {
                "north": { "texture": "#4", "uv": [ 0, 0, 1, 1 ] },
                "east": { "texture": "#4", "uv": [ 0, 0, 1, 1 ] },
                "south": { "texture": "#4", "uv": [ 0, 0, 1, 1 ] },
                "west": { "texture": "#4", "uv": [ 0, 1, 1, 2 ] },
                "up": { "texture": "#4", "uv": [ 0, 0, 1, 1 ] },
                "down": { "texture": "#4", "uv": [ 0, 0, 1, 1 ] }
            }
        },
        {
            "name": "Cube",
            "from": [ 6, 3.1, 5 ], 
            "to": [ 7, 4.1, 6 ], 
            "faces": {
                "north": { "texture": "#4", "uv": [ 0, 0, 1, 1 ] },
                "east": { "texture": "#4", "uv": [ 0, 0, 1, 1 ] },
                "south": { "texture": "#4", "uv": [ 0, 0, 1, 1 ] },
                "west": { "texture": "#4", "uv": [ 0, 1, 1, 2 ] },
                "up": { "texture": "#4", "uv": [ 0, 0, 1, 1 ] },
                "down": { "texture": "#4", "uv": [ 0, 0, 1, 1 ] }
            }
        },
        {
            "name": "Cube",
            "from": [ 9, 2.1, 6 ], 
            "to": [ 10, 3.1, 7 ], 
            "faces": {
                "north": { "texture": "#4", "uv": [ 0, 0, 1, 1 ] },
                "east": { "texture": "#4", "uv": [ 0, 0, 1, 1 ] },
                "south": { "texture": "#4", "uv": [ 0, 0, 1, 1 ] },
                "west": { "texture": "#4", "uv": [ 0, 1, 1, 2 ] },
                "up": { "texture": "#4", "uv": [ 0, 0, 1, 1 ] },
                "down": { "texture": "#4", "uv": [ 0, 0, 1, 1 ] }
            }
        },
        {
            "name": "Cube",
            "from": [ 10, 2.1, 9 ], 
            "to": [ 11, 3.1, 10 ], 
            "faces": {
                "north": { "texture": "#4", "uv": [ 0, 0, 1, 1 ] },
                "east": { "texture": "#4", "uv": [ 0, 0, 1, 1 ] },
                "south": { "texture": "#4", "uv": [ 0, 0, 1, 1 ] },
                "west": { "texture": "#4", "uv": [ 0, 1, 1, 2 ] },
                "up": { "texture": "#4", "uv": [ 0, 0, 1, 1 ] },
                "down": { "texture": "#4", "uv": [ 0, 0, 1, 1 ] }
            }
        },
        {
            "name": "Cube",
            "from": [ 13, 3.1, 8 ], 
            "to": [ 14, 4.1, 9 ], 
            "faces": {
                "north": { "texture": "#4", "uv": [ 0, 0, 1, 1 ] },
                "east": { "texture": "#4", "uv": [ 0, 0, 1, 1 ] },
                "south": { "texture": "#4", "uv": [ 0, 0, 1, 1 ] },
                "west": { "texture": "#4", "uv": [ 0, 1, 1, 2 ] },
                "up": { "texture": "#4", "uv": [ 0, 0, 1, 1 ] },
                "down": { "texture": "#4", "uv": [ 0, 0, 1, 1 ] }
            }
        },
        {
            "name": "Cube",
            "from": [ 14, 2.1, 5 ], 
            "to": [ 15, 3.1, 6 ], 
            "faces": {
                "north": { "texture": "#4", "uv": [ 0, 0, 1, 1 ] },
                "east": { "texture": "#4", "uv": [ 0, 0, 1, 1 ] },
                "south": { "texture": "#4", "uv": [ 0, 0, 1, 1 ] },
                "west": { "texture": "#4", "uv": [ 0, 1, 1, 2 ] },
                "up": { "texture": "#4", "uv": [ 0, 0, 1, 1 ] },
                "down": { "texture": "#4", "uv": [ 0, 0, 1, 1 ] }
            }
        },
        {
            "name": "Cube",
            "from": [ 14, 3.1, 10 ], 
            "to": [ 15, 4.1, 11 ], 
            "faces": {
                "north": { "texture": "#4", "uv": [ 0, 0, 1, 1 ] },
                "east": { "texture": "#4", "uv": [ 0, 0, 1, 1 ] },
                "south": { "texture": "#4", "uv": [ 0, 0, 1, 1 ] },
                "west": { "texture": "#4", "uv": [ 0, 1, 1, 2 ] },
                "up": { "texture": "#4", "uv": [ 0, 0, 1, 1 ] },
                "down": { "texture": "#4", "uv": [ 0, 0, 1, 1 ] }
            }
        },
        {
            "name": "Cube",
            "from": [ 13, 4.1, 7.2 ], 
            "to": [ 14, 4.3, 8.9 ], 
            "faces": {
                "north": { "texture": "#5", "uv": [ 0, 0, 1, 0.2 ] },
                "east": { "texture": "#5", "uv": [ 0, 0, 1.7, 0.2 ] },
                "south": { "texture": "#5", "uv": [ 0, 0, 1, 0.2 ] },
                "west": { "texture": "#5", "uv": [ 0, 1, 1.7, 1.2 ] },
                "up": { "texture": "#5", "uv": [ 0, 0, 1, 1.7 ] },
                "down": { "texture": "#5", "uv": [ 0, 0, 1, 1.7 ] }
            }
        },
        {
            "name": "Cube",
            "from": [ 14, 3.1, 8.2 ], 
            "to": [ 15, 3.3, 9.9 ], 
            "faces": {
                "north": { "texture": "#5", "uv": [ 0, 0, 1, 0.2 ] },
                "east": { "texture": "#5", "uv": [ 0, 0, 1.7, 0.2 ] },
                "south": { "texture": "#5", "uv": [ 0, 0, 1, 0.2 ] },
                "west": { "texture": "#5", "uv": [ 0, 1, 1.7, 1.2 ] },
                "up": { "texture": "#5", "uv": [ 0, 0, 1, 1.7 ] },
                "down": { "texture": "#5", "uv": [ 0, 0, 1, 1.7 ] }
            }
        },
        {
            "name": "Cube",
            "from": [ 14, 3.1, 5.6 ], 
            "to": [ 15, 3.3, 6.6 ], 
            "faces": {
                "north": { "texture": "#5", "uv": [ 0, 0, 1, 0.2 ] },
                "east": { "texture": "#5", "uv": [ 0, 0, 1, 0.2 ] },
                "south": { "texture": "#5", "uv": [ 0, 0, 1, 0.2 ] },
                "west": { "texture": "#5", "uv": [ 0, 1, 1, 1.2 ] },
                "up": { "texture": "#5", "uv": [ 0, 0, 1, 1 ] },
                "down": { "texture": "#5", "uv": [ 0, 0, 1, 1 ] }
            }
        },
        {
            "name": "Cube",
            "from": [ 9, 3.1, 7.2 ], 
            "to": [ 10, 3.3, 8.9 ], 
            "faces": {
                "north": { "texture": "#5", "uv": [ 0, 0, 1, 0.2 ] },
                "east": { "texture": "#5", "uv": [ 0, 0, 1.7, 0.2 ] },
                "south": { "texture": "#5", "uv": [ 0, 0, 1, 0.2 ] },
                "west": { "texture": "#5", "uv": [ 0, 1, 1.7, 1.2 ] },
                "up": { "texture": "#5", "uv": [ 0, 0, 1, 1.7 ] },
                "down": { "texture": "#5", "uv": [ 0, 0, 1, 1.7 ] }
            }
        },
        {
            "name": "Cube",
            "from": [ 10, 3.1, 5.2 ], 
            "to": [ 11, 3.3, 6.7 ], 
            "faces": {
                "north": { "texture": "#5", "uv": [ 0, 0, 1, 0.2 ] },
                "east": { "texture": "#5", "uv": [ 0, 0, 1.5, 0.2 ] },
                "south": { "texture": "#5", "uv": [ 0, 0, 1, 0.2 ] },
                "west": { "texture": "#5", "uv": [ 0, 1, 1.5, 1.2 ] },
                "up": { "texture": "#5", "uv": [ 0, 0, 1, 1.5 ] },
                "down": { "texture": "#5", "uv": [ 0, 0, 1, 1.5 ] }
            }
        },
        {
            "name": "Cube",
            "from": [ 10, 3.1, 9.2 ], 
            "to": [ 11, 3.3, 10.2 ], 
            "faces": {
                "north": { "texture": "#5", "uv": [ 0, 0, 1, 0.2 ] },
                "east": { "texture": "#5", "uv": [ 0, 0, 1, 0.2 ] },
                "south": { "texture": "#5", "uv": [ 0, 0, 1, 0.2 ] },
                "west": { "texture": "#5", "uv": [ 0, 1, 1, 1.2 ] },
                "up": { "texture": "#5", "uv": [ 0, 0, 1, 1 ] },
                "down": { "texture": "#5", "uv": [ 0, 0, 1, 1 ] }
            }
        },
        {
            "name": "Cube",
            "from": [ 10, 2, 8 ], 
            "to": [ 11, 2.2, 9 ], 
            "faces": {
                "north": { "texture": "#5", "uv": [ 0, 0, 1, 0.2 ] },
                "east": { "texture": "#5", "uv": [ 0, 0, 1, 0.2 ] },
                "south": { "texture": "#5", "uv": [ 0, 0, 1, 0.2 ] },
                "west": { "texture": "#5", "uv": [ 0, 1, 1, 1.2 ] },
                "up": { "texture": "#5", "uv": [ 0, 0, 1, 1 ] },
                "down": { "texture": "#5", "uv": [ 0, 0, 1, 1 ] }
            }
        },
        {
            "name": "Cube",
            "from": [ 5, 4.1, 7.3 ], 
            "to": [ 6, 4.3, 8.8 ], 
            "faces": {
                "north": { "texture": "#5", "uv": [ 0, 0, 1, 0.2 ] },
                "east": { "texture": "#5", "uv": [ 0, 0, 1.5, 0.2 ] },
                "south": { "texture": "#5", "uv": [ 0, 0, 1, 0.2 ] },
                "west": { "texture": "#5", "uv": [ 0, 1, 1.5, 1.2 ] },
                "up": { "texture": "#5", "uv": [ 0, 0, 1, 1.5 ] },
                "down": { "texture": "#5", "uv": [ 0, 0, 1, 1.5 ] }
            }
        },
        {
            "name": "Cube",
            "from": [ 6, 4.1, 8.1 ], 
            "to": [ 7, 4.3, 8.9 ], 
            "faces": {
                "north": { "texture": "#5", "uv": [ 0, 0, 1, 0.2 ] },
                "east": { "texture": "#5", "uv": [ 0, 0, 0.8, 0.2 ] },
                "south": { "texture": "#5", "uv": [ 0, 0, 1, 0.2 ] },
                "west": { "texture": "#5", "uv": [ 0, 1, 0.8, 1.2 ] },
                "up": { "texture": "#5", "uv": [ 0, 0, 1, 0.8 ] },
                "down": { "texture": "#5", "uv": [ 0, 0, 1, 0.8 ] }
            }
        },
        {
            "name": "Cube",
            "from": [ 5, 3.1, 5.3 ], 
            "to": [ 6, 3.3, 6.8 ], 
            "faces": {
                "north": { "texture": "#5", "uv": [ 0, 0, 1, 0.2 ] },
                "east": { "texture": "#5", "uv": [ 0, 0, 1.5, 0.2 ] },
                "south": { "texture": "#5", "uv": [ 0, 0, 1, 0.2 ] },
                "west": { "texture": "#5", "uv": [ 0, 1, 1.5, 1.2 ] },
                "up": { "texture": "#5", "uv": [ 0, 0, 1, 1.5 ] },
                "down": { "texture": "#5", "uv": [ 0, 0, 1, 1.5 ] }
            }
        },
        {
            "name": "Cube",
            "from": [ 1, 3.1, 9.3 ], 
            "to": [ 2, 3.3, 10.8 ], 
            "faces": {
                "north": { "texture": "#5", "uv": [ 0, 0, 1, 0.2 ] },
                "east": { "texture": "#5", "uv": [ 0, 0, 1.5, 0.2 ] },
                "south": { "texture": "#5", "uv": [ 0, 0, 1, 0.2 ] },
                "west": { "texture": "#5", "uv": [ 0, 1, 1.5, 1.2 ] },
                "up": { "texture": "#5", "uv": [ 0, 0, 1, 1.5 ] },
                "down": { "texture": "#5", "uv": [ 0, 0, 1, 1.5 ] }
            }
        },
        {
            "name": "Cube",
            "from": [ 1, 3.1, 5.3 ], 
            "to": [ 2, 3.3, 7.8 ], 
            "faces": {
                "north": { "texture": "#5", "uv": [ 0, 0, 1, 0.2 ] },
                "east": { "texture": "#5", "uv": [ 0, 0, 2.5, 0.2 ] },
                "south": { "texture": "#5", "uv": [ 0, 0, 1, 0.2 ] },
                "west": { "texture": "#5", "uv": [ 0, 1, 2.5, 1.2 ] },
                "up": { "texture": "#5", "uv": [ 0, 0, 1, 2.5 ] },
                "down": { "texture": "#5", "uv": [ 0, 0, 1, 2.5 ] }
            }
        },
        {
            "name": "Cube",
            "from": [ 1, 4.1, 8.1 ], 
            "to": [ 2.5, 4.3, 8.9 ], 
            "faces": {
                "north": { "texture": "#5", "uv": [ 0, 0, 1.5, 0.2 ] },
                "east": { "texture": "#5", "uv": [ 0, 0, 0.8, 0.2 ] },
                "south": { "texture": "#5", "uv": [ 0, 0, 1.5, 0.2 ] },
                "west": { "texture": "#5", "uv": [ 0, 1, 0.8, 1.2 ] },
                "up": { "texture": "#5", "uv": [ 0, 0, 1.5, 0.8 ] },
                "down": { "texture": "#5", "uv": [ 0, 0, 1.5, 0.8 ] }
            }
        },
        {
            "name": "Cube",
            "from": [ 5, 1.1, 11 ], 
            "to": [ 6, 2.1, 12 ], 
            "faces": {
                "north": { "texture": "#2", "uv": [ 0, 0, 1, 1 ] },
                "east": { "texture": "#2", "uv": [ 0, 0, 1, 1 ] },
                "south": { "texture": "#2", "uv": [ 0, 0, 1, 1 ] },
                "west": { "texture": "#2", "uv": [ 0, 0, 1, 1 ] },
                "up": { "texture": "#2", "uv": [ 0, 0, 1, 1 ] },
                "down": { "texture": "#2", "uv": [ 0, 0, 1, 1 ] }
            }
        },
        {
            "name": "Cube",
            "from": [ 2, 1.1, 11 ], 
            "to": [ 3, 2.1, 12 ], 
            "faces": {
                "north": { "texture": "#2", "uv": [ 0, 0, 1, 1 ] },
                "east": { "texture": "#2", "uv": [ 0, 0, 1, 1 ] },
                "south": { "texture": "#2", "uv": [ 0, 0, 1, 1 ] },
                "west": { "texture": "#2", "uv": [ 0, 0, 1, 1 ] },
                "up": { "texture": "#2", "uv": [ 0, 0, 1, 1 ] },
                "down": { "texture": "#2", "uv": [ 0, 0, 1, 1 ] }
            }
        },
        {
            "name": "Cube",
            "from": [ 2, 2.1, 10 ], 
            "to": [ 3, 3.1, 11 ], 
            "faces": {
                "north": { "texture": "#2", "uv": [ 0, 0, 1, 1 ] },
                "east": { "texture": "#2", "uv": [ 0, 0, 1, 1 ] },
                "south": { "texture": "#2", "uv": [ 0, 0, 1, 1 ] },
                "west": { "texture": "#2", "uv": [ 0, 0, 1, 1 ] },
                "up": { "texture": "#2", "uv": [ 0, 0, 1, 1 ] },
                "down": { "texture": "#2", "uv": [ 0, 0, 1, 1 ] }
            }
        },
        {
            "name": "Cube",
            "from": [ 10, 1.1, 11 ], 
            "to": [ 11, 2.1, 12 ], 
            "faces": {
                "north": { "texture": "#2", "uv": [ 0, 0, 1, 1 ] },
                "east": { "texture": "#2", "uv": [ 0, 0, 1, 1 ] },
                "south": { "texture": "#2", "uv": [ 0, 0, 1, 1 ] },
                "west": { "texture": "#2", "uv": [ 0, 0, 1, 1 ] },
                "up": { "texture": "#2", "uv": [ 0, 0, 1, 1 ] },
                "down": { "texture": "#2", "uv": [ 0, 0, 1, 1 ] }
            }
        }
    ]
}