{
	"credit": "Made with Blockbench",
	"texture_size": [32, 32],
	"textures": {
		"0": "caldero",
		"1": "block/beacon",
		"particle": "caldero"
	},
	"elements": [
		{
			"from": [3, 5, 3],
			"to": [12, 12, 12],
			"rotation": {"angle": 0, "axis": "y", "origin": [7, 5, 7]},
			"faces": {
				"north": {"uv": [0, 0, 1, 1], "texture": "#0"},
				"east": {"uv": [0, 0, 1, 1], "texture": "#0"},
				"south": {"uv": [0, 0, 1.5, 1], "texture": "#0"},
				"west": {"uv": [0, 0, 1, 1], "texture": "#0"},
				"up": {"uv": [8, 8, 16, 16], "texture": "#0"},
				"down": {"uv": [8, 8, 16, 16], "texture": "#0"}
			}
		},
		{
			"from": [4, 12, 4],
			"to": [11, 13, 11],
			"rotation": {"angle": 0, "axis": "y", "origin": [7, 12, 7]},
			"faces": {
				"north": {"uv": [0, 0, 8, 0.5], "texture": "#0"},
				"east": {"uv": [0, 0, 8, 0.5], "texture": "#0"},
				"south": {"uv": [0, 0, 8, 0.5], "texture": "#0"},
				"west": {"uv": [0, 0, 8, 0.5], "texture": "#0"},
				"up": {"uv": [0, 0, 16, 16], "texture": "#1"},
				"down": {"uv": [0, 0, 1, 0.5], "texture": "#0"}
			}
		},
		{
			"from": [7, 13, 2.5],
			"to": [7, 20, 9.5],
			"rotation": {"angle": 45, "axis": "y", "origin": [9.5, 14, 6]},
			"faces": {
				"north": {"uv": [0, 0, 8, 0.5], "texture": "#0"},
				"east": {"uv": [8, 0, 16, 8], "texture": "#0"},
				"south": {"uv": [0, 0, 8, 0.5], "texture": "#0"},
				"west": {"uv": [16, 0, 8, 8], "texture": "#0"},
				"up": {"uv": [0, 0, 16, 16], "texture": "#1"},
				"down": {"uv": [0, 0, 1, 0.5], "texture": "#0"}
			}
		},
		{
			"from": [7, 13, 5.5],
			"to": [7, 20, 12.5],
			"rotation": {"angle": -45, "axis": "y", "origin": [9.5, 14, 9]},
			"faces": {
				"north": {"uv": [0, 0, 8, 0.5], "texture": "#0"},
				"east": {"uv": [8, 0, 16, 8], "texture": "#0"},
				"south": {"uv": [0, 0, 8, 0.5], "texture": "#0"},
				"west": {"uv": [16, 0, 8, 8], "texture": "#0"},
				"up": {"uv": [0, 0, 16, 16], "texture": "#1"},
				"down": {"uv": [0, 0, 1, 0.5], "texture": "#0"}
			}
		},
		{
			"from": [4, 13, 3],
			"to": [11, 14, 4],
			"rotation": {"angle": 0, "axis": "y", "origin": [7, 13, 1]},
			"faces": {
				"north": {"uv": [0, 0, 8, 0.5], "texture": "#0"},
				"east": {"uv": [0, 0, 1, 1], "texture": "#0"},
				"south": {"uv": [0, 0, 7, 1], "texture": "#0"},
				"west": {"uv": [0, 0, 1, 1], "texture": "#0"},
				"up": {"uv": [0, 0.5, 8, 0], "texture": "#0"},
				"down": {"uv": [0, 8.5, 8, 10.5], "texture": "#0"}
			}
		},
		{
			"from": [4, 13, 11],
			"to": [11, 14, 12],
			"rotation": {"angle": 0, "axis": "y", "origin": [7, 13, 9]},
			"faces": {
				"north": {"uv": [0, 0, 7, 1], "texture": "#0"},
				"east": {"uv": [0, 0, 1, 1], "texture": "#0"},
				"south": {"uv": [0, 0, 8, 0.5], "texture": "#0"},
				"west": {"uv": [0, 0, 1, 1], "texture": "#0"},
				"up": {"uv": [0, 0, 8, 0.5], "texture": "#0"},
				"down": {"uv": [0, 0, 7, 1], "texture": "#0"}
			}
		},
		{
			"from": [5, 13, 4],
			"to": [10, 14, 5],
			"rotation": {"angle": 0, "axis": "y", "origin": [7, 13, 2]},
			"faces": {
				"north": {"uv": [0, 0, 5, 1], "texture": "#0"},
				"east": {"uv": [0, 0, 1, 1], "texture": "#0"},
				"south": {"uv": [0, 0, 5, 1], "texture": "#0"},
				"west": {"uv": [0, 0, 1, 1], "texture": "#0"},
				"up": {"uv": [0, 0.5, 8, 1.5], "texture": "#0"},
				"down": {"uv": [0, 0, 5, 1], "texture": "#0"}
			}
		},
		{
			"from": [5, 13, 10],
			"to": [10, 14, 11],
			"rotation": {"angle": 0, "axis": "y", "origin": [7, 13, 8]},
			"faces": {
				"north": {"uv": [0, 0, 5, 1], "texture": "#0"},
				"east": {"uv": [0, 0, 1, 1], "texture": "#0"},
				"south": {"uv": [0, 0, 5, 1], "texture": "#0"},
				"west": {"uv": [0, 0, 1, 1], "texture": "#0"},
				"up": {"uv": [0, 0.5, 8, 1.5], "texture": "#0"},
				"down": {"uv": [0, 0, 5, 1], "texture": "#0"}
			}
		},
		{
			"from": [4, 13, 4],
			"to": [5, 14, 11],
			"rotation": {"angle": 0, "axis": "y", "origin": [2, 13, 8]},
			"faces": {
				"north": {"uv": [0, 0, 0.5, 0.5], "texture": "#0"},
				"east": {"uv": [0, 0, 3.5, 0.5], "texture": "#0"},
				"south": {"uv": [0, 0, 0.5, 0.5], "texture": "#0"},
				"west": {"uv": [0, 0, 3.5, 0.5], "texture": "#0"},
				"up": {"uv": [0, 0, 0.5, 1], "texture": "#0"},
				"down": {"uv": [0, 0, 0.5, 3.5], "texture": "#0"}
			}
		},
		{
			"from": [10, 13, 4],
			"to": [11, 14, 11],
			"rotation": {"angle": 0, "axis": "y", "origin": [8, 13, 8]},
			"faces": {
				"north": {"uv": [0, 0, 0.5, 0.5], "texture": "#0"},
				"east": {"uv": [0, 0, 3.5, 0.5], "texture": "#0"},
				"south": {"uv": [0, 0, 0.5, 0.5], "texture": "#0"},
				"west": {"uv": [0, 0, 3.5, 0.5], "texture": "#0"},
				"up": {"uv": [0, 0, 1, 1], "texture": "#0"},
				"down": {"uv": [0, 0, 0.5, 3.5], "texture": "#0"}
			}
		},
		{
			"from": [11, 13, 4],
			"to": [12, 14, 11],
			"rotation": {"angle": 0, "axis": "y", "origin": [8, 13, 7]},
			"faces": {
				"north": {"uv": [0, 0, 0.5, 0.5], "texture": "#0"},
				"east": {"uv": [0, 0, 8, 0.5], "texture": "#0"},
				"south": {"uv": [0, 0, 0.5, 0.5], "texture": "#0"},
				"west": {"uv": [0, 0, 3.5, 0.5], "texture": "#0"},
				"up": {"uv": [0, 0, 8, 1], "texture": "#0"},
				"down": {"uv": [10.5, 8, 13, 16], "texture": "#0"}
			}
		},
		{
			"from": [10.75, 14, 7.25],
			"to": [11.25, 21, 7.75],
			"rotation": {"angle": 0, "axis": "y", "origin": [8, 14, 7]},
			"faces": {
				"north": {"uv": [0, 10.5, 8, 11.5], "texture": "#0"},
				"east": {"uv": [0, 10.5, 8, 11.5], "texture": "#0"},
				"south": {"uv": [0, 10.5, 8, 11.5], "texture": "#0"},
				"west": {"uv": [0, 10.5, 8, 11.5], "texture": "#0"},
				"up": {"uv": [0, 10.5, 0.5, 11], "texture": "#0"},
				"down": {"uv": [0, 10.5, 1, 11.5], "texture": "#0"}
			}
		},
		{
			"from": [10.25, 21, 7.25],
			"to": [10.75, 21.5, 7.75],
			"rotation": {"angle": 0, "axis": "y", "origin": [8, 22, 7]},
			"faces": {
				"north": {"uv": [0, 10.5, 0.5, 11], "texture": "#0"},
				"east": {"uv": [0, 10.5, 0.5, 11], "texture": "#0"},
				"south": {"uv": [0, 10.5, 0.5, 11], "texture": "#0"},
				"west": {"uv": [0, 10.5, 0.5, 11], "texture": "#0"},
				"up": {"uv": [0, 10.5, 0.5, 11], "texture": "#0"},
				"down": {"uv": [0, 10.5, 0.5, 11], "texture": "#0"}
			}
		},
		{
			"from": [4.25, 21, 7.25],
			"to": [4.75, 21.5, 7.75],
			"rotation": {"angle": 0, "axis": "y", "origin": [2, 22, 7]},
			"faces": {
				"north": {"uv": [0, 10.5, 0.5, 11], "texture": "#0"},
				"east": {"uv": [0, 10.5, 0.5, 11], "texture": "#0"},
				"south": {"uv": [0, 10.5, 0.5, 11], "texture": "#0"},
				"west": {"uv": [0, 10.5, 0.5, 11], "texture": "#0"},
				"up": {"uv": [0, 10.5, 0.5, 11], "texture": "#0"},
				"down": {"uv": [0, 10.5, 0.5, 11], "texture": "#0"}
			}
		},
		{
			"from": [4.75, 21.5, 7.25],
			"to": [10.25, 22, 7.75],
			"rotation": {"angle": 0, "axis": "y", "origin": [2, 22, 7]},
			"faces": {
				"north": {"uv": [0, 10.5, 8, 11.5], "texture": "#0"},
				"east": {"uv": [0, 10.5, 3, 11.5], "texture": "#0"},
				"south": {"uv": [0, 10.5, 8, 11.5], "texture": "#0"},
				"west": {"uv": [0, 10.5, 3, 11.5], "texture": "#0"},
				"up": {"uv": [0, 10.5, 8, 11.5], "texture": "#0"},
				"down": {"uv": [0, 0, 5.5, 0.5], "texture": "#0"}
			}
		},
		{
			"from": [3.75, 14, 7.25],
			"to": [4.25, 21, 7.75],
			"rotation": {"angle": 0, "axis": "y", "origin": [1, 14, 7]},
			"faces": {
				"north": {"uv": [0, 10.5, 8, 11.5], "texture": "#0"},
				"east": {"uv": [0, 10.5, 8, 11.5], "texture": "#0"},
				"south": {"uv": [0, 10.5, 8, 11.5], "texture": "#0"},
				"west": {"uv": [0, 10.5, 8, 11.5], "texture": "#0"},
				"up": {"uv": [0.5, 10.5, 1, 11], "texture": "#0"},
				"down": {"uv": [0, 0, 0.5, 0.5], "texture": "#0"}
			}
		},
		{
			"from": [3, 13, 4],
			"to": [4, 14, 11],
			"rotation": {"angle": 0, "axis": "y", "origin": [1, 13, 7]},
			"faces": {
				"north": {"uv": [0, 0, 0.5, 0.5], "texture": "#0"},
				"east": {"uv": [0, 0, 3.5, 0.5], "texture": "#0"},
				"south": {"uv": [0, 0, 0.5, 0.5], "texture": "#0"},
				"west": {"uv": [0, 0, 8, 0.5], "texture": "#0"},
				"up": {"uv": [0, 0, 8, 1], "texture": "#0"},
				"down": {"uv": [0, 0, 0.5, 3.5], "texture": "#0"}
			}
		},
		{
			"from": [12, 5.75, 3.75],
			"to": [12.5, 11.25, 11.25],
			"rotation": {"angle": 0, "axis": "y", "origin": [16, 6, 6]},
			"faces": {
				"north": {"uv": [8, 8, 8.5, 16], "texture": "#0"},
				"east": {"uv": [8, 8, 16, 16], "texture": "#0"},
				"south": {"uv": [0, 0, 0.5, 5.5], "texture": "#0"},
				"west": {"uv": [0, 0, 7.5, 5.5], "texture": "#0"},
				"up": {"uv": [8, 8, 16, 8.5], "texture": "#0"},
				"down": {"uv": [0, 0, 2, 16], "texture": "#0"}
			}
		},
		{
			"from": [2.5, 5.75, 3.75],
			"to": [3, 11.25, 11.25],
			"rotation": {"angle": 0, "axis": "y", "origin": [6, 6, 6]},
			"faces": {
				"north": {"uv": [0, 0, 0.5, 5.5], "texture": "#0"},
				"east": {"uv": [0, 0, 6.5, 5.5], "texture": "#0"},
				"south": {"uv": [0, 0, 0.5, 5.5], "texture": "#0"},
				"west": {"uv": [8, 8, 16, 16], "texture": "#0"},
				"up": {"uv": [8, 8, 16, 8.5], "texture": "#0"},
				"down": {"uv": [0, 0, 0.5, 6.5], "texture": "#0"}
			}
		},
		{
			"from": [3.75, 5.75, 12],
			"to": [11.25, 11.25, 12.5],
			"rotation": {"angle": 0, "axis": "y", "origin": [7, 5, 15]},
			"faces": {
				"north": {"uv": [0, 0, 7.5, 5.5], "texture": "#0"},
				"east": {"uv": [15.5, 8, 16, 16], "texture": "#0"},
				"south": {"uv": [8, 8, 16, 16], "texture": "#0"},
				"west": {"uv": [15.5, 8, 16, 16], "texture": "#0"},
				"up": {"uv": [8, 8, 16, 8.5], "texture": "#0"},
				"down": {"uv": [0, 7.5, 8, 8], "texture": "#0"}
			}
		},
		{
			"from": [3.75, 5.75, 2.5],
			"to": [11.25, 11.25, 3],
			"rotation": {"angle": 0, "axis": "y", "origin": [7, 5, 5]},
			"faces": {
				"north": {"uv": [0, 0, 8, 8], "texture": "#0"},
				"east": {"uv": [0, 0, 0.5, 8], "texture": "#0"},
				"south": {"uv": [0, 0, 7.5, 5.5], "texture": "#0"},
				"west": {"uv": [0, 0, 0.5, 8], "texture": "#0"},
				"up": {"uv": [0, 0, 7.5, 0.5], "texture": "#0"},
				"down": {"uv": [0, 7.5, 8, 8], "texture": "#0"}
			}
		},
		{
			"from": [3.5, 4.3, 3.5],
			"to": [11.5, 5, 11.5],
			"rotation": {"angle": 0, "axis": "y", "origin": [7, 4, 7]},
			"faces": {
				"north": {"uv": [0, 0, 8, 0.7], "texture": "#0"},
				"east": {"uv": [0, 0, 8, 0.7], "texture": "#0"},
				"south": {"uv": [0, 7.5, 8, 8], "texture": "#0"},
				"west": {"uv": [0, 7.5, 8, 8], "texture": "#0"},
				"up": {"uv": [0, 0, 8, 8], "texture": "#0"},
				"down": {"uv": [0, 0, 8, 8], "texture": "#0"}
			}
		},
		{
			"from": [4, 3.75, 4],
			"to": [11, 4.25, 11],
			"rotation": {"angle": 0, "axis": "y", "origin": [7, 3, 7]},
			"faces": {
				"north": {"uv": [0, 0, 7, 0.5], "texture": "#0"},
				"east": {"uv": [0, 0, 7, 0.5], "texture": "#0"},
				"south": {"uv": [0, 0, 7, 0.5], "texture": "#0"},
				"west": {"uv": [0, 0, 7, 0.5], "texture": "#0"},
				"up": {"uv": [0, 0, 7, 7], "texture": "#0"},
				"down": {"uv": [8, 8, 16, 16], "texture": "#0"}
			}
		},
		{
			"from": [9, 1.9, 9.5],
			"to": [12, 2.4, 11.7],
			"rotation": {"angle": 0, "axis": "y", "origin": [11, 1, 11]},
			"faces": {
				"north": {"uv": [0, 0, 3, 0.5], "texture": "#0"},
				"east": {"uv": [0, 0, 2.2, 0.5], "texture": "#0"},
				"south": {"uv": [0, 0, 3, 0.5], "texture": "#0"},
				"west": {"uv": [0, 0, 2.2, 0.5], "texture": "#0"},
				"up": {"uv": [0, 0, 3, 2.2], "texture": "#0"},
				"down": {"uv": [0, 0, 3, 2.2], "texture": "#0"}
			}
		},
		{
			"from": [3, 1.9, 9.5],
			"to": [6, 2.4, 11.7],
			"rotation": {"angle": 0, "axis": "y", "origin": [5, 1, 11]},
			"faces": {
				"north": {"uv": [0, 0, 3, 0.5], "texture": "#0"},
				"east": {"uv": [0, 0, 2.2, 0.5], "texture": "#0"},
				"south": {"uv": [0, 0, 3, 0.5], "texture": "#0"},
				"west": {"uv": [0, 0, 2.2, 0.5], "texture": "#0"},
				"up": {"uv": [0, 0, 3, 2.2], "texture": "#0"},
				"down": {"uv": [0, 0, 3, 2.2], "texture": "#0"}
			}
		},
		{
			"from": [9, 1.9, 3.2],
			"to": [12, 2.4, 5.7],
			"rotation": {"angle": 0, "axis": "y", "origin": [11, 1, 4]},
			"faces": {
				"north": {"uv": [0, 0, 3, 0.5], "texture": "#0"},
				"east": {"uv": [0, 0, 2.5, 0.5], "texture": "#0"},
				"south": {"uv": [0, 0, 3, 0.5], "texture": "#0"},
				"west": {"uv": [0, 0, 2.5, 0.5], "texture": "#0"},
				"up": {"uv": [0, 0, 3, 2.5], "texture": "#0"},
				"down": {"uv": [0, 0, 3, 2.5], "texture": "#0"}
			}
		},
		{
			"from": [3, 1.9, 3.2],
			"to": [6, 2.4, 5.7],
			"rotation": {"angle": 0, "axis": "y", "origin": [5, 1, 4]},
			"faces": {
				"north": {"uv": [0, 0, 3, 0.5], "texture": "#0"},
				"east": {"uv": [0, 0, 2.5, 0.5], "texture": "#0"},
				"south": {"uv": [0, 0, 3, 0.5], "texture": "#0"},
				"west": {"uv": [0, 0, 2.5, 0.5], "texture": "#0"},
				"up": {"uv": [0, 0, 3, 2.5], "texture": "#0"},
				"down": {"uv": [0, 0, 3, 2.5], "texture": "#0"}
			}
		},
		{
			"from": [4.75, 1.5, 2.5],
			"to": [5.75, 3.5, 3.5],
			"rotation": {"angle": 22.5, "axis": "x", "origin": [8, 0, 5]},
			"faces": {
				"north": {"uv": [0, 0, 1, 2], "texture": "#0"},
				"east": {"uv": [0, 0, 1, 2], "texture": "#0"},
				"south": {"uv": [0, 0, 1, 2], "texture": "#0"},
				"west": {"uv": [0, 0, 1, 2], "texture": "#0"},
				"up": {"uv": [0, 0, 1, 1], "texture": "#0"},
				"down": {"uv": [0, 0, 1, 1], "texture": "#0"}
			}
		},
		{
			"from": [9.5, 1.5, 2.5],
			"to": [10.5, 3.5, 3.5],
			"rotation": {"angle": 22.5, "axis": "x", "origin": [13, 0, 5]},
			"faces": {
				"north": {"uv": [0, 0, 1, 2], "texture": "#0"},
				"east": {"uv": [0, 0, 1, 2], "texture": "#0"},
				"south": {"uv": [0, 0, 1, 2], "texture": "#0"},
				"west": {"uv": [0, 0, 1, 2], "texture": "#0"},
				"up": {"uv": [0, 0, 1, 1], "texture": "#0"},
				"down": {"uv": [0, 0, 1, 1], "texture": "#0"}
			}
		},
		{
			"from": [3.05, 1.25, 4.25],
			"to": [4.05, 3.25, 5.25],
			"rotation": {"angle": -22.5, "axis": "z", "origin": [6, 1, 8]},
			"faces": {
				"north": {"uv": [0, 0, 1, 2], "texture": "#0"},
				"east": {"uv": [0, 0, 1, 2], "texture": "#0"},
				"south": {"uv": [0, 0, 1, 2], "texture": "#0"},
				"west": {"uv": [0, 0, 1, 2], "texture": "#0"},
				"up": {"uv": [0, 0, 1, 1], "texture": "#0"},
				"down": {"uv": [0, 0, 1, 1], "texture": "#0"}
			}
		},
		{
			"from": [3.05, 1.25, 9.7],
			"to": [4.05, 3.25, 10.7],
			"rotation": {"angle": -22.5, "axis": "z", "origin": [6, 1, 13]},
			"faces": {
				"north": {"uv": [0, 0, 1, 2], "texture": "#0"},
				"east": {"uv": [0, 0, 1, 2], "texture": "#0"},
				"south": {"uv": [0, 0, 1, 2], "texture": "#0"},
				"west": {"uv": [0, 0, 1, 2], "texture": "#0"},
				"up": {"uv": [0, 0, 1, 1], "texture": "#0"},
				"down": {"uv": [0, 0, 1, 1], "texture": "#0"}
			}
		},
		{
			"from": [10.75, 3.25, 4.5],
			"to": [11.75, 5.25, 5.5],
			"rotation": {"angle": 22.5, "axis": "z", "origin": [14, 3, 8]},
			"faces": {
				"north": {"uv": [0, 0, 1, 2], "texture": "#0"},
				"east": {"uv": [0, 0, 1, 2], "texture": "#0"},
				"south": {"uv": [0, 0, 1, 2], "texture": "#0"},
				"west": {"uv": [0, 0, 1, 2], "texture": "#0"},
				"up": {"uv": [0, 0, 1, 1], "texture": "#0"},
				"down": {"uv": [0, 0, 1, 1], "texture": "#0"}
			}
		},
		{
			"from": [10.75, 3.25, 9.75],
			"to": [11.75, 5.25, 10.75],
			"rotation": {"angle": 22.5, "axis": "z", "origin": [14, 3, 13]},
			"faces": {
				"north": {"uv": [0, 0, 1, 2], "texture": "#0"},
				"east": {"uv": [0, 0, 1, 2], "texture": "#0"},
				"south": {"uv": [0, 0, 1, 2], "texture": "#0"},
				"west": {"uv": [0, 0, 1, 2], "texture": "#0"},
				"up": {"uv": [0, 0, 1, 1], "texture": "#0"},
				"down": {"uv": [0, 0, 1, 1], "texture": "#0"}
			}
		},
		{
			"from": [4.5, 3.25, 10.5],
			"to": [5.5, 5.25, 11.5],
			"rotation": {"angle": -22.5, "axis": "x", "origin": [8, 3, 14]},
			"faces": {
				"north": {"uv": [0, 0, 1, 2], "texture": "#0"},
				"east": {"uv": [0, 0, 1, 2], "texture": "#0"},
				"south": {"uv": [0, 0, 1, 2], "texture": "#0"},
				"west": {"uv": [0, 0, 1, 2], "texture": "#0"},
				"up": {"uv": [0, 0, 1, 1], "texture": "#0"},
				"down": {"uv": [0, 0, 1, 1], "texture": "#0"}
			}
		},
		{
			"from": [9.5, 3.25, 10.5],
			"to": [10.5, 5.25, 11.5],
			"rotation": {"angle": -22.5, "axis": "x", "origin": [13, 3, 14]},
			"faces": {
				"north": {"uv": [0, 0, 1, 2], "texture": "#0"},
				"east": {"uv": [0, 0, 1, 2], "texture": "#0"},
				"south": {"uv": [0, 0, 1, 2], "texture": "#0"},
				"west": {"uv": [0, 0, 1, 2], "texture": "#0"},
				"up": {"uv": [0, 0, 1, 1], "texture": "#0"},
				"down": {"uv": [0, 0, 1, 1], "texture": "#0"}
			}
		}
	],
	"display": {
		"thirdperson_righthand": {
			"rotation": [67.25, 0, 0],
			"translation": [0, -5.25, -6.5],
			"scale": [0.5957, 0.52344, 0.65625]
		}
	}
}