{
	"credit": "Made by SonGoku1909",
	"textures": {
		"0": "Desktop/sombrero1",
		"particle": "Desktop/sombrero1"
	},
	"elements": [
		{
			"from": [4.3, 0.65, 3.3],
			"to": [11.7, 1.9, 11.7],
			"rotation": {"angle": 0, "axis": "y", "origin": [8, 2, 8]},
			"faces": {
				"north": {"uv": [0, 15, 8, 16], "texture": "#0"},
				"east": {"uv": [0, 15, 8, 16], "texture": "#0"},
				"south": {"uv": [0, 15, 8, 16], "texture": "#0"},
				"west": {"uv": [0, 15, 8, 16], "texture": "#0"},
				"up": {"uv": [0, 8.5, 8, 15], "texture": "#0"},
				"down": {"uv": [0.5, 9, 7.5, 14.5], "texture": "#0"}
			}
		},
		{
			"from": [5, 1.9, 4.5],
			"to": [11, 5.2, 10.5],
			"rotation": {"angle": 22.5, "axis": "x", "origin": [8, 2, 7.4]},
			"faces": {
				"north": {"uv": [0, 0, 16, 6], "texture": "#0"},
				"east": {"uv": [0, 0, 16, 6], "texture": "#0"},
				"south": {"uv": [0, 0, 16, 6], "texture": "#0"},
				"west": {"uv": [0, 0, 16, 6], "texture": "#0"},
				"up": {"uv": [0, 8.5, 8, 15], "texture": "#0"},
				"down": {"uv": [3, 3, 13, 13], "texture": "#0"}
			}
		},
		{
			"from": [5, 0.9, 3.65],
			"to": [11, 2.15, 6.95],
			"rotation": {"angle": 22.5, "axis": "x", "origin": [8, 0, 6.4]},
			"faces": {
				"north": {"uv": [0, 6, 16, 9], "texture": "#0"},
				"east": {"uv": [0, 6, 16, 9], "texture": "#0"},
				"south": {"uv": [0, 0, 12, 7], "texture": "#0"},
				"west": {"uv": [0, 6, 16, 9], "texture": "#0"},
				"up": {"uv": [0, 0, 12, 11], "texture": "#0"},
				"down": {"uv": [0, 0, 11, 11], "texture": "#0"}
			}
		},
		{
			"from": [7.7, -0.1, 2.5],
			"to": [8.3, 1.15, 3.7],
			"rotation": {"angle": 22.5, "axis": "x", "origin": [8, 0, 6.4]},
			"faces": {
				"north": {"uv": [10, 13, 11, 15], "texture": "#0"},
				"east": {"uv": [0, 6, 16, 9], "texture": "#0"},
				"south": {"uv": [0, 0, 12, 7], "texture": "#0"},
				"west": {"uv": [0, 6, 16, 9], "texture": "#0"},
				"up": {"uv": [0, 0, 12, 11], "texture": "#0"},
				"down": {"uv": [10, 13, 11, 14], "texture": "#0"}
			}
		},
		{
			"from": [7.1, -0.1, 2.5],
			"to": [7.7, 1.15, 3.7],
			"rotation": {"angle": 22.5, "axis": "x", "origin": [7, 0, 6.4]},
			"faces": {
				"north": {"uv": [8, 13, 10, 15], "texture": "#0"},
				"east": {"uv": [0, 6, 16, 9], "texture": "#0"},
				"south": {"uv": [0, 0, 12, 7], "texture": "#0"},
				"west": {"uv": [9, 13, 11, 15], "texture": "#0"},
				"up": {"uv": [0, 0, 12, 11], "texture": "#0"},
				"down": {"uv": [11, 14, 13, 15], "texture": "#0"}
			}
		},
		{
			"from": [8.3, -0.1, 2.5],
			"to": [8.9, 1.15, 3.7],
			"rotation": {"angle": 22.5, "axis": "x", "origin": [8, 0, 6.4]},
			"faces": {
				"north": {"uv": [8, 13, 10, 15], "texture": "#0"},
				"east": {"uv": [10, 13, 12, 15], "texture": "#0"},
				"south": {"uv": [0, 0, 12, 7], "texture": "#0"},
				"west": {"uv": [0, 6, 16, 9], "texture": "#0"},
				"up": {"uv": [0, 0, 12, 11], "texture": "#0"},
				"down": {"uv": [8, 14, 10, 15], "texture": "#0"}
			}
		},
		{
			"from": [6.5, 0.9, 3.35],
			"to": [9.5, 3.4, 4.55],
			"rotation": {"angle": 22.5, "axis": "x", "origin": [8, 2, 7.4]},
			"faces": {
				"north": {"uv": [8, 9, 13, 13], "texture": "#0"},
				"east": {"uv": [15, 9, 13, 13], "texture": "#0"},
				"south": {"uv": [0, 0, 12, 7], "texture": "#0"},
				"west": {"uv": [13, 9, 15, 13], "texture": "#0"},
				"up": {"uv": [8, 9, 14, 10], "texture": "#0"},
				"down": {"uv": [8, 14, 13, 15], "texture": "#0"}
			}
		},
		{
			"from": [6, 1, 8.4],
			"to": [10, 5, 13.4],
			"rotation": {"angle": -45, "axis": "x", "origin": [8, 2.4, 6.7]},
			"faces": {
				"north": {"uv": [0, 0, 10, 10], "rotation": 180, "texture": "#0"},
				"east": {"uv": [5.5, 0, 10, 3.5], "rotation": 270, "texture": "#0"},
				"south": {"uv": [0, 8.5, 8, 15], "texture": "#0"},
				"west": {"uv": [0, 0, 4, 3.5], "rotation": 90, "texture": "#0"},
				"up": {"uv": [10, 0, 14.5, 3.5], "rotation": 180, "texture": "#0"},
				"down": {"uv": [3.5, 0, 7.5, 3.5], "texture": "#0"}
			}
		},
		{
			"from": [7.1, 8.5, 11.5],
			"to": [8.9, 9.5, 15.7],
			"rotation": {"angle": 45, "axis": "x", "origin": [8, 10, 10.5]},
			"faces": {
				"north": {"uv": [0, 0, 7, 3.5], "rotation": 180, "texture": "#0"},
				"east": {"uv": [0, 0, 7, 3.5], "rotation": 270, "texture": "#0"},
				"south": {"uv": [0, 8, 8, 15], "texture": "#0"},
				"west": {"uv": [5, 5.5, 8, 9], "rotation": 90, "texture": "#0"},
				"up": {"uv": [5, 5.5, 8, 9], "rotation": 180, "texture": "#0"},
				"down": {"uv": [0, 8.5, 8, 15], "texture": "#0"}
			}
		}
	],
	"display": {
		"thirdperson_righthand": {
			"rotation": [45, 45, 0],
			"translation": [0, 2, 1.5],
			"scale": [0.5, 0.5, 0.5]
		},
		"thirdperson_lefthand": {
			"rotation": [45, 45, 0],
			"translation": [0, 2, 1.5],
			"scale": [0.5, 0.5, 0.5]
		},
		"firstperson_righthand": {
			"rotation": [15, 45, 0],
			"translation": [1.25, 5.25, 0],
			"scale": [0.7, 0.7, 0.7]
		},
		"firstperson_lefthand": {
			"rotation": [15, 45, 0],
			"translation": [1.25, 5.25, 0],
			"scale": [0.7, 0.7, 0.7]
		},
		"ground": {
			"translation": [0, 6, 0]
		},
		"gui": {
			"rotation": [45, 45, 0],
			"translation": [0, 5.5, 0],
			"scale": [1.3, 1.3, 1.3]
		},
		"head": {
			"translation": [0, 20.5, 0],
			"scale": [2.2, 2.2, 2.2]
		},
		"fixed": {
			"translation": [0, 9, 0],
			"scale": [2, 2, 2]
		}
	}
}