{
	"credit": "Made by SonGoku1909",
	"textures": {
		"0": "sombrero2",
		"1": "item/honeycomb",
		"particle": "sombrero2"
	},
	"elements": [
		{
			"from": [4.3, 0.65, 3.3],
			"to": [11.7, 1.9, 11.7],
			"rotation": {"angle": 0, "axis": "y", "origin": [8, 2, 8]},
			"faces": {
				"north": {"uv": [0, 15, 8, 16], "texture": "#0"},
				"east": {"uv": [0, 15, 8, 16], "texture": "#0"},
				"south": {"uv": [0, 15, 8, 16], "texture": "#0"},
				"west": {"uv": [0, 15, 8, 16], "texture": "#0"},
				"up": {"uv": [0, 8.5, 8, 15], "texture": "#0"},
				"down": {"uv": [0.5, 9, 7.5, 14.5], "texture": "#0"}
			}
		},
		{
			"from": [4.3, 1.9, 3.3],
			"to": [5.7, 2.15, 4.7],
			"rotation": {"angle": 0, "axis": "y", "origin": [8, 2, 8]},
			"faces": {
				"north": {"uv": [16, 14, 13, 15], "texture": "#0"},
				"east": {"uv": [13, 14, 16, 14.5], "texture": "#0"},
				"south": {"uv": [0, 15, 8, 16], "texture": "#0"},
				"west": {"uv": [9, 13, 12, 14], "texture": "#0"},
				"up": {"uv": [13, 12.5, 16, 16], "texture": "#0"},
				"down": {"uv": [0.5, 9, 7.5, 14.5], "texture": "#0"}
			}
		},
		{
			"from": [4.3, 1.85, 3.7],
			"to": [5, 3.85, 4.5],
			"rotation": {"angle": 0, "axis": "y", "origin": [8, 2, 8]},
			"faces": {
				"north": {"uv": [9, 10, 11, 15], "texture": "#0"},
				"east": {"uv": [9, 10, 11, 15], "texture": "#0"},
				"south": {"uv": [9, 10, 11, 15], "texture": "#0"},
				"west": {"uv": [9, 10, 11, 15], "texture": "#0"},
				"up": {"uv": [9, 10, 10, 11], "texture": "#0"},
				"down": {"uv": [0.5, 9, 7.5, 14.5], "texture": "#0"}
			}
		},
		{
			"from": [4.3, 3.85, 4.1],
			"to": [5, 4.85, 4.1],
			"rotation": {"angle": 0, "axis": "y", "origin": [8, 4, 8]},
			"faces": {
				"north": {"uv": [13, 9, 15, 12], "texture": "#0"},
				"east": {"uv": [9, 10, 11, 15], "texture": "#0"},
				"south": {"uv": [15, 9, 13, 12], "texture": "#0"},
				"west": {"uv": [13, 9, 15, 12], "texture": "#0"},
				"up": {"uv": [9, 10, 10, 11], "texture": "#0"},
				"down": {"uv": [0.5, 9, 7.5, 14.5], "texture": "#0"}
			}
		},
		{
			"from": [4.5, 1.9, 3.25],
			"to": [5, 2.9, 3.75],
			"rotation": {"angle": 0, "axis": "y", "origin": [8, 2, 8]},
			"faces": {
				"north": {"uv": [9, 10, 11, 15], "texture": "#0"},
				"east": {"uv": [9, 10, 11, 15], "texture": "#0"},
				"south": {"uv": [9, 10, 11, 15], "texture": "#0"},
				"west": {"uv": [9, 10, 11, 15], "texture": "#0"},
				"up": {"uv": [9, 10, 10, 11], "texture": "#0"},
				"down": {"uv": [0.5, 9, 7.5, 14.5], "texture": "#0"}
			}
		},
		{
			"from": [4.5, 0.9, 3.25],
			"to": [5, 1.9, 3.75],
			"rotation": {"angle": 0, "axis": "y", "origin": [8, 1, 8]},
			"faces": {
				"north": {"uv": [11, 12, 11.5, 16], "texture": "#0"},
				"east": {"uv": [9, 10, 11, 15], "texture": "#0"},
				"south": {"uv": [9, 10, 11, 15], "texture": "#0"},
				"west": {"uv": [9, 10, 11, 15], "texture": "#0"},
				"up": {"uv": [9, 10, 10, 11], "texture": "#0"},
				"down": {"uv": [0.5, 9, 7.5, 14.5], "texture": "#0"}
			}
		},
		{
			"from": [5, 1, 3.25],
			"to": [5.5, 2, 3.75],
			"rotation": {"angle": 0, "axis": "y", "origin": [8, 1, 8]},
			"faces": {
				"north": {"uv": [11, 13.5, 11.5, 14.5], "texture": "#0"},
				"east": {"uv": [9, 10, 11, 15], "texture": "#0"},
				"south": {"uv": [9, 10, 11, 15], "texture": "#0"},
				"west": {"uv": [9, 10, 11, 15], "texture": "#0"},
				"up": {"uv": [9, 10, 10, 11], "texture": "#0"},
				"down": {"uv": [0.5, 9, 7.5, 14.5], "texture": "#0"}
			}
		},
		{
			"from": [5, 1.9, 4.5],
			"to": [11, 5.2, 10.5],
			"rotation": {"angle": 22.5, "axis": "x", "origin": [8, 2, 7.4]},
			"faces": {
				"north": {"uv": [0, 0, 16, 7], "texture": "#0"},
				"east": {"uv": [0, 0, 16, 7], "texture": "#0"},
				"south": {"uv": [0, 0, 16, 7], "texture": "#0"},
				"west": {"uv": [0, 0, 16, 7], "texture": "#0"},
				"up": {"uv": [0, 8.5, 8, 15], "texture": "#0"},
				"down": {"uv": [3, 3, 13, 13], "texture": "#0"}
			}
		},
		{
			"from": [5, 0.9, 3.65],
			"to": [11, 2.15, 6.95],
			"rotation": {"angle": 22.5, "axis": "x", "origin": [8, 0, 6.4]},
			"faces": {
				"north": {"uv": [0, 7, 16, 8.5], "texture": "#0"},
				"east": {"uv": [0, 7, 16, 8.5], "texture": "#0"},
				"south": {"uv": [0, 0, 12, 7], "texture": "#0"},
				"west": {"uv": [0, 7, 16, 8.5], "texture": "#0"},
				"up": {"uv": [0, 0, 12, 11], "texture": "#0"},
				"down": {"uv": [0, 0, 11, 11], "texture": "#0"}
			}
		},
		{
			"from": [6, 1, 8.4],
			"to": [10, 5, 13.4],
			"rotation": {"angle": -45, "axis": "x", "origin": [8, 2.4, 6.7]},
			"faces": {
				"north": {"uv": [0, 0, 10, 10], "rotation": 180, "texture": "#0"},
				"east": {"uv": [5.5, 0, 10, 7.5], "rotation": 270, "texture": "#0"},
				"south": {"uv": [0, 8.5, 8, 15], "texture": "#0"},
				"west": {"uv": [0, 0, 3.5, 7.5], "rotation": 90, "texture": "#0"},
				"up": {"uv": [10, 0, 14.5, 7.5], "rotation": 180, "texture": "#0"},
				"down": {"uv": [3.5, 0, 7.5, 7.5], "texture": "#0"}
			}
		},
		{
			"from": [7.1, 8.5, 11.5],
			"to": [8.9, 9.5, 15.7],
			"rotation": {"angle": 45, "axis": "x", "origin": [8, 10, 10.5]},
			"faces": {
				"north": {"uv": [0, 0, 7, 4], "rotation": 180, "texture": "#0"},
				"east": {"uv": [0, 0, 7, 4], "rotation": 270, "texture": "#0"},
				"south": {"uv": [0, 8.5, 8, 15], "texture": "#0"},
				"west": {"uv": [5, 4, 8, 7.5], "rotation": 90, "texture": "#0"},
				"up": {"uv": [5, 4, 8, 7.5], "rotation": 180, "texture": "#0"},
				"down": {"uv": [0, 8.5, 8, 15], "texture": "#0"}
			}
		},
		{
			"from": [6.7, 4, 13.85],
			"to": [9.5, 7, 13.85],
			"rotation": {"angle": 0, "axis": "x", "origin": [8, 6, 13.5]},
			"faces": {
				"north": {"uv": [0, 16, 16, 7], "rotation": 180, "texture": "#1"},
				"east": {"uv": [0, 0, 7, 4], "rotation": 270, "texture": "#1"},
				"south": {"uv": [0, 0, 16, 16], "texture": "#1"},
				"west": {"uv": [5, 4, 8, 7.5], "rotation": 90, "texture": "#1"},
				"up": {"uv": [5, 4, 8, 7.5], "rotation": 180, "texture": "#1"},
				"down": {"uv": [0, 8.5, 8, 15], "texture": "#1"}
			}
		}
	],
	"display": {
		"thirdperson_righthand": {
			"rotation": [45, 45, 0],
			"translation": [0, 2, 1.5],
			"scale": [0.5, 0.5, 0.5]
		},
		"thirdperson_lefthand": {
			"rotation": [45, 45, 0],
			"translation": [0, 2, 1.5],
			"scale": [0.5, 0.5, 0.5]
		},
		"firstperson_righthand": {
			"rotation": [15, 45, 0],
			"translation": [1.25, 5.25, 0],
			"scale": [0.7, 0.7, 0.7]
		},
		"firstperson_lefthand": {
			"rotation": [15, 45, 0],
			"translation": [1.25, 5.25, 0],
			"scale": [0.7, 0.7, 0.7]
		},
		"ground": {
			"translation": [0, 6, 0]
		},
		"gui": {
			"rotation": [45, 45, 0],
			"translation": [0, 5.5, 0],
			"scale": [1.3, 1.3, 1.3]
		},
		"head": {
			"translation": [0, 20.5, 0],
			"scale": [2.2, 2.2, 2.2]
		},
		"fixed": {
			"translation": [0, 9, 0],
			"scale": [2, 2, 2]
		}
	}
}