{
    "__comment": "Model generated using MrCrayfish's Model Creator (http://mrcrayfish.com/modelcreator/)",
    "textures": {
        "1": "item/varitas/varitaflor"
    },
	
	
	
	    	"display": {
        "firstperson_righthand": {
              "rotation": [ 0, 0, 0 ],
            "translation": [ 0, -2, 0 ],
            "scale": [ 0.9, 0.9, 0.9 ]
        },
     	 "thirdperson_righthand": {
            "rotation": [ 0, 0, 0 ],
            "translation": [ 0, 0, 0 ],
            "scale": [ 0.9, 0.9, 0.9 ]
        },
        "gui": {
            "rotation": [ 0, 45, 45 ],
            "translation": [ 1, -1, 0 ],
            "scale": [ 1.1, 0.9, 1.1 ]
        },
		
        "ground": {
            "translation": [ 0, 4, 0 ],
            "scale": [ 0.6, 0.6, 0.6 ]
        },		
        "fixed": {
            "translation": [ 0, -2, 0 ],
            "scale": [ 1, 1, 1 ]
        }			
		
		
		
		},		
	
	
	
	
	
	
    "elements": [
        {
            "name": "Element",
            "from": [ 7.0, 0.0, 8.0 ], 
            "to": [ 8.0, 15.0, 9.0 ], 
            "faces": {
                "north": { "texture": "#1", "uv": [ 0.0, 0.0, 3.0, 16.0 ] },
                "east": { "texture": "#1", "uv": [ 2.0, 0.0, 5.0, 16.0 ] },
                "south": { "texture": "#1", "uv": [ 3.0, 0.0, 6.0, 16.0 ] },
                "west": { "texture": "#1", "uv": [ 5.0, 0.0, 8.0, 16.0 ] },
                "up": { "texture": "#1", "uv": [ 11.0, 2.0, 12.0, 3.0 ] },
                "down": { "texture": "#1", "uv": [ 1.0, 15.0, 0.0, 16.0 ] }
            }
        },
        {
            "name": "Cube",
            "from": [ 6.0, 16.0, 7.0 ], 
            "to": [ 9.0, 18.0, 10.0 ], 
            "faces": {
                "north": { "texture": "#1", "uv": [ 13.0, 1.0, 16.0, 3.0 ] },
                "east": { "texture": "#1", "uv": [ 13.0, 1.0, 16.0, 3.0 ] },
                "south": { "texture": "#1", "uv": [ 13.0, 1.0, 16.0, 3.0 ] },
                "west": { "texture": "#1", "uv": [ 13.0, 1.0, 16.0, 3.0 ] },
                "up": { "texture": "#1", "uv": [ 16.0, 16.0, 10.0, 10.0 ] },
                "down": { "texture": "#1", "uv": [ 13.0, 2.0, 14.0, 3.0 ] }
            }
        },
        {
            "name": "Cube",
            "from": [ 6.0, 18.0, 7.0 ], 
            "to": [ 7.0, 19.0, 8.0 ], 
            "faces": {
                "north": { "texture": "#1", "uv": [ 15.0, 0.0, 16.0, 1.0 ] },
                "east": { "texture": "#1", "uv": [ 15.0, 0.0, 16.0, 1.0 ] },
                "south": { "texture": "#1", "uv": [ 15.0, 0.0, 16.0, 1.0 ] },
                "west": { "texture": "#1", "uv": [ 15.0, 0.0, 16.0, 1.0 ] },
                "up": { "texture": "#1", "uv": [ 13.0, 0.0, 14.0, 1.0 ] },
                "down": { "texture": "#-1", "uv": [ 0.0, 0.0, 1.0, 1.0 ] }
            }
        },
        {
            "name": "Cube",
            "from": [ 8.0, 18.0, 7.0 ], 
            "to": [ 9.0, 19.0, 8.0 ], 
            "faces": {
                "north": { "texture": "#1", "uv": [ 15.0, 0.0, 16.0, 1.0 ] },
                "east": { "texture": "#1", "uv": [ 15.0, 0.0, 16.0, 1.0 ] },
                "south": { "texture": "#1", "uv": [ 15.0, 0.0, 16.0, 1.0 ] },
                "west": { "texture": "#1", "uv": [ 15.0, 0.0, 16.0, 1.0 ] },
                "up": { "texture": "#1", "uv": [ 13.0, 0.0, 14.0, 1.0 ] },
                "down": { "texture": "#-1", "uv": [ 0.0, 0.0, 1.0, 1.0 ] }
            }
        },
        {
            "name": "Cube",
            "from": [ 8.0, 18.0, 9.0 ], 
            "to": [ 9.0, 19.0, 10.0 ], 
            "faces": {
                "north": { "texture": "#1", "uv": [ 15.0, 0.0, 16.0, 1.0 ] },
                "east": { "texture": "#1", "uv": [ 15.0, 0.0, 16.0, 1.0 ] },
                "south": { "texture": "#1", "uv": [ 15.0, 0.0, 16.0, 1.0 ] },
                "west": { "texture": "#1", "uv": [ 15.0, 0.0, 16.0, 1.0 ] },
                "up": { "texture": "#1", "uv": [ 13.0, 0.0, 14.0, 1.0 ] },
                "down": { "texture": "#-1", "uv": [ 0.0, 0.0, 1.0, 1.0 ] }
            }
        },
        {
            "name": "Cube",
            "from": [ 6.0, 18.0, 9.0 ], 
            "to": [ 7.0, 19.0, 10.0 ], 
            "faces": {
                "north": { "texture": "#1", "uv": [ 15.0, 0.0, 16.0, 1.0 ] },
                "east": { "texture": "#1", "uv": [ 15.0, 0.0, 16.0, 1.0 ] },
                "south": { "texture": "#1", "uv": [ 15.0, 0.0, 16.0, 1.0 ] },
                "west": { "texture": "#1", "uv": [ 15.0, 0.0, 16.0, 1.0 ] },
                "up": { "texture": "#1", "uv": [ 13.0, 0.0, 14.0, 1.0 ] },
                "down": { "texture": "#-1", "uv": [ 0.0, 0.0, 1.0, 1.0 ] }
            }
        },
        {
            "name": "Cube",
            "from": [ 6.0, 15.0, 8.0 ], 
            "to": [ 9.0, 16.0, 9.0 ], 
            "faces": {
                "north": { "texture": "#1", "uv": [ 13.0, 2.0, 14.0, 3.0 ] },
                "east": { "texture": "#1", "uv": [ 13.0, 2.0, 14.0, 3.0 ] },
                "south": { "texture": "#1", "uv": [ 13.0, 2.0, 14.0, 3.0 ] },
                "west": { "texture": "#1", "uv": [ 13.0, 2.0, 14.0, 3.0 ] },
                "up": { "texture": "#1", "uv": [ 15.0, 2.0, 16.0, 3.0 ] },
                "down": { "texture": "#1", "uv": [ 13.0, 2.0, 14.0, 3.0 ] }
            }
        },
        {
            "name": "Cube",
            "from": [ 7.0, 15.0, 7.0 ], 
            "to": [ 8.0, 16.0, 10.0 ], 
            "faces": {
                "north": { "texture": "#1", "uv": [ 15.0, 2.0, 16.0, 3.0 ] },
                "east": { "texture": "#1", "uv": [ 15.0, 2.0, 16.0, 3.0 ] },
                "south": { "texture": "#1", "uv": [ 15.0, 2.0, 16.0, 3.0 ] },
                "west": { "texture": "#1", "uv": [ 15.0, 2.0, 16.0, 3.0 ] },
                "up": { "texture": "#1", "uv": [ 15.0, 2.0, 16.0, 3.0 ] },
                "down": { "texture": "#1", "uv": [ 15.0, 2.0, 16.0, 3.0 ] }
            }
        }
    ]
}