{
	"credit": "Made with Blockbench",
	"textures": {
		"0": "block/lime_stained_glass",
		"1": "block/oak_log",
		"2": "block/anvil_top",
		"3": "block/fire_0",
		"4": "block/yellow_stained_glass",
		"5": "block/light_blue_stained_glass",
		"particle": "block/lime_stained_glass"
	},
	"elements": [
		{
			"from": [7, 1, 7],
			"to": [8, 4, 8],
			"faces": {
				"north": {"uv": [4, 0, 13, 16], "texture": "#1"},
				"east": {"uv": [4, 0, 13, 16], "texture": "#1"},
				"south": {"uv": [4, 0, 13, 16], "texture": "#1"},
				"west": {"uv": [4, 0, 13, 16], "texture": "#1"},
				"up": {"uv": [0, 0, 1, 1], "texture": "#1"},
				"down": {"uv": [0, 0, 1, 1], "texture": "#1"}
			}
		},
		{
			"from": [7, 4, 7],
			"to": [8, 7, 8],
			"faces": {
				"north": {"uv": [4, 0, 13, 16], "texture": "#1"},
				"east": {"uv": [4, 0, 13, 16], "texture": "#1"},
				"south": {"uv": [4, 0, 13, 16], "texture": "#1"},
				"west": {"uv": [4, 0, 13, 16], "texture": "#1"},
				"up": {"uv": [0, 0, 1, 1], "texture": "#1"},
				"down": {"uv": [0, 0, 1, 1], "texture": "#1"}
			}
		},
		{
			"from": [7, 7, 7],
			"to": [8, 10, 8],
			"faces": {
				"north": {"uv": [4, 0, 13, 16], "texture": "#1"},
				"east": {"uv": [4, 0, 13, 16], "texture": "#1"},
				"south": {"uv": [4, 0, 13, 16], "texture": "#1"},
				"west": {"uv": [4, 0, 13, 16], "texture": "#1"},
				"up": {"uv": [0, 0, 1, 1], "texture": "#1"},
				"down": {"uv": [0, 0, 1, 1], "texture": "#1"}
			}
		},
		{
			"from": [7, -4, 7],
			"to": [8, 0, 8],
			"faces": {
				"north": {"uv": [4, 0, 13, 16], "texture": "#1"},
				"east": {"uv": [4, 0, 13, 16], "texture": "#1"},
				"south": {"uv": [4, 0, 13, 16], "texture": "#1"},
				"west": {"uv": [4, 0, 13, 16], "texture": "#1"},
				"up": {"uv": [0, 0, 1, 1], "texture": "#1"},
				"down": {"uv": [0, 0, 1, 1], "texture": "#1"}
			}
		},
		{
			"from": [6, 11.5, 7],
			"to": [7, 13.25, 8],
			"faces": {
				"north": {"uv": [0, 0, 16, 15.75], "texture": "#5"},
				"east": {"uv": [0, 0, 16, 16], "texture": "#5"},
				"south": {"uv": [0, 0.25, 16, 16], "texture": "#5"},
				"west": {"uv": [0, 0, 16, 16], "texture": "#5"},
				"up": {"uv": [1, 12, 16, 16], "texture": "#5"},
				"down": {"uv": [13, 12, 16, 16], "texture": "#5"}
			}
		},
		{
			"from": [7, 11, 7],
			"to": [8, 12, 8],
			"faces": {
				"north": {"uv": [1, 12, 16, 16], "texture": "#5"},
				"east": {"uv": [1, 12, 16, 16], "texture": "#5"},
				"south": {"uv": [1, 12, 16, 16], "texture": "#5"},
				"west": {"uv": [1, 12, 16, 16], "texture": "#5"},
				"up": {"uv": [0, 0, 1, 1], "texture": "#5"},
				"down": {"uv": [7, 9, 12, 13], "texture": "#5"}
			}
		},
		{
			"from": [7, 13.25, 6.5],
			"to": [8, 14.25, 7],
			"faces": {
				"north": {"uv": [1, 12, 16, 16], "texture": "#5"},
				"east": {"uv": [16, 12, 1.5, 16], "texture": "#5"},
				"south": {"uv": [0, 0, 1, 1], "texture": "#5"},
				"west": {"uv": [1, 12, 16, 16], "texture": "#5"},
				"up": {"uv": [1, 12, 16, 16], "texture": "#5"},
				"down": {"uv": [0, 0, 1, 0.5], "texture": "#5"}
			}
		},
		{
			"from": [7, 13.25, 8],
			"to": [8, 14.25, 8.5],
			"faces": {
				"north": {"uv": [1, 13, 16, 16], "texture": "#5"},
				"east": {"uv": [1, 13, 16, 16], "texture": "#5"},
				"south": {"uv": [1, 13, 16, 16], "texture": "#5"},
				"west": {"uv": [1, 13, 16, 16], "texture": "#5"},
				"up": {"uv": [1, 13, 16, 16], "texture": "#5"},
				"down": {"uv": [0, 0, 1, 0.5], "texture": "#5"}
			}
		},
		{
			"from": [6.5, 13.25, 7],
			"to": [7, 14.25, 8],
			"faces": {
				"north": {"uv": [1, 12, 16, 16], "texture": "#5"},
				"east": {"uv": [0, 0, 1, 1], "texture": "#5"},
				"south": {"uv": [1, 12, 16, 16], "texture": "#5"},
				"west": {"uv": [1, 12, 16, 16], "texture": "#5"},
				"up": {"uv": [1, 12, 16, 16], "texture": "#5"},
				"down": {"uv": [0, 0, 0.5, 1], "texture": "#5"}
			}
		},
		{
			"from": [8, 13.25, 7],
			"to": [8.5, 14.25, 8],
			"faces": {
				"north": {"uv": [1, 12, 16, 16], "texture": "#5"},
				"east": {"uv": [1, 12, 16, 16], "texture": "#5"},
				"south": {"uv": [1, 12, 16, 16], "texture": "#5"},
				"west": {"uv": [0, 0, 1, 1], "texture": "#5"},
				"up": {"uv": [1, 12, 16, 16], "texture": "#5"},
				"down": {"uv": [0, 0, 0.5, 1], "texture": "#5"}
			}
		},
		{
			"from": [7, 13, 7],
			"to": [8, 15, 8],
			"faces": {
				"north": {"uv": [1, 12, 16, 16], "texture": "#5"},
				"east": {"uv": [1, 12, 16, 16], "texture": "#5"},
				"south": {"uv": [1, 12, 16, 16], "texture": "#5"},
				"west": {"uv": [1, 12, 16, 16], "texture": "#5"},
				"up": {"uv": [0, 0, 6, 5], "texture": "#5"},
				"down": {"uv": [0, 0, 1, 1], "texture": "#5"}
			}
		},
		{
			"from": [6.5, 12.25, 6.5],
			"to": [7, 13.25, 7],
			"faces": {
				"north": {"uv": [0, 0, 2.5, 4], "texture": "#5"},
				"east": {"uv": [0, 0, 2.5, 4], "texture": "#5"},
				"south": {"uv": [0, 0, 2.5, 4], "texture": "#5"},
				"west": {"uv": [1.5, 13, 16, 16], "texture": "#5"},
				"up": {"uv": [0, 2, 14.5, 5.5], "texture": "#5"},
				"down": {"uv": [3, 4, 0.5, 0.5], "texture": "#5"}
			}
		},
		{
			"from": [8, 12.25, 8],
			"to": [8.5, 13.25, 8.5],
			"faces": {
				"north": {"uv": [1, 13, 16, 16], "texture": "#5"},
				"east": {"uv": [1, 13, 16, 16], "texture": "#5"},
				"south": {"uv": [1.5, 13, 16, 16], "texture": "#5"},
				"west": {"uv": [1, 13, 16, 16], "texture": "#5"},
				"up": {"uv": [0, 0, 2.5, 3.5], "texture": "#5"},
				"down": {"uv": [0, 0, 2.5, 3.5], "texture": "#5"}
			}
		},
		{
			"from": [8, 12.25, 6.5],
			"to": [8.5, 13.25, 7],
			"faces": {
				"north": {"uv": [1.5, 13, 16, 16], "texture": "#5"},
				"east": {"uv": [1, 13, 16, 16], "texture": "#5"},
				"south": {"uv": [1, 13, 16, 16], "texture": "#5"},
				"west": {"uv": [1, 13, 16, 16], "texture": "#5"},
				"up": {"uv": [0, 0, 2.5, 3.5], "texture": "#5"},
				"down": {"uv": [0, 0, 0.5, 0.5], "texture": "#5"}
			}
		},
		{
			"from": [6.5, 12.25, 8],
			"to": [7, 13.25, 8.5],
			"faces": {
				"north": {"uv": [0, 0, 0.5, 1], "texture": "#5"},
				"east": {"uv": [0, 0, 0.5, 1], "texture": "#5"},
				"south": {"uv": [0, 0, 2.5, 3], "texture": "#5"},
				"west": {"uv": [1.5, 13, 16, 16], "texture": "#5"},
				"up": {"uv": [0, 0, 2.5, 3.5], "texture": "#5"},
				"down": {"uv": [14, 13, 16, 16], "texture": "#5"}
			}
		},
		{
			"from": [7, 11.5, 8],
			"to": [8, 13.25, 9],
			"faces": {
				"north": {"uv": [1, 12, 16, 16], "texture": "#5"},
				"east": {"uv": [1, 12, 16, 16], "texture": "#5"},
				"south": {"uv": [1, 12.25, 16, 16], "texture": "#5"},
				"west": {"uv": [1, 12, 16, 16], "texture": "#5"},
				"up": {"uv": [1, 12, 16, 16], "texture": "#5"},
				"down": {"uv": [13, 12, 16, 16], "texture": "#5"}
			}
		},
		{
			"from": [7, 11.5, 6],
			"to": [8, 13.25, 7],
			"faces": {
				"north": {"uv": [1, 12.25, 16, 16], "texture": "#5"},
				"east": {"uv": [1, 12, 16, 16], "texture": "#5"},
				"south": {"uv": [1, 12, 16, 15.75], "texture": "#5"},
				"west": {"uv": [1, 12, 16, 16], "texture": "#5"},
				"up": {"uv": [1, 12, 16, 16], "texture": "#5"},
				"down": {"uv": [13, 12, 16, 16], "texture": "#5"}
			}
		},
		{
			"from": [8, 11.5, 7],
			"to": [9, 13.25, 8],
			"faces": {
				"north": {"uv": [1, 12, 16, 16], "texture": "#5"},
				"east": {"uv": [1, 12.25, 16, 16], "texture": "#5"},
				"south": {"uv": [1, 12, 16, 16], "texture": "#5"},
				"west": {"uv": [1, 12, 16, 16], "texture": "#5"},
				"up": {"uv": [1, 12, 16, 16], "texture": "#5"},
				"down": {"uv": [13, 12, 16, 16], "texture": "#5"}
			}
		},
		{
			"from": [7, 12, 7],
			"to": [8, 13, 8],
			"faces": {
				"north": {"uv": [0, 0, 1, 1], "texture": "#5"},
				"east": {"uv": [0, 0, 1, 1], "texture": "#5"},
				"south": {"uv": [0, 0, 1, 1], "texture": "#5"},
				"west": {"uv": [0, 0, 1, 1], "texture": "#5"},
				"up": {"uv": [0, 0, 1, 1], "texture": "#5"},
				"down": {"uv": [0, 0, 1, 1], "texture": "#5"}
			}
		},
		{
			"from": [7.3, 3, 6.75],
			"to": [7.55, 7, 7],
			"faces": {
				"north": {"uv": [16, 0, 1.25, 16], "texture": "#0"},
				"east": {"uv": [0, 0, 15.25, 16], "texture": "#0"},
				"south": {"uv": [0.75, 0, 16, 16], "texture": "#0"},
				"west": {"uv": [0.75, 0, 16, 16], "texture": "#0"},
				"up": {"uv": [0, 0, 0.25, 0.25], "texture": "#0"},
				"down": {"uv": [0, 0, 0.25, 0.25], "texture": "#0"}
			}
		},
		{
			"from": [6.75, 3, 7.35],
			"to": [7, 7, 7.6],
			"faces": {
				"north": {"uv": [0, 0, 16, 16], "texture": "#0"},
				"east": {"uv": [0, 0, 16, 16], "texture": "#0"},
				"south": {"uv": [0, 0, 16, 16], "texture": "#0"},
				"west": {"uv": [0, 0, 16, 16], "texture": "#0"},
				"up": {"uv": [0, 0, 0.25, 0.25], "texture": "#0"},
				"down": {"uv": [0, 0, 0.25, 0.25], "texture": "#0"}
			}
		},
		{
			"from": [8, 3, 7.35],
			"to": [8.25, 7, 7.6],
			"faces": {
				"north": {"uv": [0, 0, 16, 16], "texture": "#0"},
				"east": {"uv": [0, 0, 16, 16], "texture": "#0"},
				"south": {"uv": [0, 0, 16, 16], "texture": "#0"},
				"west": {"uv": [0, 0, 16, 16], "texture": "#0"},
				"up": {"uv": [0, 0, 0.25, 0.25], "texture": "#0"},
				"down": {"uv": [0, 0, 0.25, 0.25], "texture": "#0"}
			}
		},
		{
			"from": [7.3, 3, 8],
			"to": [7.55, 7, 8.25],
			"faces": {
				"north": {"uv": [0, 0, 16, 16], "texture": "#0"},
				"east": {"uv": [0, 0, 16, 16], "texture": "#0"},
				"south": {"uv": [0, 0, 16, 16], "texture": "#0"},
				"west": {"uv": [0, 0, 16, 16], "texture": "#0"},
				"up": {"uv": [0, 0, 0.25, 0.25], "texture": "#0"},
				"down": {"uv": [0, 0, 0.25, 0.25], "texture": "#0"}
			}
		},
		{
			"from": [6.8, -6.2, 6.8],
			"to": [8.2, -3.8, 8.2],
			"faces": {
				"north": {"uv": [3.2, 0, 13.2, 16], "texture": "#2"},
				"east": {"uv": [3.2, 0, 13.2, 16], "texture": "#2"},
				"south": {"uv": [3.2, 0, 13.2, 16], "texture": "#2"},
				"west": {"uv": [3.2, 0, 13.2, 16], "texture": "#2"},
				"up": {"uv": [9.2, 2, 6.5, 3.5], "texture": "#2"},
				"down": {"uv": [4.2, 0.8, 12.4, 15.5], "texture": "#2"}
			}
		},
		{
			"from": [6.8, -0.2, 6.8],
			"to": [8.2, 1.2, 8.2],
			"faces": {
				"north": {"uv": [2.9, 0, 13.1, 16], "texture": "#2"},
				"east": {"uv": [2.9, 0, 13.1, 16], "texture": "#2"},
				"south": {"uv": [2.9, 0, 13.1, 16], "texture": "#2"},
				"west": {"uv": [2.9, 0, 13.1, 16], "texture": "#2"},
				"up": {"uv": [3.9, 0.8, 12.1, 15.1], "texture": "#2"},
				"down": {"uv": [3.9, 0.8, 12.1, 15.1], "texture": "#2"}
			}
		},
		{
			"from": [7, 10, 7],
			"to": [8, 11, 8],
			"faces": {
				"north": {"uv": [0, 0, 16, 16], "texture": "#3"},
				"east": {"uv": [0, 0, 16, 16], "texture": "#3"},
				"south": {"uv": [0, 0, 16, 16], "texture": "#3"},
				"west": {"uv": [0, 0, 16, 16], "texture": "#3"},
				"up": {"uv": [0, 0, 1, 1], "texture": "#3"},
				"down": {"uv": [0, 0, 1, 1], "texture": "#3"}
			}
		},
		{
			"from": [10, 12, 6],
			"to": [10.5, 13, 9],
			"faces": {
				"north": {"uv": [1, 12, 16, 16], "texture": "#4"},
				"east": {"uv": [1, 12, 16, 16], "texture": "#4"},
				"south": {"uv": [1, 12, 16, 16], "texture": "#4"},
				"west": {"uv": [0, 0, 1, 1], "texture": "#4"},
				"up": {"uv": [1, 12, 16, 16], "texture": "#4"},
				"down": {"uv": [0, 0, 0.5, 1], "texture": "#4"}
			}
		},
		{
			"from": [4.5, 12, 6],
			"to": [5, 13, 9],
			"faces": {
				"north": {"uv": [1, 12, 16, 16], "texture": "#4"},
				"east": {"uv": [1, 12, 16, 16], "texture": "#4"},
				"south": {"uv": [1, 12, 16, 16], "texture": "#4"},
				"west": {"uv": [0, 0, 1, 1], "texture": "#4"},
				"up": {"uv": [1, 12, 16, 16], "texture": "#4"},
				"down": {"uv": [0, 0, 0.5, 1], "texture": "#4"}
			}
		},
		{
			"from": [6, 12, 10],
			"to": [9, 13, 10.5],
			"faces": {
				"north": {"uv": [1, 13, 16, 16], "texture": "#4"},
				"east": {"uv": [1, 13, 16, 16], "texture": "#4"},
				"south": {"uv": [1, 13, 16, 16], "texture": "#4"},
				"west": {"uv": [1, 13, 16, 16], "texture": "#4"},
				"up": {"uv": [1, 13, 16, 16], "texture": "#4"},
				"down": {"uv": [0, 0, 1, 0.5], "texture": "#4"}
			}
		},
		{
			"from": [6, 12, 4.5],
			"to": [9, 13, 5],
			"faces": {
				"north": {"uv": [1, 13, 16, 16], "texture": "#4"},
				"east": {"uv": [1, 13, 16, 16], "texture": "#4"},
				"south": {"uv": [1, 13, 16, 16], "texture": "#4"},
				"west": {"uv": [1, 13, 16, 16], "texture": "#4"},
				"up": {"uv": [1, 13, 16, 16], "texture": "#4"},
				"down": {"uv": [0, 0, 1, 0.5], "texture": "#4"}
			}
		},
		{
			"from": [5, 12, 5.5],
			"to": [5.5, 13, 6],
			"faces": {
				"north": {"uv": [1, 13, 16, 16], "texture": "#4"},
				"east": {"uv": [1, 13, 16, 16], "texture": "#4"},
				"south": {"uv": [1, 13, 16, 16], "texture": "#4"},
				"west": {"uv": [1, 13, 16, 16], "texture": "#4"},
				"up": {"uv": [1, 13, 16, 16], "texture": "#4"},
				"down": {"uv": [0, 0, 1, 0.5], "texture": "#4"}
			}
		},
		{
			"from": [5.5, 12, 5],
			"to": [6, 13, 5.5],
			"faces": {
				"north": {"uv": [1, 13, 16, 16], "texture": "#4"},
				"east": {"uv": [1, 13, 16, 16], "texture": "#4"},
				"south": {"uv": [1, 13, 16, 16], "texture": "#4"},
				"west": {"uv": [1, 13, 16, 16], "texture": "#4"},
				"up": {"uv": [1, 13, 16, 16], "texture": "#4"},
				"down": {"uv": [0, 0, 1, 0.5], "texture": "#4"}
			}
		},
		{
			"from": [5.5, 12, 9.5],
			"to": [6, 13, 10],
			"faces": {
				"north": {"uv": [1, 13, 16, 16], "texture": "#4"},
				"east": {"uv": [1, 13, 16, 16], "texture": "#4"},
				"south": {"uv": [1, 13, 16, 16], "texture": "#4"},
				"west": {"uv": [1, 13, 16, 16], "texture": "#4"},
				"up": {"uv": [1, 13, 16, 16], "texture": "#4"},
				"down": {"uv": [0, 0, 1, 0.5], "texture": "#4"}
			}
		},
		{
			"from": [9, 12, 9.5],
			"to": [9.5, 13, 10],
			"faces": {
				"north": {"uv": [1, 13, 16, 16], "texture": "#4"},
				"east": {"uv": [1, 13, 16, 16], "texture": "#4"},
				"south": {"uv": [1, 13, 16, 16], "texture": "#4"},
				"west": {"uv": [1, 13, 16, 16], "texture": "#4"},
				"up": {"uv": [1, 13, 16, 16], "texture": "#4"},
				"down": {"uv": [0, 0, 1, 0.5], "texture": "#4"}
			}
		},
		{
			"from": [9, 12, 5],
			"to": [9.5, 13, 5.5],
			"faces": {
				"north": {"uv": [1, 13, 16, 16], "texture": "#4"},
				"east": {"uv": [1, 13, 16, 16], "texture": "#4"},
				"south": {"uv": [1, 13, 16, 16], "texture": "#4"},
				"west": {"uv": [1, 13, 16, 16], "texture": "#4"},
				"up": {"uv": [1, 13, 16, 16], "texture": "#4"},
				"down": {"uv": [0, 0, 1, 0.5], "texture": "#4"}
			}
		},
		{
			"from": [9.5, 12, 5.5],
			"to": [10, 13, 6],
			"faces": {
				"north": {"uv": [1, 13, 16, 16], "texture": "#4"},
				"east": {"uv": [1, 13, 16, 16], "texture": "#4"},
				"south": {"uv": [1, 13, 16, 16], "texture": "#4"},
				"west": {"uv": [1, 13, 16, 16], "texture": "#4"},
				"up": {"uv": [1, 13, 16, 16], "texture": "#4"},
				"down": {"uv": [0, 0, 1, 0.5], "texture": "#4"}
			}
		},
		{
			"from": [5, 12, 9],
			"to": [5.5, 13, 9.5],
			"faces": {
				"north": {"uv": [1, 13, 16, 16], "texture": "#4"},
				"east": {"uv": [1, 13, 16, 16], "texture": "#4"},
				"south": {"uv": [1, 13, 16, 16], "texture": "#4"},
				"west": {"uv": [1, 13, 16, 16], "texture": "#4"},
				"up": {"uv": [1, 13, 16, 16], "texture": "#4"},
				"down": {"uv": [0, 0, 1, 0.5], "texture": "#4"}
			}
		},
		{
			"from": [10, 11, 6],
			"to": [10.5, 11.5, 9],
			"faces": {
				"north": {"uv": [1, 12, 16, 16], "texture": "#4"},
				"east": {"uv": [1, 12, 16, 16], "texture": "#4"},
				"south": {"uv": [1, 12, 16, 16], "texture": "#4"},
				"west": {"uv": [0, 0, 1, 1], "texture": "#4"},
				"up": {"uv": [1, 12, 16, 16], "texture": "#4"},
				"down": {"uv": [0, 0, 0.5, 1], "texture": "#4"}
			}
		},
		{
			"from": [4.5, 11, 6],
			"to": [5, 11.5, 9],
			"faces": {
				"north": {"uv": [1, 12, 16, 16], "texture": "#4"},
				"east": {"uv": [1, 12, 16, 16], "texture": "#4"},
				"south": {"uv": [1, 12, 16, 16], "texture": "#4"},
				"west": {"uv": [0, 0, 1, 1], "texture": "#4"},
				"up": {"uv": [1, 12, 16, 16], "texture": "#4"},
				"down": {"uv": [0, 0, 0.5, 1], "texture": "#4"}
			}
		},
		{
			"from": [6, 11, 10],
			"to": [9, 11.5, 10.5],
			"faces": {
				"north": {"uv": [1, 13, 16, 16], "texture": "#4"},
				"east": {"uv": [1, 13, 16, 16], "texture": "#4"},
				"south": {"uv": [1, 13, 16, 16], "texture": "#4"},
				"west": {"uv": [1, 13, 16, 16], "texture": "#4"},
				"up": {"uv": [1, 13, 16, 16], "texture": "#4"},
				"down": {"uv": [0, 0, 1, 0.5], "texture": "#4"}
			}
		},
		{
			"from": [6, 11, 4.5],
			"to": [9, 11.5, 5],
			"faces": {
				"north": {"uv": [1, 13, 16, 16], "texture": "#4"},
				"east": {"uv": [1, 13, 16, 16], "texture": "#4"},
				"south": {"uv": [1, 13, 16, 16], "texture": "#4"},
				"west": {"uv": [1, 13, 16, 16], "texture": "#4"},
				"up": {"uv": [1, 13, 16, 16], "texture": "#4"},
				"down": {"uv": [0, 0, 1, 0.5], "texture": "#4"}
			}
		},
		{
			"from": [5, 11, 5.5],
			"to": [5.5, 11.5, 6],
			"faces": {
				"north": {"uv": [1, 13, 16, 16], "texture": "#4"},
				"east": {"uv": [1, 13, 16, 16], "texture": "#4"},
				"south": {"uv": [1, 13, 16, 16], "texture": "#4"},
				"west": {"uv": [1, 13, 16, 16], "texture": "#4"},
				"up": {"uv": [1, 13, 16, 16], "texture": "#4"},
				"down": {"uv": [0, 0, 1, 0.5], "texture": "#4"}
			}
		},
		{
			"from": [5.5, 11, 5],
			"to": [6, 11.5, 5.5],
			"faces": {
				"north": {"uv": [1, 13, 16, 16], "texture": "#4"},
				"east": {"uv": [1, 13, 16, 16], "texture": "#4"},
				"south": {"uv": [1, 13, 16, 16], "texture": "#4"},
				"west": {"uv": [1, 13, 16, 16], "texture": "#4"},
				"up": {"uv": [1, 13, 16, 16], "texture": "#4"},
				"down": {"uv": [0, 0, 1, 0.5], "texture": "#4"}
			}
		},
		{
			"from": [5.5, 11, 9.5],
			"to": [6, 11.5, 10],
			"faces": {
				"north": {"uv": [1, 13, 16, 16], "texture": "#4"},
				"east": {"uv": [1, 13, 16, 16], "texture": "#4"},
				"south": {"uv": [1, 13, 16, 16], "texture": "#4"},
				"west": {"uv": [1, 13, 16, 16], "texture": "#4"},
				"up": {"uv": [1, 13, 16, 16], "texture": "#4"},
				"down": {"uv": [0, 0, 1, 0.5], "texture": "#4"}
			}
		},
		{
			"from": [9, 11, 9.5],
			"to": [9.5, 11.5, 10],
			"faces": {
				"north": {"uv": [1, 13, 16, 16], "texture": "#4"},
				"east": {"uv": [1, 13, 16, 16], "texture": "#4"},
				"south": {"uv": [1, 13, 16, 16], "texture": "#4"},
				"west": {"uv": [1, 13, 16, 16], "texture": "#4"},
				"up": {"uv": [1, 13, 16, 16], "texture": "#4"},
				"down": {"uv": [0, 0, 1, 0.5], "texture": "#4"}
			}
		},
		{
			"from": [9, 11, 5],
			"to": [9.5, 11.5, 5.5],
			"faces": {
				"north": {"uv": [1, 13, 16, 16], "texture": "#4"},
				"east": {"uv": [1, 13, 16, 16], "texture": "#4"},
				"south": {"uv": [1, 13, 16, 16], "texture": "#4"},
				"west": {"uv": [1, 13, 16, 16], "texture": "#4"},
				"up": {"uv": [1, 13, 16, 16], "texture": "#4"},
				"down": {"uv": [0, 0, 1, 0.5], "texture": "#4"}
			}
		},
		{
			"from": [9.5, 11, 5.5],
			"to": [10, 11.5, 6],
			"faces": {
				"north": {"uv": [1, 13, 16, 16], "texture": "#4"},
				"east": {"uv": [1, 13, 16, 16], "texture": "#4"},
				"south": {"uv": [1, 13, 16, 16], "texture": "#4"},
				"west": {"uv": [1, 13, 16, 16], "texture": "#4"},
				"up": {"uv": [1, 13, 16, 16], "texture": "#4"},
				"down": {"uv": [0, 0, 1, 0.5], "texture": "#4"}
			}
		},
		{
			"from": [5, 11, 9],
			"to": [5.5, 11.5, 9.5],
			"faces": {
				"north": {"uv": [1, 13, 16, 16], "texture": "#4"},
				"east": {"uv": [1, 13, 16, 16], "texture": "#4"},
				"south": {"uv": [1, 13, 16, 16], "texture": "#4"},
				"west": {"uv": [1, 13, 16, 16], "texture": "#4"},
				"up": {"uv": [1, 13, 16, 16], "texture": "#4"},
				"down": {"uv": [0, 0, 1, 0.5], "texture": "#4"}
			}
		},
		{
			"from": [7, 8.25, 8],
			"to": [8, 8.75, 8.5],
			"faces": {
				"north": {"uv": [1, 13, 16, 16], "texture": "#4"},
				"east": {"uv": [1, 13, 16, 16], "texture": "#4"},
				"south": {"uv": [1, 13, 16, 16], "texture": "#4"},
				"west": {"uv": [1, 13, 16, 16], "texture": "#4"},
				"up": {"uv": [1, 13, 16, 16], "texture": "#4"},
				"down": {"uv": [0, 0, 1, 0.5], "texture": "#4"}
			}
		},
		{
			"from": [8, 8.25, 7],
			"to": [8.5, 8.75, 8],
			"faces": {
				"north": {"uv": [1, 12, 16, 16], "texture": "#4"},
				"east": {"uv": [1, 12, 16, 16], "texture": "#4"},
				"south": {"uv": [1, 12, 16, 16], "texture": "#4"},
				"west": {"uv": [0, 0, 1, 1], "texture": "#4"},
				"up": {"uv": [1, 12, 16, 16], "texture": "#4"},
				"down": {"uv": [0, 0, 0.5, 1], "texture": "#4"}
			}
		},
		{
			"from": [7, 8.25, 6.5],
			"to": [8, 8.75, 7],
			"faces": {
				"north": {"uv": [1, 12, 16, 16], "texture": "#4"},
				"east": {"uv": [16, 12, 1.5, 16], "texture": "#4"},
				"south": {"uv": [0, 0, 1, 1], "texture": "#4"},
				"west": {"uv": [1, 12, 16, 16], "texture": "#4"},
				"up": {"uv": [1, 12, 16, 16], "texture": "#4"},
				"down": {"uv": [0, 0, 1, 0.5], "texture": "#4"}
			}
		},
		{
			"from": [6.5, 8.25, 7],
			"to": [7, 8.75, 8],
			"faces": {
				"north": {"uv": [1, 12, 16, 16], "texture": "#4"},
				"east": {"uv": [0, 0, 1, 1], "texture": "#4"},
				"south": {"uv": [1, 12, 16, 16], "texture": "#4"},
				"west": {"uv": [1, 12, 16, 16], "texture": "#4"},
				"up": {"uv": [1, 12, 16, 16], "texture": "#4"},
				"down": {"uv": [0, 0, 0.5, 1], "texture": "#4"}
			}
		},
		{
			"from": [9.5, 11, 9],
			"to": [10, 11.5, 9.5],
			"faces": {
				"north": {"uv": [1, 13, 16, 16], "texture": "#4"},
				"east": {"uv": [1, 13, 16, 16], "texture": "#4"},
				"south": {"uv": [1, 13, 16, 16], "texture": "#4"},
				"west": {"uv": [1, 13, 16, 16], "texture": "#4"},
				"up": {"uv": [1, 13, 16, 16], "texture": "#4"},
				"down": {"uv": [0, 0, 1, 0.5], "texture": "#4"}
			}
		},
		{
			"from": [8, 9.25, 7],
			"to": [8.5, 10.5, 8],
			"faces": {
				"north": {"uv": [1, 12, 16, 16], "texture": "#0"},
				"east": {"uv": [1, 12, 16, 16], "texture": "#0"},
				"south": {"uv": [1, 12, 16, 16], "texture": "#0"},
				"west": {"uv": [0, 0, 1, 1], "texture": "#0"},
				"up": {"uv": [1, 12, 16, 16], "texture": "#0"},
				"down": {"uv": [0, 0, 0.5, 1], "texture": "#0"}
			}
		},
		{
			"from": [7, 9.25, 6.5],
			"to": [8, 10.5, 7],
			"faces": {
				"north": {"uv": [1, 12, 16, 16], "texture": "#0"},
				"east": {"uv": [16, 12, 1.5, 16], "texture": "#0"},
				"south": {"uv": [0, 0, 1, 1], "texture": "#0"},
				"west": {"uv": [1, 12, 16, 16], "texture": "#0"},
				"up": {"uv": [1, 12, 16, 16], "texture": "#0"},
				"down": {"uv": [0, 0, 1, 0.5], "texture": "#0"}
			}
		},
		{
			"from": [6.5, 9.25, 7],
			"to": [7, 10.5, 8],
			"faces": {
				"north": {"uv": [1, 12, 16, 16], "texture": "#0"},
				"east": {"uv": [0, 0, 1, 1], "texture": "#0"},
				"south": {"uv": [1, 12, 16, 16], "texture": "#0"},
				"west": {"uv": [1, 12, 16, 16], "texture": "#0"},
				"up": {"uv": [1, 12, 16, 16], "texture": "#0"},
				"down": {"uv": [0, 0, 0.5, 1], "texture": "#0"}
			}
		},
		{
			"from": [9.5, 12, 9],
			"to": [10, 13, 9.5],
			"faces": {
				"north": {"uv": [1, 13, 16, 16], "texture": "#0"},
				"east": {"uv": [1, 13, 16, 16], "texture": "#0"},
				"south": {"uv": [1, 13, 16, 16], "texture": "#0"},
				"west": {"uv": [1, 13, 16, 16], "texture": "#0"},
				"up": {"uv": [1, 13, 16, 16], "texture": "#0"},
				"down": {"uv": [0, 0, 1, 0.5], "texture": "#0"}
			}
		},
		{
			"from": [7, 9.25, 8],
			"to": [8, 10.5, 8.5],
			"faces": {
				"north": {"uv": [1, 13, 16, 16], "texture": "#0"},
				"east": {"uv": [1, 13, 16, 16], "texture": "#0"},
				"south": {"uv": [1, 13, 16, 16], "texture": "#0"},
				"west": {"uv": [1, 13, 16, 16], "texture": "#0"},
				"up": {"uv": [1, 13, 16, 16], "texture": "#0"},
				"down": {"uv": [0, 0, 1, 0.5], "texture": "#0"}
			}
		}
	],
	"display": {
		"thirdperson_righthand": {
			"translation": [0.5, 7.75, 0]
		},
		"thirdperson_lefthand": {
			"translation": [0.5, 7.75, 0]
		},
		"firstperson_righthand": {
			"rotation": [-10, 0, 0],
			"translation": [0, 1.5, 0]
		},
		"firstperson_lefthand": {
			"rotation": [-10, 0, 0],
			"translation": [0, 1.5, 0]
		},
		"ground": {
			"translation": [0, 8, 0]
		},
		"gui": {
			"rotation": [0, 0, 48],
			"translation": [-1.5, 1.5, 0],
			"scale": [0.77, 0.76, 1]
		},
		"head": {
			"translation": [0, 20, 0]
		},
		"fixed": {
			"rotation": [0, 0, -48],
			"translation": [1.5, 0.25, 0],
			"scale": [0.77, 0.76, 1]
		}
	},
	"groups": [
		{
			"name": "cuerpo",
			"origin": [0, 0, 0],
			"color": 0,
			"children": [0, 1, 2, 3]
		},
		{
			"name": "runa",
			"origin": [0, 0, 0],
			"color": 0,
			"children": [4, 5, 6, 7, 8, 9, 10, 11, 12, 13, 14, 15, 16, 17, 18]
		},
		19,
		20,
		21,
		22,
		23,
		24,
		25,
		{
			"name": "URNA",
			"origin": [0, 0, 0],
			"color": 0,
			"children": [26, 27, 28, 29, 30, 31, 32, 33, 34, 35, 36]
		},
		{
			"name": "URNA",
			"origin": [0, 0, 0],
			"color": 0,
			"children": [37, 38, 39, 40, 41, 42, 43, 44, 45, 46, 47, 48, 49, 50, 51, 52]
		},
		53,
		54,
		55,
		56,
		57
	]
}